result_no	generate_no	before_result_no	before_generate_no	party_no	enemy_id	member_num	is_boss	
20	0	100_0
20	0	100_1
20	0	100_2
20	0	100_3
20	0	100_4
20	0	101_0
20	0	101_1
20	0	101_2
20	0	101_3
20	0	101_4
20	0	102_0
20	0	102_1
20	0	102_2
20	0	102_3
20	0	102_4
20	0	103_0
20	0	103_1
20	0	103_2
20	0	103_3
20	0	103_4
20	0	104_0
20	0	104_1
20	0	104_2
20	0	104_3
20	0	104_4
20	0	105_0
20	0	105_1
20	0	105_2
20	0	105_3
20	0	105_4
20	0	106_0
20	0	106_1
20	0	106_2
20	0	106_3
20	0	106_4
20	0	107_0
20	0	107_1
20	0	107_2
20	0	107_3
20	0	107_4
20	0	108_0
20	0	108_1
20	0	108_2
20	0	108_3
20	0	108_4
20	0	109_0
20	0	109_1
20	0	109_2
20	0	109_3
20	0	109_4
20	0	110_0
20	0	110_1
20	0	110_2
20	0	110_3
20	0	110_4
20	0	111_0
20	0	111_1
20	0	111_2
20	0	111_3
20	0	111_4
20	0	112_0
20	0	112_1
20	0	112_2
20	0	112_3
20	0	112_4
20	0	113_0
20	0	113_1
20	0	113_2
20	0	113_3
20	0	113_4
20	0	114_0
20	0	114_1
20	0	114_2
20	0	114_3
20	0	114_4
20	0	115_0
20	0	115_1
20	0	115_2
20	0	115_3
20	0	115_4
20	0	116_0
20	0	116_1
20	0	116_2
20	0	116_3
20	0	116_4
20	0	117_0
20	0	117_1
20	0	117_2
20	0	117_3
20	0	117_4
20	0	118_0
20	0	118_1
20	0	118_2
20	0	118_3
20	0	118_4
20	0	127_0
20	0	127_1
20	0	127_2
20	0	127_3
20	0	127_4
20	0	128_0
20	0	128_1
20	0	128_2
20	0	128_3
20	0	128_4
20	0	130_0
20	0	130_1
20	0	130_2
20	0	130_3
20	0	130_4
20	0	131_0
20	0	131_1
20	0	131_2
20	0	131_3
20	0	131_4
20	0	132_0
20	0	132_1
20	0	132_2
20	0	132_3
20	0	132_4
20	0	133_0
20	0	133_1
20	0	133_2
20	0	133_3
20	0	133_4
20	0	134_0
20	0	134_1
20	0	134_2
20	0	134_3
20	0	134_4
20	0	135_0
20	0	135_1
20	0	135_2
20	0	135_3
20	0	135_4
20	0	136_0
20	0	136_1
20	0	136_2
20	0	136_3
20	0	136_4
20	0	136_7
20	0	137_0
20	0	137_1
20	0	137_2
20	0	137_3
20	0	137_4
20	0	147_0
20	0	147_1
20	0	147_2
20	0	147_3
20	0	147_4
20	0	148_0
20	0	148_1
20	0	148_2
20	0	148_3
20	0	148_4
20	0	149_0
20	0	149_1
20	0	149_2
20	0	149_3
20	0	149_4
20	0	150_0
20	0	150_1
20	0	150_2
20	0	150_3
20	0	150_4
20	0	151_0
20	0	151_1
20	0	151_2
20	0	151_3
20	0	151_4
20	0	152_0
20	0	152_1
20	0	152_2
20	0	152_3
20	0	152_4
20	0	160_0
20	0	160_1
20	0	160_3
20	0	160_4
20	0	161_0
20	0	161_3
20	0	161_4
20	0	162_0
20	0	162_3
20	0	162_4
20	0	163_0
20	0	163_1
20	0	163_2
20	0	163_3
20	0	163_4
20	0	164_0
20	0	164_1
20	0	164_2
20	0	164_3
20	0	164_4
20	0	165_0
20	0	165_1
20	0	165_2
20	0	165_3
20	0	165_4
20	0	209_0
20	0	209_1
20	0	209_2
20	0	209_3
20	0	209_4
20	0	209_5
20	0	209_8
20	0	210_0
20	0	210_1
20	0	210_2
20	0	210_3
20	0	210_4
20	0	210_5
20	0	210_8
20	0	212_0
20	0	212_1
20	0	212_2
20	0	212_3
20	0	212_4
20	0	213_0
20	0	213_1
20	0	213_2
20	0	213_3
20	0	213_4
20	0	213_7
20	0	214_0
20	0	214_1
20	0	214_2
20	0	214_3
20	0	214_4
20	0	215_0
20	0	215_1
20	0	215_2
20	0	215_3
20	0	215_4
20	0	216_0
20	0	216_1
20	0	216_2
20	0	216_3
20	0	216_4
20	0	216_8
20	0	217_0
20	0	217_1
20	0	217_2
20	0	217_3
20	0	217_4
20	0	218_0
20	0	218_1
20	0	218_2
20	0	218_3
20	0	218_4
20	0	219_0
20	0	219_1
20	0	219_2
20	0	219_3
20	0	219_4
20	0	220_0
20	0	220_1
20	0	220_2
20	0	220_3
20	0	220_4
20	0	225_0
20	0	225_1
20	0	225_2
20	0	225_3
20	0	225_4
20	0	226_0
20	0	226_1
20	0	226_2
20	0	226_3
20	0	226_4
20	0	227_0
20	0	227_1
20	0	227_2
20	0	227_3
20	0	227_4
20	0	227_7
20	0	228_0
20	0	228_1
20	0	228_2
20	0	228_3
20	0	228_4
20	0	228_7
20	0	229_0
20	0	229_1
20	0	229_2
20	0	229_3
20	0	229_4
20	0	230_0
20	0	230_1
20	0	230_2
20	0	230_3
20	0	230_4
20	0	231_0
20	0	231_1
20	0	231_2
20	0	231_3
20	0	231_4
20	0	232_0
20	0	232_1
20	0	232_2
20	0	232_3
20	0	232_4
20	0	233_0
20	0	233_1
20	0	233_2
20	0	233_3
20	0	233_4
20	0	233_8
20	0	234_0
20	0	234_1
20	0	234_2
20	0	234_3
20	0	234_4
20	0	252_0
20	0	252_1
20	0	252_2
20	0	252_3
20	0	252_4
20	0	253_0
20	0	253_1
20	0	253_2
20	0	253_3
20	0	253_4
20	0	254_0
20	0	254_1
20	0	254_2
20	0	254_3
20	0	254_4
20	0	255_0
20	0	255_1
20	0	255_2
20	0	255_3
20	0	255_4
20	0	256_0
20	0	256_1
20	0	256_2
20	0	256_3
20	0	256_4
20	0	257_0
20	0	257_1
20	0	257_2
20	0	257_3
20	0	257_4
20	0	258_0
20	0	258_1
20	0	258_2
20	0	258_3
20	0	258_4
20	0	259_0
20	0	259_1
20	0	259_2
20	0	259_3
20	0	259_4
20	0	260_0
20	0	260_1
20	0	260_2
20	0	260_3
20	0	260_4
20	0	260_8
20	0	261_0
20	0	261_1
20	0	261_2
20	0	261_3
20	0	261_4
20	0	268_0
20	0	268_1
20	0	268_2
20	0	268_3
20	0	268_4
20	0	269_0
20	0	269_1
20	0	269_2
20	0	269_3
20	0	269_4
20	0	270_0
20	0	270_1
20	0	270_2
20	0	270_3
20	0	270_4
20	0	271_0
20	0	271_1
20	0	271_2
20	0	271_3
20	0	271_4
20	0	272_0
20	0	272_1
20	0	272_2
20	0	272_3
20	0	272_4
20	0	274_0
20	0	274_1
20	0	274_2
20	0	274_3
20	0	274_4
20	0	275_0
20	0	275_1
20	0	284_0
20	0	284_1
20	0	284_2
20	0	284_3
20	0	284_4
20	0	285_0
20	0	285_1
20	0	285_2
20	0	285_3
20	0	285_4
20	0	286_0
20	0	286_1
20	0	286_2
20	0	286_3
20	0	286_4
20	0	287_0
20	0	287_1
20	0	288_0
20	0	288_1
20	0	288_2
20	0	288_3
20	0	288_4
20	0	289_0
20	0	289_1
20	0	289_2
20	0	289_3
20	0	289_4
20	0	290_0
20	0	290_1
20	0	290_2
20	0	290_3
20	0	290_4
20	0	291_0
20	0	291_1
20	0	292_0
20	0	292_1
20	0	305_0
20	0	305_1
20	0	305_2
20	0	305_3
20	0	305_4
20	0	306_0
20	0	306_1
20	0	306_2
20	0	306_3
20	0	306_4
20	0	307_0
20	0	307_1
20	0	307_2
20	0	307_3
20	0	307_4
20	0	308_0
20	0	308_1
20	0	308_2
20	0	308_3
20	0	308_4
20	0	309_0
20	0	309_1
20	0	309_2
20	0	309_3
20	0	309_4
20	0	310_0
20	0	310_1
20	0	310_2
20	0	310_3
20	0	310_4
20	0	310_7
20	0	310_8
20	0	311_0
20	0	311_1
20	0	312_0
20	0	312_1
20	0	312_2
20	0	312_3
20	0	312_4
20	0	312_8
20	0	327_0
20	0	327_1
20	0	327_2
20	0	327_3
20	0	327_4
20	0	327_8
20	0	328_0
20	0	328_1
20	0	328_2
20	0	328_3
20	0	328_4
20	0	328_8
20	0	329_0
20	0	329_1
20	0	329_2
20	0	329_3
20	0	329_4
20	0	329_8
20	0	330_0
20	0	330_1
20	0	330_2
20	0	330_3
20	0	330_4
20	0	330_8
20	0	331_0
20	0	331_1
20	0	331_2
20	0	331_3
20	0	331_4
20	0	331_8
20	0	333_0
20	0	333_1
20	0	333_2
20	0	333_3
20	0	333_4
20	0	334_0
20	0	334_1
20	0	334_2
20	0	334_3
20	0	334_4
20	0	335_0
20	0	335_1
20	0	336_0
20	0	336_1
20	0	336_2
20	0	336_3
20	0	336_4
20	0	337_0
20	0	337_1
20	0	338_0
20	0	338_1
20	0	338_2
20	0	338_3
20	0	338_4
20	0	338_8
20	0	339_0
20	0	339_1
20	0	339_2
20	0	339_3
20	0	339_4
20	0	343_0
20	0	343_1
20	0	343_2
20	0	343_3
20	0	343_4
20	0	343_8
20	0	344_0
20	0	344_1
20	0	345_0
20	0	345_1
20	0	345_2
20	0	345_3
20	0	345_4
20	0	346_0
20	0	346_1
20	0	346_2
20	0	346_3
20	0	346_4
20	0	346_7
20	0	346_8
20	0	347_0
20	0	347_1
20	0	348_0
20	0	348_1
20	0	348_2
20	0	348_3
20	0	348_4
20	0	348_8
20	0	349_0
20	0	349_1
20	0	349_2
20	0	349_3
20	0	349_4
20	0	349_8
20	0	350_0
20	0	350_1
20	0	350_2
20	0	350_3
20	0	350_4
20	0	350_7
20	0	350_8
20	0	351_0
20	0	351_1
20	0	351_2
20	0	351_3
20	0	351_4
20	0	351_7
20	0	351_8
20	0	352_0
20	0	352_1
20	0	352_2
20	0	352_3
20	0	352_4
20	0	353_0
20	0	353_1
20	0	353_2
20	0	353_3
20	0	353_4
20	0	353_8
20	0	357_0
20	0	357_1
20	0	357_2
20	0	357_3
20	0	357_4
20	0	358_0
20	0	358_1
20	0	358_2
20	0	358_3
20	0	358_4
20	0	358_8
20	0	359_0
20	0	359_1
20	0	359_2
20	0	359_3
20	0	359_4
20	0	359_8
20	0	360_0
20	0	360_1
20	0	360_2
20	0	360_3
20	0	360_4
20	0	360_8
20	0	361_0
20	0	361_1
20	0	361_2
20	0	361_3
20	0	361_4
20	0	361_8
20	0	362_0
20	0	362_1
20	0	362_2
20	0	362_3
20	0	362_4
20	0	362_8
20	0	363_0
20	0	363_1
20	0	363_2
20	0	363_3
20	0	363_4
20	0	364_0
20	0	364_1
20	0	365_0
20	0	365_1
20	0	365_2
20	0	365_3
20	0	365_4
20	0	366_0
20	0	366_3
20	0	366_4
20	0	369_0
20	0	369_6
20	0	371_0
20	0	371_1
20	0	371_2
20	0	371_3
20	0	371_4
20	0	371_8
20	0	372_0
20	0	372_1
20	0	372_4
20	0	373_0
20	0	373_1
20	0	373_4
20	0	375_0
20	0	375_1
20	0	375_2
20	0	375_3
20	0	375_4
20	0	375_8
20	0	376_0
20	0	376_1
20	0	376_2
20	0	376_3
20	0	376_4
20	0	377_0
20	0	377_1
20	0	378_0
20	0	378_3
20	0	378_4
20	0	379_0
20	0	379_3
20	0	379_4
20	0	381_0
20	0	381_2
20	0	381_4
20	0	381_8
20	0	383_0
20	0	383_1
20	0	383_2
20	0	383_3
20	0	383_4
20	0	392_0
20	0	392_1
20	0	392_2
20	0	392_3
20	0	392_4
20	0	393_0
20	0	393_1
20	0	393_2
20	0	393_3
20	0	393_4
20	0	393_8
20	0	394_0
20	0	394_1
20	0	394_2
20	0	394_3
20	0	394_4
20	0	394_8
20	0	401_0
20	0	401_1
20	0	401_2
20	0	401_3
20	0	401_4
20	0	402_0
20	0	402_1
20	0	402_2
20	0	402_3
20	0	402_4
20	0	403_0
20	0	403_1
20	0	403_2
20	0	403_3
20	0	403_4
20	0	404_0
20	0	404_1
20	0	404_2
20	0	404_3
20	0	404_4
20	0	405_0
20	0	405_1
20	0	405_2
20	0	405_3
20	0	405_4
20	0	406_0
20	0	406_1
20	0	406_2
20	0	406_3
20	0	406_4
20	0	407_0
20	0	407_1
20	0	407_2
20	0	407_3
20	0	407_4
20	0	408_0
20	0	408_1
20	0	408_2
20	0	408_3
20	0	408_4
20	0	409_0
20	0	409_1
20	0	409_2
20	0	409_3
20	0	409_4
20	0	410_0
20	0	410_1
20	0	410_2
20	0	410_3
20	0	410_4
20	0	411_0
20	0	411_1
20	0	412_0
20	0	412_1
20	0	413_0
20	0	413_1
20	0	414_0
20	0	414_1
20	0	414_2
20	0	414_3
20	0	414_4
20	0	414_8
20	0	427_0
20	0	427_1
20	0	427_2
20	0	427_3
20	0	427_4
20	0	428_0
20	0	428_1
20	0	428_2
20	0	428_3
20	0	428_4
20	0	429_0
20	0	429_2
20	0	429_3
20	0	429_4
20	0	429_8
20	0	430_0
20	0	430_2
20	0	430_3
20	0	430_4
20	0	440_0
20	0	440_1
20	0	440_2
20	0	440_3
20	0	440_4
20	0	440_8
20	0	441_0
20	0	441_1
20	0	441_2
20	0	441_3
20	0	441_4
20	0	442_0
20	0	442_3
20	0	442_4
20	0	443_0
20	0	443_3
20	0	443_4
20	0	444_0
20	0	444_1
20	0	444_2
20	0	444_3
20	0	444_4
20	0	444_8
20	0	445_0
20	0	445_3
20	0	446_0
20	0	446_2
20	0	446_3
20	0	446_4
20	0	456_0
20	0	456_2
20	0	456_4
20	0	457_0
20	0	457_3
20	0	457_4
20	0	459_0
20	0	459_8
20	0	460_0
20	0	460_8
20	0	461_0
20	0	461_2
20	0	461_8
20	0	462_0
20	0	462_3
20	0	462_4
20	0	463_0
20	0	463_1
20	0	463_4
20	0	91_0
20	0	91_1
20	0	96_0
20	0	96_1
20	0	96_2
20	0	96_3
20	0	96_4
20	0	97_0
20	0	97_1
20	0	97_2
20	0	97_3
20	0	97_4
20	0	99_0
20	0	99_1
20	0	99_2
20	0	99_3
20	0	99_4
