result_no	generate_no	name	
6	0	ねばねば
6	0	ひげ
6	0	サバスの霊薬
6	0	ラルフ鉱
6	0	ルリアンナ材
6	0	ロードナイト
6	0	丸石
6	0	仙人掌
6	0	妙な液体
6	0	小さな爪
6	0	小さな牙
6	0	小骨
6	0	山査子
6	0	巻貝
6	0	平石
6	0	微妙な物体
6	0	杉
6	0	松
6	0	柳
6	0	棘
6	0	椰子
6	0	椰子の実
6	0	椿
6	0	歩かない雑草
6	0	毒針
6	0	毛皮
6	0	無花果
6	0	牙
6	0	琥珀金貨
6	0	甲殻
6	0	白樺
6	0	白砂
6	0	石英
6	0	竹
6	0	美味しくない草
6	0	羽根
6	0	茴香
6	0	蒲公英
6	0	藁網
6	0	蛍石
6	0	触手
6	0	豚骨
6	0	金羊毛
6	0	針
6	0	露草
6	0	青銅
6	0	韮
6	0	頭蓋骨
6	0	馬毛
6	0	駄木
6	0	駄石
6	0	骨
6	0	骰子
6	0	魔法石の欠片
6	0	魚鱗
6	0	鱗
6	0	鱗粉
6	0	黄鉄鋼
