result_no	generate_no	name	
50	0	いい食器
50	0	いがぐり
50	0	くちばし
50	0	しっぽ
50	0	すごいねばねば
50	0	すごい角
50	0	ねばねば
50	0	ひげ
50	0	めのう
50	0	アクアオーラ
50	0	アクアマリン
50	0	アダム鉱
50	0	アデニウム
50	0	アルビジア
50	0	アルミニウム
50	0	アルミ缶
50	0	アレキサンドライト
50	0	アロエ
50	0	アンゼリカ
50	0	ウォルナット
50	0	エキナセア
50	0	エメラルド
50	0	エンジェルシリカ
50	0	オジギソウ
50	0	カカオ
50	0	ガラス瓶
50	0	ガーネット
50	0	クモの巣
50	0	グリーンハート
50	0	ココボロ
50	0	コスモス
50	0	ゴムの木
50	0	ゴールデンクローバー
50	0	サバスの霊薬
50	0	サファイア
50	0	サーモンパール
50	0	シャムロック
50	0	シュガーメイプル
50	0	シルバニア鉱
50	0	シルバークローバー
50	0	ジギタリス
50	0	ジャイアントナズナ
50	0	ジンカイト
50	0	スチール缶
50	0	ステンドグラス
50	0	スーパー赤樫
50	0	チョコレート石
50	0	ツルツル石
50	0	トカゲのしっぽ
50	0	トカゲの鱗
50	0	バナナ
50	0	バナナ合金
50	0	バルサ
50	0	バロックパール
50	0	パイライト
50	0	パウアマレロ
50	0	パンダの置物
50	0	パンダ石
50	0	パンドラの花
50	0	パープルハート
50	0	ビスマス鉱
50	0	ビニール袋
50	0	ピンクローズ
50	0	ファイアークォーツ
50	0	ブラックダイアモンド
50	0	ブラッドウッド
50	0	プラチナ
50	0	プロメテウスの火
50	0	ヘッドルーツ
50	0	ペットボトル
50	0	ホワイトアッシュ
50	0	ポプラ
50	0	マグノリア
50	0	マングローブ
50	0	ミント
50	0	モウェイ像
50	0	ヤマユリ
50	0	ラルフ鉱
50	0	ランタン竹
50	0	リビングプラント
50	0	ルビー
50	0	ルベライト
50	0	ルリアンナ材
50	0	レモンバーム
50	0	レモン石
50	0	ロインクロス
50	0	ロケット花火
50	0	ローズウッド
50	0	ローズマリー
50	0	ロードナイト
50	0	ワイングラス
50	0	一斗缶
50	0	七色甲殻
50	0	不思議な花
50	0	世界樹の欠片
50	0	丸石
50	0	乙女の涙
50	0	五尺玉
50	0	亜麻
50	0	人形の一部
50	0	人面石
50	0	仙人掌
50	0	仙人掌岩
50	0	仙桃
50	0	光水晶
50	0	八手
50	0	公孫樹
50	0	六芒星
50	0	割り箸
50	0	割れた魔法石
50	0	化石
50	0	化石ラジオ
50	0	千切れた包帯
50	0	千切れた投網
50	0	卓袱台
50	0	南天
50	0	吸血石
50	0	咆哮石
50	0	地水晶
50	0	壊れた仮面
50	0	大きな爪
50	0	大きな牙
50	0	大流木
50	0	大理石
50	0	大理石の欠片
50	0	大舟虫
50	0	大蒜
50	0	大鬼蓮
50	0	天女の衣
50	0	天藍石
50	0	奇妙な水晶像
50	0	妙な液体
50	0	宝石の欠片
50	0	小さな水晶像
50	0	小さな爪
50	0	小さな牙
50	0	小駄木
50	0	小駄石
50	0	小骨
50	0	山査子
50	0	巨大な牙
50	0	巨大な骨
50	0	巨大丸太
50	0	巨大髑髏
50	0	巨獣の骨
50	0	巻貝
50	0	干乾びたクラゲ
50	0	干乾びた海鼠
50	0	平石
50	0	彼岸花
50	0	微妙な物体
50	0	怨恨晶
50	0	手摺
50	0	抗力岩
50	0	方解石
50	0	星の砂
50	0	星の雫
50	0	曙杉
50	0	月の雫
50	0	月桂樹
50	0	木彫りの熊
50	0	木簡
50	0	木綿鬘
50	0	朱理桜
50	0	朴
50	0	杉
50	0	松
50	0	林檎
50	0	枝豆
50	0	柊
50	0	柚子
50	0	柳
50	0	桃
50	0	桜貝
50	0	棘
50	0	椅子
50	0	椰子
50	0	椰子の実
50	0	椿
50	0	楊梅
50	0	楓
50	0	楔石
50	0	榊
50	0	樅
50	0	樫
50	0	橘
50	0	檳榔樹
50	0	欅
50	0	欠けた水晶像
50	0	歩かない雑草
50	0	毒棘
50	0	毒液
50	0	毒針
50	0	毒鉄鉱
50	0	毛皮
50	0	水晶の花
50	0	水晶竹
50	0	水鳥の羽根
50	0	氷水晶
50	0	永久蝋燭
50	0	沙棗
50	0	河童の皿
50	0	法螺貝
50	0	泰山木
50	0	流木
50	0	流血の壺
50	0	海栗の殻
50	0	海獣の尾
50	0	潮片石
50	0	火打石の欠片
50	0	炎水晶
50	0	烏賊の背骨
50	0	無花果
50	0	煉瓦
50	0	熱岩
50	0	熱石
50	0	燃え糞
50	0	燐灰石
50	0	爪
50	0	牙
50	0	珊瑚
50	0	琥珀金貨
50	0	瑠璃
50	0	甲殻
50	0	異極鉱
50	0	白樫
50	0	白樺
50	0	白檀
50	0	白砂
50	0	直閃石
50	0	真珠
50	0	石英
50	0	石鏃
50	0	石鹸
50	0	砂金
50	0	砥石
50	0	磨珠
50	0	磯巾着
50	0	神々しいドロドロ
50	0	神海水
50	0	立派な毛皮
50	0	竜の鱗
50	0	竜骨
50	0	竹
50	0	粘土
50	0	糠
50	0	紅石英
50	0	紅葉
50	0	紅蓮華
50	0	紫檀
50	0	網平茸
50	0	緑色のドロドロ
50	0	繭
50	0	羊歯
50	0	美しい水晶像
50	0	美しい翼
50	0	美味しくない草
50	0	羽根
50	0	翡翠
50	0	茴香
50	0	菫
50	0	葵
50	0	蒲
50	0	蒲公英
50	0	蒼蓮華
50	0	蓮
50	0	蕃茘枝
50	0	藁網
50	0	虹の欠片
50	0	虹の花
50	0	虹色石
50	0	虹色貝
50	0	蛇の抜殻
50	0	蛇の鱗
50	0	蛍石
50	0	蛙の卵
50	0	蛸壺
50	0	蟹の殻
50	0	蟻通
50	0	血塗られた蟹
50	0	角
50	0	角材
50	0	角笛
50	0	触手
50	0	豆の木
50	0	豊穣石
50	0	豚骨
50	0	象牙
50	0	赤樫
50	0	赤毛樹
50	0	軍旗
50	0	軽石
50	0	輝く角
50	0	轟石
50	0	逃げ水の雫
50	0	透明なドロドロ
50	0	透石膏
50	0	透輝石
50	0	金のたくあん
50	0	金の延べ棒
50	0	金の欠片
50	0	金の貝殻
50	0	金塊
50	0	金毛樹
50	0	金珠
50	0	金羊毛
50	0	金色のドロドロ
50	0	針
50	0	鈴蘭
50	0	鉄の短靴
50	0	鉋屑
50	0	銀の十字架
50	0	銀の鎖
50	0	銀塊
50	0	銀鳩のヒカリグソ
50	0	銅
50	0	鋭い針
50	0	鋳鉄
50	0	鋼玉
50	0	錻力
50	0	鏡の欠片
50	0	闇の石
50	0	闇水晶
50	0	陽炎石
50	0	雫石
50	0	雲雀岩
50	0	露草
50	0	青い宝石
50	0	青銅
50	0	韮
50	0	音響石
50	0	頭蓋骨
50	0	風の石
50	0	風呼びの貝
50	0	風水晶
50	0	風穴石
50	0	飛竜の牙
50	0	香炉
50	0	馬のフン
50	0	馬毛
50	0	馬銜
50	0	駄木
50	0	駄石
50	0	骨
50	0	骰子
50	0	髑髏
50	0	魔法石
50	0	魔法石の欠片
50	0	魔鉄鉱
50	0	魚鱗
50	0	鱗
50	0	鱗粉
50	0	鳳仙花
50	0	黄楊
50	0	黄色のドロドロ
50	0	黄金椰子
50	0	黄金樹の欠片
50	0	黄金韮
50	0	黄鉄鋼
50	0	黒いやつ
50	0	黒十字
50	0	黒曜石
50	0	黒曜花
50	0	黒檀
50	0	黒王石
50	0	黒真珠
50	0	黒色火薬
50	0	龍石
