skill_id	name	embryo_id	is_physics	lv	sp	gift_id	gp	
0	 	0	0	0	0	 
1	カース	190	1	5	50	960	3
2	ヴァイパー	190	1	10	60	961	3
3	ブレイク	189	1	5	30	956	3
4	フェアウィンド	199	1	5	70	969	3
5	クイック	199	1	10	30	988	3
6	アクアレイド	354	1	5	40	1068	6
7	ヒール	203	0	5	50	1013	3
8	プロテクション	203	0	10	50	964	3
9	タックル	254	1	5	20	971	3
10	ストーンブラスト	227	0	5	80	1023	3
11	レジスト	227	0	10	60	1077	3
12	ティンダー	220	0	5	50	995	3
13	フェアリーギフト	191	1	5	10	1104	6
14	ピンポイント	191	1	10	60	964	3
15	アジリティ	311	0	5	60	1082	3
16	ヘッドロック	227	1	5	60	1044	3
17	ストライキング	227	1	10	60	1100	3
18	ハッシュ	311	1	5	30	961	3
19	ビーストファング	311	1	10	60	994	3
20	ディム	276	1	5	20	1153	3
21	ウィークネス	276	1	10	50	992	3
22	ファイアブラスト	220	0	10	60	1220	3
23	スパーク	214	0	5	40	1031	3
24	メイズ	191	0	5	40	960	3
25	アラドファル	191	0	10	70	1166	3
26	パラライズ	220	1	5	30	996	3
27	シャイン	214	1	5	30	1162	3
28	ワイルドファイア	214	1	10	30	1013	3
29	ブレス	203	1	5	30	1035	3
30	パニッシュ	203	1	10	50	1024	3
31	エキサイト	254	1	10	40	1100	3
32	ウィンドカッター	199	0	5	50	1068	6
33	エアスライサー	199	0	10	70	1098	3
34	チャーム	189	0	5	10	1082	3
35	ウーンズ	189	0	10	40	960	3
36	ボロウライフ	190	0	5	60	1082	3
37	ブラックアウト	190	0	10	40	1013	3
38	レッドショック	220	1	10	60	1055	3
39	インパクト	311	0	10	40	994	3
40	ホーリーライト	214	0	10	60	1013	3
41	スプラッシュ	354	0	5	50	1024	3
42	ダークネス	276	0	5	30	1153	3
43	ムーンレスナイト	276	0	10	60	1032	3
44	ミネラルウォーター	354	1	10	50	1021	3
45	フェイントアタック	189	1	10	40	994	3
46	ミサイル	254	0	5	20	1020	3
47	アクアストリーム	354	0	10	60	1018	3
48	シェルファイア	254	0	10	50	971	3
49	イリュージョン	191	1	15	80	998	3
50	ひっかき	235	1	5	50	994	3
51	リストレイン	203	0	15	0	1014	3
52	ホールド	235	0	5	50	983	3
53	クラック	227	0	15	90	967	3
54	ソニックゲイル	199	1	15	100	1120	3
55	ヴァーグ	210	1	5	50	964	3
56	ヒット＆アウェイ	311	1	15	50	989	6
57	ブラックアサルト	276	1	15	110	1013	3
58	リジェネレイト	203	1	15	70	983	3
59	パワーチャージ	254	1	15	20	1023	3
60	スコーピオン	189	0	15	80	1068	6
61	マジカルタイド	210	0	5	80	1013	3
62	バインディング	190	0	15	100	1049	3
63	ウォークライ	311	0	15	120	1088	6
64	オーバーヒート	220	1	15	80	1056	3
65	クラッシャー	227	1	15	70	1084	3
66	デスペレイトタックル	351	1	5	10	1023	3
67	フェアリーサークル	191	0	15	10	1036	3
68	イビルウェポン	190	1	15	70	1062	6
69	スナッチマインド	276	0	15	0	1064	3
70	ウォーターフォール	354	1	15	80	1157	3
71	アッチェレランド	189	1	15	0	970	3
72	ショックウェイブ	199	0	15	110	994	3
73	リトルレインボー	354	0	15	120	1159	3
74	ワンダーブレス	351	0	5	50	1122	6
75	エレクトリックショック	214	0	15	50	1218	3
76	ライトニング	214	1	15	90	994	3
77	マジックチャージ	254	0	15	20	1157	3
78	ルーペス	372	0	5	100	1032	3
79	ファイアボール	220	0	15	110	1032	3
80	レスト	235	0	10	60	1159	3
81	スリープ	265	0	5	70	992	3
82	ビーストロア	222	1	5	60	1055	3
83	フォーチュン	235	1	10	80	958	3
84	ヴォルテクス	210	1	10	120	992	3
85	ソニックアサルト	222	1	10	80	1062	6
86	イリデセントライト	210	0	10	120	1020	3
87	キーンウィンド	316	0	5	50	983	3
88	トリック	316	1	5	40	983	3
89	エンシェントビーム	351	0	10	80	1153	3
90	プレリュード	271	0	5	60	1031	3
91	リカバリー	203	0	20	100	992	3
92	パルース	372	0	10	100	964	3
93	ストロングホールド	254	1	20	100	967	3
94	レグルス	214	1	20	0	1192	3
95	ウィークポイント	189	1	20	30	958	3
96	ドーズ	265	0	10	80	1088	6
97	エンシェントフォール	351	1	10	60	1224	3
98	エチュード	271	1	5	50	992	3
99	レックレスチャージ	220	1	20	60	1043	3
100	ペインカース	190	1	20	80	962	6
101	ディバインウィンド	199	1	20	150	989	6
102	カーネリアン	227	0	20	120	992	3
103	バーニング	220	0	20	50	1128	3
104	クランマラン	210	1	15	150	1036	3
105	ヴィクティム	276	1	20	0	1056	3
106	デストロイ	311	0	20	130	1023	3
107	ランダムブラスト	222	0	5	30	994	3
108	テリトリー	222	0	10	100	1049	3
109	ブラッディファング	222	1	15	90	965	3
110	スパイラル	316	0	10	100	991	3
111	テンポアップ	316	1	10	60	1102	3
112	バブルウォール	354	0	20	100	1060	3
113	エナジードレイン	189	0	20	110	994	3
114	ローズウィッシュ	204	0	5	30	1013	3
115	アグリローズ	204	1	5	40	958	3
116	レッドガーデン	204	1	10	120	994	3
117	リフレックス	311	1	20	80	1056	3
118	ネリチャギ	287	1	5	70	958	3
119	セレナーデ	271	0	10	90	1088	6
120	シャム	203	1	20	110	1007	3
121	アイアンウィル	227	1	20	70	971	3
122	チョークスリーパー	265	1	5	50	1059	3
123	ミラージュ	191	0	20	50	1013	3
124	ワンオンキル	276	0	20	60	1082	3
125	ロックドロップ	287	0	5	80	994	3
126	サフォケーション	210	0	15	120	1041	3
127	ジェイド	191	1	20	100	1013	3
128	テリブルタッチ	190	0	20	100	1083	3
129	フュネラルマーチ	271	1	10	120	962	6
130	コールライトニング	214	0	20	140	1001	3
131	ウィンドミル	199	0	20	120	989	6
132	マジックバリア	254	0	20	100	1014	3
133	プライアントマリー	354	1	20	90	1301	9
134	ドゥーナス	372	0	15	150	1099	3
135	キューカンバー	205	1	5	10	1062	6
136	ノクターン	271	0	15	160	992	3
137	パラライズアイ	235	1	15	10	1102	3
138	ゴートゥースリープ	265	1	10	100	960	3
139	サエズルナ	287	0	10	120	1024	3
140	バイト	372	1	5	10	1159	3
141	オニュクス	222	0	15	80	1037	3
142	カレント	205	0	5	50	971	3
143	ラビリンス	316	0	15	110	1025	3
144	キロバイト	372	1	10	20	998	3
145	ブラッドソーン	204	0	10	110	960	3
146	ハイパーウィンク	316	1	15	150	1159	3
147	アサルトクロウ	365	1	5	80	989	6
148	ヘルプサービス	355	1	5	30	992	3
149	ソバット	287	1	10	90	1041	3
150	クヴェル	205	0	10	100	992	3
151	ガスト	365	0	5	70	994	3
152	トルネード	365	0	10	130	1082	3
153	ライトニングランス	235	0	15	80	964	3
154	ストライク	355	0	5	60	991	3
155	イレイザー	276	1	25	140	959	9
156	フレイムボム	307	0	5	70	1086	6
157	ファイアブレス	307	1	5	70	995	3
158	サンダーブリッツ	214	1	25	150	1129	9
159	ドラゴンダイブ	307	1	10	90	1023	3
160	ジャッカル	189	1	25	110	959	9
161	カレイドスコープ	189	0	25	130	1119	6
162	イニシネレイト	307	0	10	100	1128	3
163	エンシェントダンス	351	0	15	120	1064	3
164	シックスセンス	311	0	25	60	1103	9
165	オーバーウェルム	254	1	25	120	1115	9
166	ヴァニッシュ	190	1	25	140	963	9
167	スリーピングデッド	265	1	15	160	1063	3
168	スレイプニル	199	1	25	140	990	9
169	ハイパーゲンコツ	227	0	25	150	1078	6
170	キラーウィンド	287	0	15	160	956	3
171	ジャイアントボディ	351	1	15	140	1162	3
172	カッパツハッチ	205	1	10	100	1021	3
173	ウール	210	1	20	200	983	3
174	ヴァイス	222	0	20	140	960	3
175	ヴェント	222	1	20	140	1063	3
176	アナザーライフ	203	0	25	120	1015	9
177	フラッド	354	1	25	160	1058	10
178	ミリタリーマーチ	271	1	15	170	1013	3
179	プロミネンス	220	1	25	160	1057	6
180	オルビスメディウス	316	0	20	180	1035	3
181	フローラルトリビュート	191	0	25	150	1119	6
182	メイアンディナ	204	0	15	130	1084	3
183	オレオール	203	1	25	160	1149	9
184	ティータイム	216	1	5	20	971	3
185	チャージアタック	260	1	5	70	991	3
186	じゃれる	235	1	20	80	1041	3
187	シツジノツトメ	216	0	5	30	1034	6
188	シューティングスター	214	0	25	100	1193	6
189	ブレッシングウィンド	241	1	5	0	994	3
190	ブラッドシェド	190	0	25	0	1066	9
191	ホーリーファウンテン	191	1	25	170	1103	9
192	クラーテル	372	0	20	200	1018	3
193	フレッシュブリーズ	241	1	10	80	1116	3
194	スイクルデス	287	1	15	120	1056	3
195	エクストリームヒート	307	0	15	150	1224	3
196	ラプソディ	271	0	20	190	1144	3
197	ブレインストーム	351	0	20	60	1036	3
198	ブレッシングレイン	354	0	25	120	1197	9
199	スタンピート	311	1	25	0	968	9
200	ブレイクダウン	227	1	25	150	968	9
201	フォレストブレッシング	260	0	5	60	1014	3
202	ツインヴォーテクス	254	0	25	120	1022	9
203	スリーピングビューティー	265	0	15	160	1166	3
204	フォーリングスター	287	0	20	160	1031	3
205	トップスピード	241	0	5	100	994	3
206	カマイタチ	199	0	25	160	1119	6
207	デレアスモス	204	1	15	120	1044	3
208	クルーエルドロシー	265	1	20	120	966	3
209	コルタドーラ	244	0	25	350	1030	9
210	マーメイドダンス	210	0	20	160	1157	3
211	ライセン	194	1	5	80	1128	3
212	メガバイト	372	1	15	30	994	3
213	ナイトメア	276	0	25	160	963	9
214	シャイニングバタフライ	260	0	10	110	1036	3
215	サンダーホーン	236	1	5	60	1024	3
216	ねこびーむ	235	0	20	100	1116	3
217	ヴィルベル	194	0	5	80	996	3
218	グラグラ	236	0	5	40	1023	3
219	カッパストリーム	205	1	15	100	971	3
220	ハリセンボン	316	1	20	150	964	3
221	セバスチャンブレイク	216	1	10	120	992	3
222	ホーリーバタフライ	260	1	10	80	992	3
223	クラウドバースト	205	0	15	160	1060	3
224	セバスチャンブラスト	216	0	10	120	1025	3
225	マジックプロテクション	255	0	5	20	1023	3
226	フクラート	241	0	10	130	989	6
227	ティエラ	372	0	25	200	963	9
228	イクスプロージョン	220	0	25	180	1186	9
229	コンセントレーション	355	0	10	0	1036	3
230	レクイエム	271	1	20	150	960	3
231	ユングフラウ	204	0	20	150	991	3
232	ユーバーファル	194	1	10	120	970	3
233	サピエンティア	260	0	15	160	991	3
234	アルミニウムボンバー	255	1	5	100	1023	3
235	フライングハイキック	287	1	20	150	1055	3
236	ねこぱんち	235	1	25	150	1103	9
237	テュルフィング	222	1	25	240	968	9
238	グラシアール	205	1	20	120	966	3
239	ミッドサマーナイトパニック	316	0	25	220	970	3
240	テラバイト	372	1	20	40	965	3
241	アイシクルファング	261	1	5	80	1055	3
242	サンダーボルト	268	1	5	120	1031	3
243	アウトバースト	236	0	10	100	994	3
244	マイクロバースト	365	1	15	140	1098	3
245	グランツ	236	1	10	80	1001	3
246	ジェントルメン	216	1	15	120	1024	3
247	アイスブラスト	261	0	5	70	1034	6
248	站椿	272	1	5	50	958	3
249	ファートルレイン	205	0	20	200	1034	6
250	ライトニングストライク	268	1	10	120	989	6
251	バーンレッド	307	1	15	120	1056	3
252	メタリックボディ	255	0	10	160	1013	3
253	瞑想	272	0	5	0	964	3
254	テリブルクロウ	281	0	5	80	1023	3
255	フェアヴェーエン	241	0	15	100	1120	3
256	テリブルバイト	281	1	5	80	956	3
257	ヴィントホーゼ	194	0	10	150	988	3
258	ゾーナトルリダ	307	0	20	200	1037	3
259	デリュージュ	210	1	25	240	1058	10
260	ラージュ	355	0	15	130	1023	3
261	スリープクラウド	265	0	20	180	1053	3
262	アブソリュート	260	1	15	120	966	3
263	アルミニウムスパイラル	255	1	10	200	1013	3
264	バーサーク	194	1	15	150	1023	3
265	ブラッディーブルーム	204	1	20	150	1084	3
266	アストゥーシア	222	0	25	200	1022	9
267	ティッチャギ	241	1	15	50	1031	3
268	サンシャイン	296	1	5	80	1024	3
269	サンダーブラスト	268	0	5	100	992	3
270	エフィアルティス	265	1	25	240	1152	9
271	フロストバイト	261	0	10	130	1122	6
272	サンダークラウド	236	0	15	170	1032	3
273	フリーズクロウ	261	1	10	80	1021	3
274	リンケージ	355	1	10	70	1013	3
275	点穴	272	1	10	80	961	3
276	ヘイスト	268	1	15	140	994	3
277	ブレスチャージ	307	1	20	10	1043	3
278	ディスチャージ	268	0	10	120	1013	3
279	ウィンドランス	241	0	20	120	964	3
280	錬功	272	0	10	50	1151	3
281	カルム	216	0	15	120	1035	3
282	ファイアサークル	194	0	15	150	971	3
283	ファンタジア	271	0	25	220	1225	6
284	ハーベスト	296	0	5	150	1162	3
285	プレガーレ	355	0	20	150	991	3
286	流星旋風脚	287	1	25	180	965	3
287	ソレイユ	236	1	15	200	1028	6
288	ハリケーン	194	1	20	150	1056	3
289	フォンス	281	0	10	100	971	3
290	アムレートゥム	316	1	25	180	1149	9
291	グルート	307	0	25	240	1209	9
292	フィナーレ	271	1	25	180	1160	9
293	アルミニウムインパクト	255	1	15	200	1056	3
294	ガーディアン	281	1	10	150	1024	3
295	フォースオブネイチャー	287	0	25	200	1037	3
296	トロイメライ	260	0	20	200	1023	3
297	セブンゴースト	210	0	25	230	1167	9
298	サイクロン	241	1	20	210	966	3
299	サンバースト	296	1	10	140	1023	3
300	イリアコトン	296	1	15	150	1056	3
301	プラズマクラスター	255	0	15	150	1082	3
302	コンゲラート	261	0	15	150	1021	3
303	エンビディア	355	1	15	100	1035	3
304	ブラックランプ	225	1	5	40	1065	3
305	ロックフォーゲル	216	1	20	160	964	3
306	莫家釘脚	272	1	15	150	1013	3
307	レシェフ	268	1	20	200	964	3
308	チャージングウィンド	365	1	20	140	1120	3
309	アンブラー	225	0	5	70	1023	3
310	レメディウム	260	1	20	120	1023	3
311	硬気功	272	0	15	50	1013	3
312	カウンター	263	1	5	40	1056	3
313	スペルビア	216	0	20	150	1036	3
314	エクサルタシオン	194	0	20	180	1023	3
315	ナイトブリーズ	225	0	10	110	958	3
316	ナイトフォール	225	1	10	100	994	3
317	リパルス	263	0	5	60	1082	3
318	オレンジフレイム	371	0	5	80	992	3
319	エニュプニオン	265	0	25	240	1243	9
320	カスカーダ	236	1	20	150	1007	3
321	ダウンバースト	365	0	15	140	1098	3
322	オレンジナックル	371	1	5	80	1023	3
323	アイスベルク	205	1	25	200	1167	9
324	イージス	255	1	20	250	992	3
325	ヴィガー	261	1	15	120	1010	3
326	アオスブルフ	194	1	25	150	959	9
327	オレンジスプラッシュ	371	0	10	80	994	3
328	デビルゲート	281	1	15	260	1036	3
329	ゴッドセンド	241	1	25	300	1119	6
330	アヴェルス	236	0	20	200	1218	3
331	エヌムクラウ	268	0	15	140	1162	3
332	エクサバイト	372	1	25	50	968	9
333	カーボニックアシッド	255	0	20	140	971	3
334	モラーレ	216	0	25	200	1030	9
335	アブソリュート・ゼロ	261	0	20	280	1060	3
336	ゾーク	261	1	20	200	966	3
337	リチェヴィメント	25	1	20	140	703	3
338	ブレイクスルー	216	1	25	160	1085	6
339	ねこばずーか	235	0	25	150	1119	6
340	ブリューナク	268	1	25	250	1155	12
341	クリムゾンブレイズ	307	1	25	180	1295	9
342	サンクチュアリ	260	1	25	300	1015	9
343	ヒートスモーク	206	1	5	80	994	3
344	ウッドツイスト	215	1	5	70	1100	3
345	ヴィヴィドブランチ	215	1	10	90	1013	3
346	ヴァーミリオン	206	0	5	100	994	3
347	フレイムダクト	206	0	10	100	958	3
348	ツヴァイク	215	0	5	60	1032	3
349	ファントムリーブズ	314	1	5	60	1077	3
350	ブーリア	194	0	25	220	1115	9
351	レフリヘリオ	204	0	25	150	993	9
352	トリチェリィ	225	0	15	150	1153	3
353	グッドメディシン	327	0	5	60	1082	3
354	ディールウィウム	205	0	25	240	1197	9
355	テンペスト	236	1	25	250	1226	9
356	オータムウィンド	296	0	10	100	1082	3
357	ストームブリンガー	241	0	25	300	1019	9
358	ライトニングボルト	365	0	20	140	1099	3
359	ワイルドファング	273	0	5	80	994	3
360	ギガンティックドライブ	351	1	20	200	994	3
361	オレンジレイド	371	0	15	120	995	3
362	アンファング	263	1	10	100	958	3
363	エルドラド	260	0	25	300	1085	6
364	ファートルソイル	296	1	20	200	971	3
365	サンダーストーム	268	0	20	240	1096	3
366	フィジカルバリア	281	1	20	100	971	3
367	ハルシオン	281	0	15	100	1032	3
368	ツムジカゼ	314	0	5	100	1013	3
369	フィンブル	261	0	25	380	1182	6
370	ディジネス	234	1	5	70	960	3
371	インジェクション	327	1	5	60	958	3
372	金剛拳	272	1	20	160	1049	3
373	アンクシャスダスク	225	1	15	120	1055	3
374	ブラッディサイクロン	365	1	25	230	1301	9
375	軟気功	272	0	20	150	998	3
376	ロースト	206	1	10	100	958	3
377	ナチュラルヨーク	215	1	15	140	1077	3
378	イールド	215	0	10	100	1020	3
379	フォーチュンクローバー	204	1	25	160	1236	9
380	シャリテ	25	0	25	180	717	9
381	キラーバイト	273	1	5	110	1055	3
382	ダイアモンドダスト	261	1	25	200	1143	6
383	ディフィート	263	0	10	120	994	3
384	グラスブレイド	314	1	10	90	1024	3
385	ミストラル	314	0	10	140	1044	3
386	ヴート	273	0	10	160	1082	3
387	オレンジスライサー	371	1	10	80	1056	3
388	オプス・デイ	255	1	25	300	1022	9
389	ラージェ	273	1	10	160	1056	3
390	オレンジエイド	371	0	20	120	1032	3
391	ディプラヴィティ	225	0	20	200	1064	3
392	デフェール	206	1	15	160	1128	3
393	ディルビオ	236	0	25	250	1129	9
394	スーパーセル	268	0	25	320	1256	12
395	サザンクロス	281	1	25	270	1118	9
396	ステルス	281	0	20	100	1007	3
397	リベンジ	263	1	15	80	971	3
398	マスカレード	206	0	15	180	995	3
399	アイシクルエッジ	226	1	5	80	994	3
400	アイルーリス	234	1	10	70	1034	6
401	ナーデル	327	1	10	60	1068	6
402	エンジェルリング	327	1	15	200	1028	6
403	七星拳	272	1	25	240	1212	12
404	ブラックトルネード	225	1	20	160	1025	3
405	バルムンク	225	0	25	280	963	9
406	アイスニードル	226	0	5	20	1013	3
407	モーニンググローリー	296	0	15	150	1023	3
408	ヴィガラスルーツ	215	1	20	180	1024	3
409	ガイア	215	1	25	280	1163	15
410	ヴァーナルソング	215	0	15	150	991	3
411	ブルームーン	295	0	5	80	1023	3
412	八卦	272	0	25	240	1101	12
413	ナイスメディシン	327	0	10	120	991	3
414	コールドウェイブ	226	1	10	240	1036	3
415	シュヴァルツ	234	0	5	60	994	3
416	グリプス	263	0	15	150	992	3
417	エメラルドカーテン	314	1	15	140	1017	3
418	スイートスメル	370	1	5	80	1023	3
419	ブラッディストーム	365	0	25	230	990	9
420	カーデス	281	0	25	290	1078	6
421	ペリラスシャンデリア	255	0	25	210	1030	9
422	ヘイトレッド	273	0	15	190	1088	6
423	デスポート	273	0	20	200	1086	6
424	オレンジロード	371	1	15	120	1128	3
425	ハードストライク	229	1	5	80	971	3
426	ブルタール	273	1	15	160	958	3
427	インテンスヒート	371	0	25	400	997	16
428	アイスフォッグ	226	0	10	80	1086	6
429	ハーベストムーン	295	1	5	50	1024	3
430	エアトラーゲン	263	1	20	150	1023	3
431	ポリノシス	314	0	15	160	1068	6
432	サンドル	208	0	5	40	1082	3
433	ヴェレーノ	234	1	15	120	1100	3
434	ピッチダークブルーム	234	1	20	180	1013	3
435	デモンズソウル	327	1	20	200	1025	3
436	メシア	327	1	25	300	1234	12
437	パワーリッパー	192	1	5	40	1055	3
438	ドゥームブリンガー	225	1	25	290	1066	9
439	シュテルメン	279	1	5	100	998	3
440	クリムゾンフレイム	279	1	10	200	970	3
441	アーテム	212	0	5	0	1023	3
442	ニーダーブレンネン	206	1	20	180	1043	3
443	アーザルグシャスプ	206	1	25	300	1186	9
444	ソーマ	215	0	20	240	994	3
445	マナプライミング	351	0	25	240	1078	6
446	ウィンターフォール	226	1	15	180	1067	3
447	ビースティディーズ	192	0	5	100	1032	3
448	ダークマッド	208	1	5	90	960	3
449	デッドリィナイトシェイド	215	0	25	240	1033	9
450	ジエロ	211	1	5	100	1157	3
451	フルヒト	263	0	20	200	1013	3
452	ルージュノワール	234	0	10	120	1082	3
453	ブライア	314	1	20	150	994	3
454	爪牙	231	1	5	70	1099	3
455	カタストロフィ	273	0	25	400	1022	9
456	シャムロック	229	1	10	140	1023	3
457	メナス	273	1	20	200	1062	6
458	テンプテーション	370	0	5	80	1053	3
459	メロメロ	370	0	10	80	966	3
460	ウェルカムレイン	296	0	20	150	992	3
461	デスバイト	192	1	10	90	965	3
462	ムーンライトニング	295	1	10	120	1035	3
463	ライム	211	0	5	100	1010	3
464	フォーリングロック	229	0	5	100	971	3
465	ラスター	279	0	5	100	1014	3
466	ダインスレイフ	263	1	25	300	1145	20
467	シラヌイ	206	0	20	200	996	3
468	オーラショット	374	0	5	50	971	3
469	ファーストエイド	374	0	10	100	1034	6
470	アップグルント	234	1	25	400	1101	12
471	フィアスファング	212	1	5	80	1023	3
472	デモンズフィスト	279	1	15	240	1023	3
473	ポイズンサイ	208	0	10	120	998	3
474	ブライトスタリーナイト	295	0	10	150	1013	3
475	ハイパーメディシン	327	0	15	180	1067	3
476	ブルーブレイズ	226	1	20	280	1068	6
477	ツンドラ	226	1	25	300	1069	30
478	カンジール	211	0	10	200	1021	3
479	スノーストーム	226	0	15	300	1021	3
480	エターナルデスフィナーレ	351	1	25	300	1022	9
481	アイスソード	211	1	10	200	1021	3
482	フェアファル	263	0	25	250	1015	9
483	ビニース	279	0	10	150	964	3
484	ヴェノムザッパー	212	1	10	50	1024	3
485	ダフネ	314	1	25	210	1184	12
486	鬼哭	231	1	10	120	1055	3
487	バグベア	192	0	10	150	1023	3
488	ブラッドオレンジ	371	1	20	120	1001	3
489	ロストグラウンド	229	1	15	180	1100	3
490	マグマ	229	1	20	260	1156	3
491	ケルツェ	197	1	5	60	958	3
492	ベアハッグ	192	1	15	130	966	3
493	アヴァンダンス	296	1	25	240	1193	6
494	ランプライト	197	0	5	70	1032	3
495	フルムーン	234	0	15	150	1122	6
496	プレシピス	374	0	15	150	1025	3
497	ヴェヒター	374	1	5	50	1023	3
498	マハト	374	1	10	80	971	3
499	デスブリンガー	279	1	20	180	1056	3
500	ヴェノムショット	212	0	10	100	1024	3
501	リヴァイバル	212	0	15	200	1025	3
502	ブラックブレス	208	0	15	120	1018	3
503	オーロラ	226	0	20	320	964	3
504	ムーンヒーリングエスカレーション	295	0	15	280	1028	6
505	鬼火	231	0	5	30	1082	3
506	スペシャルメディシン	327	0	20	240	1029	3
507	スノーブロス	211	0	15	300	983	3
508	ブリザード	226	0	25	400	1143	6
509	ムーンストラッカー	295	1	15	170	1162	3
510	ストーンウォール	229	0	10	160	1023	3
511	ベアハッグDDT	192	1	20	230	967	3
512	アペフチカムイ	206	0	25	280	997	16
513	リナッセント	212	1	15	50	971	3
514	エレボス	279	0	15	150	1037	3
515	ブラックマーシュ	208	1	10	130	1014	3
516	オーバーベア	192	0	15	250	970	3
517	ソドムフレイム	371	1	25	400	1266	16
518	グランドフィナーレ	229	1	25	400	1078	6
519	ブリリアントスメル	370	0	15	200	998	3
520	ヴェンデッタ	273	1	25	290	1030	9
521	バーガンディ	197	1	10	90	994	3
522	クリスタルクランプ	211	0	20	400	1013	3
523	鬼棍棒	231	1	15	180	1067	3
524	ウェルフェア	234	0	20	170	1173	3
525	レインボータックル	318	1	5	20	989	6
526	カオスインダークネス	208	0	20	180	1064	3
527	ブランブル	314	0	20	80	969	3
528	ノルトリヒト	296	0	25	170	1058	10
529	アラバスタ	374	0	20	200	1024	3
530	グラール	374	0	25	250	1015	9
531	フィエン	211	1	15	300	1018	3
532	アトラクト	374	1	15	50	1100	3
533	ディバインシールド	374	1	20	150	1028	6
534	トライデント	218	0	5	150	1013	3
535	カブトワリ	267	1	5	50	1056	3
536	ストームシーカー	318	1	10	180	1013	3
537	レブル	208	0	25	240	1243	9
538	ムーンリットガーデン	295	0	20	300	1041	3
539	ラヴィーネ	211	0	25	500	1022	9
540	モーニングスター	242	1	5	300	1104	6
541	エタノール	291	0	5	80	1013	3
542	メタノール	291	0	10	160	1082	3
543	ブルーサンライズ	242	0	5	300	1082	3
544	ベアハッグ・ブレーンバスター	192	1	25	330	968	9
545	ビフォール	279	0	20	250	966	3
546	デスペラート	212	1	20	280	1007	3
547	ナインクライシス	212	1	25	360	1115	9
548	コンプリチェ	208	1	15	200	992	3
549	マウントチョップ	218	1	5	120	962	6
550	オーバーパワー	192	0	20	400	1084	3
551	ローバスト	267	0	5	50	1023	3
552	スマッシュ	291	1	5	100	1056	3
553	サミング	291	1	10	140	958	3
554	ピンウィール	197	0	10	150	1086	6
555	バンケット	295	1	20	250	1096	3
556	ローレルクラウン	295	1	25	320	1193	6
557	リジュヴェネイト	370	0	20	350	1144	3
558	ファイアレッド	197	1	15	180	1043	3
559	ロックフロック	229	0	15	240	1079	6
560	ベリアルグラウンド	229	0	20	330	1077	3
561	焄蒿悽愴	231	1	20	400	967	3
562	怪力乱神	231	1	25	550	959	9
563	エンジェルケア	267	0	10	100	971	3
564	ワルプルギスナイト	234	0	25	400	1236	9
565	羅刹	231	0	10	170	1023	3
566	サマーブルーム	360	1	5	100	1024	3
567	リジェレイト	211	1	20	400	964	3
568	オールトクラウド	211	1	25	500	1027	30
569	ガーディアンフォース	374	1	25	270	1115	9
570	カオスゲート	279	1	25	400	963	9
571	トリプルカラー	318	0	5	60	1084	3
572	アセンション	25	1	25	180	759	9
573	ルーパ	318	0	10	100	1041	3
574	サンセットレインボー	318	1	15	240	1120	3
575	ヴィルレントフィールド	212	0	20	380	1026	3
576	ルナ	295	0	25	370	1203	18
577	デンジャラスメディシン	327	0	25	300	1154	12
578	アシッドスレイバー	291	0	15	210	1032	3
579	スターリットスカイ	242	0	10	300	994	3
580	ワイルドダンス	367	1	5	100	1017	3
581	フラッシュファイア	197	0	15	240	995	3
582	ダークソウル	279	0	25	400	1066	9
583	デポトワール	208	1	20	250	1067	3
584	エレメンタルフォース	192	0	25	500	1091	30
585	ラウジングヒール	267	0	15	100	1079	6
586	プレデーション	291	1	15	190	1055	3
587	ボンファイア	197	1	20	280	996	3
588	プロメテウス	197	1	25	500	1295	9
589	グリーンエヴォリューション	360	1	10	320	1053	3
590	ワイルドウェイブ	218	1	10	240	1034	6
591	轟鬼門	231	0	15	270	1088	6
592	エンジェルトランペット	314	0	25	240	1119	6
593	ディバインプロテクション	262	1	5	40	983	3
594	イビルキラー	262	1	10	120	992	3
595	シックスライブス	318	0	15	360	1067	3
596	ヘキサプリズム	318	1	20	240	1036	3
597	オーバー・ザ・レインボー	318	1	25	500	1193	6
598	パリンゲネシス	212	0	25	380	1027	30
599	フェスト	322	1	5	80	1013	3
600	ヌーンコンタクト	291	0	20	260	960	3
601	ベルセルク	291	0	25	400	1030	9
602	トワイライト	242	0	15	300	1032	3
603	レキュパレーション	267	1	10	100	1023	3
604	インクリーズ	367	1	10	300	1077	3
605	グリーンロード	367	1	15	200	1023	3
606	ランフォルセ	322	1	10	140	992	3
607	エンバー	197	0	20	300	1224	3
608	フロット	322	0	5	70	964	3
609	逢魔が辻	231	0	20	440	1007	3
610	スノーリースカイ	242	1	10	300	994	3
611	パルカ	208	1	25	400	1066	9
612	ラスティネイル	264	1	5	140	1055	3
613	ボムスケア	267	0	20	280	1028	6
614	スポイル	264	0	5	80	1079	6
615	ハウリング	291	1	20	400	961	3
616	アナーキー	291	1	25	0	959	9
617	チェリーボム	370	0	25	600	1038	9
618	ハイブレス	262	0	5	100	1102	3
619	ラヴァストーム	229	0	25	400	1085	6
620	パーフェクトケア	267	0	25	500	1154	12
621	ディープトレンチ	218	1	15	360	1021	3
622	エンデバー	360	1	15	10	1041	3
623	テネル	251	1	5	150	1023	3
624	ホーリーランス	262	1	15	110	1144	3
625	サルベイション	318	0	20	180	990	9
626	カラーズ・オーバーフロウ	318	0	25	500	1226	9
627	サイクロプスナックル	301	1	5	150	1043	3
628	氷雪崩	286	0	5	200	1175	3
629	シーブリーズ	218	0	10	150	1032	3
630	雪月夜	286	1	5	170	1034	6
631	ハーデニングヒール	267	1	15	100	983	3
632	ダブルフレイム	223	0	5	160	1025	3
633	セレッシャルドーン	242	0	20	300	1086	6
634	カニバリズム	367	1	20	400	1056	3
635	トリオンファル	322	1	15	20	1122	6
636	インフェルノ	197	0	25	600	997	16
637	スピランテ	322	0	10	120	1079	6
638	百鬼夜行	231	0	25	600	1089	20
639	ランプロン	251	0	5	200	1037	3
640	シーラヴォーリー	251	0	10	300	1082	3
641	ウィアードダスク	242	1	15	300	964	3
642	ナチュラルビューティー	370	1	10	100	1159	3
643	チェリーブロッサム	370	1	15	130	1026	3
644	アバリシャスエッジ	264	1	10	180	1025	3
645	ボマー	223	1	5	140	1056	3
646	ソルプレッサ	223	1	10	300	958	3
647	サイクロプスカッター	301	0	5	150	1192	3
648	スカイギフト	262	0	10	100	1023	3
649	ストームチャリオット	218	1	20	480	967	3
650	ブロックセラピー	360	1	20	400	1026	3
651	セイクリッドルミナンス	262	1	20	110	998	3
652	パゲイション	262	1	25	400	1050	12
653	サイクロプスハンマー	301	1	10	300	1060	3
654	フレア	308	0	5	80	1088	6
655	アクアカラム	218	0	15	300	1021	3
656	ミッドナイトスターライト	242	1	20	300	1116	3
657	アイリス	242	0	25	700	1216	15
658	デビルメイケア	267	1	20	260	970	3
659	ファーマシー	267	1	25	400	1081	12
660	ニラレバ	367	1	25	500	1115	9
661	フィオリトゥーラ	322	1	20	200	1034	6
662	キャロル	322	1	25	300	1160	9
663	トラタミエント	251	0	15	400	1032	3
664	コラプション	264	0	10	150	1028	6
665	ハダル	209	1	5	120	994	3
666	アルデバラン	209	1	10	180	1016	3
667	エターナルピース	370	1	20	300	967	3
668	ブルータリティ	264	1	15	320	964	3
669	ゴールドラッシュ	264	1	20	350	1151	3
670	スピカ	209	0	5	230	1082	3
671	大氷柱	286	0	10	250	1086	6
672	レルス	251	1	10	210	1013	3
673	エデン	242	1	25	700	1121	30
674	べネディクション	66	0	15	0	334	3
675	ディバインボーダー	262	0	20	180	1151	3
676	スコール	218	0	20	400	1060	3
677	ゲリーゼル	322	0	15	200	1028	6
678	月寒江清	286	0	15	320	1021	3
679	タイダルウェイブ	218	1	25	600	1050	12
680	ニュートリエント	59	1	25	600	737	9
681	滴水成氷	286	1	10	350	964	3
682	ハルマ	223	1	15	150	1062	6
683	イルミネーション	308	0	10	160	1122	6
684	コアシオン	223	0	10	320	960	3
685	サイクロプスアサルト	301	1	15	450	1098	3
686	ジャーマンサイクロプス	301	1	20	600	1044	3
687	イグナイト	308	1	5	70	994	3
688	インウィデーレ	251	0	20	500	966	3
689	リゲル	209	0	10	280	964	3
690	プランダー	264	0	15	160	1032	3
691	メイルシュトローム	218	0	25	500	1167	9
692	デザイア	264	1	25	480	959	9
693	カメータ	251	1	15	210	1024	3
694	ファガス	251	1	20	420	964	3
695	ルプトゥーラ	223	1	20	300	1007	3
696	クリスクロス	262	0	25	400	1203	18
697	ディルエンド	322	0	20	280	989	6
698	ディエス・イレ	322	0	25	600	1103	9
699	雨露霜雪	286	0	20	450	1010	3
700	バーニングウィング	308	1	10	300	995	3
701	露往霜来	286	1	15	500	1198	3
702	ソニックウェイブ	240	0	5	150	1032	3
703	ラケーテ	240	1	5	150	994	3
704	サイクロプスブラスト	301	0	10	300	1026	3
705	ビッグファイア	308	0	15	240	996	3
706	アブレーション	308	0	20	320	1043	3
707	スカーレットブレイズ	223	0	15	420	970	3
708	グラオ	312	0	5	200	994	3
709	サイクロプスドライブ	301	1	25	750	1050	12
710	トリチェリィフレイム	308	1	15	150	1220	3
711	アルシナシオン	251	0	25	600	1243	9
712	バーンアウト	289	1	5	200	1043	3
713	フォーマルハウト	209	0	15	370	1013	3
714	ゴールドクラウン	264	0	20	330	1031	3
715	レ・ミゼラブル	264	0	25	400	1050	12
716	アンタレス	209	1	15	400	1017	3
717	プロキオン	209	1	20	600	1018	3
718	ディレクション	283	0	5	300	960	3
719	デスプレイス	370	1	25	600	1134	10
720	ミラ	209	0	20	450	1036	3
721	プレイアデス	251	1	25	630	1103	9
722	ツイントルネード	240	1	10	250	989	6
723	パラライスケイル	312	1	5	180	1218	3
724	ヴェノムスケイル	312	1	10	180	956	3
725	ウルティオ	223	1	25	600	968	9
726	テラー	305	0	5	290	1088	6
727	ポルターガイスト	305	1	5	0	960	3
728	極寒地獄	286	0	25	550	1145	20
729	アッパーカット	283	1	5	50	1034	6
730	一片氷心	286	1	20	500	1067	3
731	雪月風花	286	1	25	500	1078	6
732	サイクロプスビーム	301	0	15	450	1023	3
733	ノヴァ	308	0	25	640	1057	6
734	マタール	223	0	20	420	1023	3
735	スコッピオ	308	1	20	300	1220	3
736	ヒートブラッド	289	1	10	400	962	6
737	ファイアストリーム	289	1	15	200	1023	3
738	レッドグラッジ	289	0	5	140	995	3
739	フレイムストライク	289	0	10	260	1013	3
740	シリウス	209	1	25	700	1019	9
741	シャイニングハーツ	283	0	10	100	1059	3
742	クレイモア	223	0	25	420	1019	9
743	ウンヴェッター	240	1	15	350	1031	3
744	トラオム	312	1	15	240	960	3
745	マッシュ	348	1	5	200	1056	3
746	バンブーアーマー	366	1	5	180	958	3
747	ブルーライトニング	240	0	10	250	1018	3
748	メテオストライク	308	1	25	600	1186	9
749	シャイニングロード	283	1	10	100	962	6
750	アソリティ	283	1	15	300	1028	6
751	スカイハイ	240	1	20	20	1023	3
752	ラストサイクロプス	301	0	20	600	1013	3
753	サイクロプスアルマゲドン	301	0	25	750	1089	20
754	ファントムゲイザー	305	1	10	300	1025	3
755	コンバスト	289	1	20	200	964	3
756	レイジングブレイズ	289	1	25	600	1209	9
757	ファナティシズム	289	0	15	380	1082	3
758	アダーラ	209	0	25	580	1019	9
759	レインオーケストラ	283	0	15	300	1166	3
760	ブルーゲイル	240	1	25	500	1118	9
761	ハルシノシス	312	1	20	360	1031	3
762	パラリューゼ	312	1	25	600	1134	10
763	マシンガンパンチ	348	1	10	300	971	3
764	エーテルバースト	305	0	10	160	1082	3
765	スカイブルー	240	0	15	350	1031	3
766	ジップ	362	1	5	160	1023	3
767	ドリームスケイル	312	0	10	180	960	3
768	キラーアイドロン	305	1	15	300	1041	3
769	バイオレットフレイム	289	0	20	460	996	3
770	イモータルフレイム	289	0	25	600	1027	30
771	チェックメイト	283	0	20	250	1063	3
772	レイニーデイズ	283	0	25	500	1167	9
773	バンブーバリア	80	0	5	250	712	6
774	ファイアタックル	248	1	5	50	994	3
775	マッシュマッシュ	348	1	15	400	958	3
776	ドレッドノート	348	1	20	500	992	3
777	ホリブルスマッシャー	81	0	5	200	698	3
778	ギガスマッシュ	81	0	10	300	539	3
779	デスチャーム	315	1	5	160	1023	3
780	エーテルウェイブ	305	0	15	160	994	3
781	ダズル	312	0	15	210	1034	6
782	エンジェルゲイル	240	0	20	450	1122	6
783	ゼニス	240	0	25	550	1145	20
784	アイスボール	362	0	5	50	1023	3
785	キングスブラッド	283	1	20	250	1086	6
786	ニラタマ	65	0	5	100	648	3
787	セルバ	87	1	5	40	688	3
788	パファロ	87	1	10	60	703	3
789	ロティオン	331	1	5	140	1144	3
790	ヘビーキック	362	1	10	120	1023	3
791	サアーダ	331	0	5	80	960	3
792	ナチュラルベリアル	259	0	5	300	1032	3
793	リヘーロ	244	1	5	150	958	3
794	レンジャー	259	1	5	120	1056	3
795	ラザンツ	305	1	20	400	965	3
796	アストラルフォース	305	1	25	500	1019	9
797	フレイムランナー	248	1	10	150	1056	3
798	ファルア	230	1	5	100	1013	3
799	シャジャル	230	1	10	200	1062	6
800	アビスチャーム	315	0	5	140	1023	3
801	ピュレトス	350	0	5	250	1088	6
802	ペサード	244	0	5	150	1034	6
803	イラディエーション	350	1	5	170	962	6
804	スコーチ	350	1	10	230	1079	6
805	プルーマ	244	1	10	200	1056	3
806	マッシュマッシュマッシュ	348	1	25	600	1091	30
807	ハイグラビティ	348	0	15	400	1013	3
808	バウンド	305	0	20	330	1166	3
809	ディアセンション	305	0	25	500	1243	9
810	デコピン	280	0	5	20	1013	3
811	ブリスフルファントム	312	0	20	420	1122	6
812	トラジェディ	312	0	25	600	963	9
813	ヒートダッシュ	248	0	5	50	1032	3
814	トライアンフ	283	1	25	500	1161	12
815	ハルワサ	331	1	10	200	1035	3
816	クイーンレッド	87	1	15	80	703	3
817	ホーリーリコピン	375	1	5	40	1056	3
818	ヒーリングリコピン	375	1	10	70	965	3
819	ナハル	221	1	5	100	1010	3
820	アイン	221	1	10	200	1059	3
821	ハイタイド	331	0	10	340	1102	3
822	ルグム	285	0	5	100	1220	3
823	ノッチ	325	1	5	100	1162	3
824	デスボイス	315	1	10	220	1023	3
825	バーニングクラッシュ	248	1	15	450	1043	3
826	リトス	230	1	15	300	1077	3
827	アビスボイス	315	0	10	210	1023	3
828	ブレイズラッシュ	248	0	10	200	994	3
829	ブリリアンス	350	0	10	350	1079	6
830	ピンセール	244	1	15	250	1023	3
831	シッペ	280	1	5	20	1013	3
832	ビンタ	345	1	10	100	960	3
833	ソウルグリンダー	348	0	20	500	971	3
834	デストロイヤー	348	0	25	600	1069	30
835	バンブーブレード	366	1	10	240	1023	3
836	ガーディアンコール	280	0	10	300	1013	3
837	クサントン	325	0	5	110	1096	3
838	タダオゴールド	325	0	10	190	1096	3
839	アリシンブラスト	65	0	10	160	706	3
840	ミミクリー	65	0	15	400	217	3
841	アップルレジスト	373	0	5	180	1144	3
842	ルゥルゥ	331	1	15	270	1102	3
843	ホイットニー	87	1	20	120	361	3
844	デンジャラスリコピン	375	1	15	100	1007	3
845	パンドラリコピン	375	1	20	100	1055	3
846	ピエール	244	0	10	200	1062	6
847	スウィーティオ	325	1	10	180	1218	3
848	カロータ	250	0	5	210	966	3
849	スルシード	250	0	10	270	1032	3
850	アトミックプレス	362	1	15	300	1023	3
851	アムレート	331	0	15	400	1059	3
852	カンシオン	331	0	20	430	1166	3
853	クンバラ	285	0	10	200	994	3
854	ネイチャーキュア	259	0	10	300	1020	3
855	フォレストリソース	259	0	15	0	1104	6
856	フォレストギフト	259	1	10	220	1055	3
857	流水蹴	368	1	5	240	1023	3
858	ヌール	326	1	5	150	1096	3
859	デスペハード	326	1	10	220	991	3
860	アクス	250	1	5	110	966	3
861	デスウィンク	315	1	15	280	1023	3
862	フレアコリジョン	248	1	20	900	1128	3
863	ギガントタックル	248	1	25	1350	1199	12
864	イムラーク	230	1	20	400	1077	3
865	フロス	230	1	25	500	1217	15
866	アイスバレット	362	0	10	150	1023	3
867	ヒュース	342	1	5	300	1068	6
868	プロミネンスチャージ	248	0	15	200	995	3
869	シャイニングフォース	350	0	15	330	1028	6
870	サンスポット	350	1	15	280	1028	6
871	コストゥーラ	244	1	20	300	967	3
872	クワドラード	244	1	25	350	968	9
873	メイドスラッシュ	345	1	15	300	956	3
874	ルフム	239	1	5	100	994	3
875	アビスウィンク	315	0	15	260	1023	3
876	マジカルチョップ	345	0	10	100	991	3
877	アサルトコール	280	0	15	300	1082	3
878	フェリオ	232	1	5	440	1056	3
879	ヘルブランド	224	0	5	300	1153	3
880	デスパニック	224	0	10	250	995	3
881	ウェール	232	0	5	440	1023	3
882	ペネトレイト	366	1	15	300	1001	3
883	バンブートラップ	366	1	20	400	966	3
884	スムースカイエン	325	0	15	370	1096	3
885	ニラニラパニック	65	0	20	500	170	3
886	ニライカナイ	65	0	25	600	714	9
887	エリキウス	325	1	15	240	1068	6
888	コーヌス	250	1	10	190	967	3
889	ミロワール	331	1	20	320	1159	3
890	ウェルテクス	331	1	25	700	1078	6
891	アンナマリア	87	1	25	180	741	6
892	ゴッドリコピン	375	1	25	300	1236	9
893	アバーコ	244	0	15	250	1099	3
894	ヒュドール	221	1	15	300	1060	3
895	オラシオン	230	0	5	100	1013	3
896	アリシダ	230	0	10	200	1086	6
897	ロックフィスト	277	1	5	300	1056	3
898	クオーツフィスト	277	1	10	500	1056	3
899	ポーケー	342	0	5	300	1001	3
900	サルトゥス	232	1	10	550	1023	3
901	索冥	368	0	5	500	1023	3
902	アイシクルドラム	362	1	20	500	1023	3
903	コクレア	331	0	25	200	1225	6
904	ファウダー	285	0	15	300	1082	3
905	クレアーレ	259	0	20	600	1077	3
906	ナチュラルデス	259	0	25	600	1118	9
907	突天一	368	1	10	320	958	3
908	デスキッス	315	1	20	340	1159	3
909	デスハグ	315	1	25	400	1121	30
910	アイスバリケード	362	0	15	500	1023	3
911	スキニス	259	1	15	180	961	3
912	ラスキウス	259	1	20	320	1044	3
913	キネルロス	257	0	5	240	1053	3
914	バーンスルー	248	0	20	400	996	3
915	デイブレーク	350	0	20	420	996	3
916	グローリー	350	0	25	700	1194	15
917	ソーラーヒート	350	1	20	350	1151	3
918	ブレースク	350	1	25	480	1216	15
919	サフム	239	0	5	100	989	6
920	リーハ	239	0	10	200	1120	3
921	メイドレボリューション	345	1	20	600	1035	3
922	冥土の土産	345	1	25	900	1184	12
923	ミンジャル	239	1	10	200	1116	3
924	アビスキッス	315	0	20	300	1159	3
925	アビスハグ	315	0	25	400	1121	30
926	アサシンコール	280	0	20	300	1082	3
927	タウロス	257	1	5	180	1100	3
928	ブラッドポンド	224	0	15	200	1151	3
929	グロトネリーア	224	0	20	400	1088	6
930	リーネア	250	0	15	300	1082	3
931	クルーエルレイン	366	1	25	550	1163	15
932	ボゴール	325	0	20	420	1096	3
933	サマーゴールド	325	0	25	550	1256	12
934	アップルストレングス	97	1	5	200	692	3
935	ヒュストリクス	325	1	20	240	971	3
936	カイロス	250	1	15	270	1133	3
937	ダナー	87	0	5	20	700	3
938	ペルフーメ	244	0	20	300	1036	3
939	ハバル	221	1	20	400	1021	3
940	ケイマルース	221	1	25	500	1061	15
941	カフラマーン	230	0	15	300	1077	3
942	ゴールドバレル	325	1	25	480	1129	9
943	トパーズフィスト	277	1	15	700	1055	3
944	プラティバンディ	365	1	10	110	988	3
945	アエスタース	232	1	15	660	971	3
946	角端	368	0	10	500	1082	3
947	シャラール	221	0	5	100	1082	3
948	インペイラー	280	1	10	250	1013	3
949	ペインブリザード	362	1	25	700	1306	30
950	ルンマーナ	285	0	20	400	1224	3
951	ラプシス	250	1	20	440	965	3
952	ソウルブレイク	224	1	5	200	1064	3
953	コールドコフィン	362	0	20	500	1023	3
954	エイザーカバード	362	0	25	500	1255	12
955	ペザンテ	342	1	10	400	1104	6
956	アナスタシス	259	1	25	500	1081	12
957	ギガントチャージ	248	0	25	400	1119	6
958	カプノス	239	0	15	300	998	3
959	アネモス	239	1	15	300	1098	3
960	バンブーシュート	366	0	10	200	1157	3
961	シシア	224	1	10	340	1043	3
962	最終兵器	280	0	25	1000	1091	30
963	ムエルト	224	0	25	600	1091	30
964	オロール	326	0	5	160	1162	3
965	アローペークス	257	1	10	320	1020	3
966	ティグリス	257	1	15	320	1026	3
967	スティグメ	250	0	20	430	970	3
968	ヴィーテ・ア・レーニョ	250	0	25	660	1066	9
969	ソウルクラスプ	277	0	5	200	1023	3
970	ディーア	326	0	10	280	1192	3
971	アップルエナジー	97	1	10	270	218	3
972	ボルダード	250	1	25	560	1134	10
973	レディア	87	0	10	70	8	0
974	アルマース	230	0	20	400	1077	3
975	ターパ	258	1	5	500	1120	3
976	グロウル	243	1	5	20	992	3
977	コランダムフィスト	277	1	20	900	967	3
978	ダイアモンドフィスト	277	1	25	1100	1089	20
979	イリアンソス	326	1	15	300	1162	3
980	チル	320	0	5	400	1034	6
981	ファルチェ	243	0	5	100	1020	3
982	アーナンダ	306	0	5	190	1082	3
983	アウトゥムヌス	232	1	20	770	1026	3
984	プローモウェーレ	232	1	25	80	1134	10
985	ヒエムス	232	0	10	550	1067	3
986	ハウフ	221	0	10	200	1032	3
987	トゥルス	221	0	15	300	991	3
988	アトーンメント	280	1	15	350	1056	3
989	ドヴェーシャ	336	0	5	230	988	3
990	マレディクシオン	336	0	10	390	1099	3
991	インフィジャール	285	0	25	500	1174	15
992	フラーダ	243	0	10	250	1028	6
993	フィア	284	0	5	150	1151	3
994	アクスト	285	1	5	100	996	3
995	モルゲンレーテ	326	1	20	350	1007	3
996	フリーズ	320	1	5	50	1021	3
997	ヴァロス	342	0	10	400	1010	3
998	シュチ	306	1	5	70	1067	3
999	カタルシス	306	1	10	160	1024	3
1000	シハーブ	239	0	20	400	1173	3
1001	フルメン	239	0	25	500	1185	15
1002	アーラムバナム	306	0	10	380	1034	6
1003	ラッカーサ	239	1	20	400	1041	3
1004	デスクラフト	366	0	15	400	970	3
1005	バンブージャッジメント	366	0	20	400	966	3
1006	ヴィデーハ	224	1	15	400	996	3
1007	ベーゼ	284	1	5	150	1049	3
1008	フーシオ	284	1	10	300	1099	3
1009	アムノス	257	0	10	280	1041	3
1010	エレパース	342	1	15	500	1001	3
1011	アルクトス	257	1	20	320	1053	3
1012	セメンテリオ	284	0	10	300	1173	3
1013	ダンドリオン	326	0	15	330	1218	3
1014	アップルストライク	97	1	15	360	280	3
1015	アーリーレッド	87	0	15	90	8	0
1016	ペチカ	87	0	20	150	8	0
1017	ウルラ	329	0	5	240	1082	3
1018	グルース	329	0	10	340	1032	3
1019	マクバラ	230	0	25	500	1087	15
1020	アーユル	258	1	10	500	1120	3
1021	メランコリー	336	1	5	210	1056	3
1022	シャムス	326	1	25	500	1081	12
1023	スタートル	243	1	10	200	1013	3
1024	コールドレジスタント	320	0	10	0	1023	3
1025	ハイバネーション	320	0	15	400	1010	3
1026	オルトゥス	232	0	15	660	1082	3
1027	ブラカーダ	282	0	5	60	1049	3
1028	プレアル	221	0	20	400	1198	3
1029	グリス	359	1	5	90	960	3
1030	ブラッディーロード	280	1	20	450	1056	3
1031	鏡花水月	280	1	25	1000	1184	12
1032	エポドス	282	1	5	60	965	3
1033	トゥラッポラ	336	0	15	490	1098	3
1034	バロータ	359	0	5	60	1122	6
1035	シュヴァーサ	243	0	15	50	991	3
1036	インテレス	258	1	15	500	988	3
1037	マインドグラスプ	277	0	10	400	1023	3
1038	ウィンターゲイル	320	1	10	100	1122	6
1039	プラティプラサヴァ	224	1	20	500	962	6
1040	タルタルーガ	342	0	15	500	960	3
1041	べネボランス	110	1	15	270	8	0
1042	ラーミナ	285	1	10	200	967	3
1043	プロクス	285	1	15	300	1220	3
1044	ニルバーサー	306	0	15	500	1166	3
1045	タンペット	239	1	25	500	1117	15
1046	エスカトロギア	224	1	25	600	1091	30
1047	パンネル	257	0	15	320	1023	3
1048	マムス	342	1	20	600	1218	3
1049	グラビタシオン	342	1	25	700	1145	20
1050	ドレッドグリップ	277	0	15	600	1026	3
1051	レオーン	257	1	25	480	1204	40
1052	マネール	258	0	5	500	1013	3
1053	アラウダ	329	1	5	320	1159	3
1054	ユーサネイジア	284	0	15	450	1064	3
1055	アップルストラテジー	97	1	20	480	473	3
1056	レッドパール	87	0	25	280	8	0
1057	トルキーダートル	329	0	15	0	960	3
1058	ルゼル	243	1	15	330	991	3
1059	アートマ	336	1	10	420	958	3
1060	ハイポサーミア	320	0	20	500	964	3
1061	アウクシリウム	232	0	20	770	1037	3
1062	クレアーティオ	232	0	25	880	1090	15
1063	マロジョール	282	0	10	130	1049	3
1064	イストーク	221	0	25	500	1276	15
1065	ラビア	359	1	10	240	1049	3
1066	ジレーザ	282	1	10	130	965	3
1067	ドゥルール	336	0	20	540	1173	3
1068	セーリオ	336	0	25	650	1236	9
1069	インクブス	359	0	10	400	1014	3
1070	グルファーダ	243	0	20	500	1035	3
1071	デザストル	243	0	25	800	1256	12
1072	ピークス	329	1	10	180	1102	3
1073	シクザール	258	1	20	500	988	3
1074	ニローデ	258	0	10	500	1013	3
1075	アイスフィールド	320	1	15	600	1086	6
1076	クリナップ	306	1	20	420	1026	3
1077	ゴールデンセレモニー	306	1	25	680	1078	6
1078	グネーフ	285	1	20	400	995	3
1079	マウトゥ	285	1	25	500	1253	15
1080	パージ	306	0	20	400	1151	3
1081	ジョーティシュマティ	306	0	25	600	1015	9
1082	エングリマ	284	1	15	450	1064	3
1083	タピロス	257	0	20	0	1122	6
1084	デスホールド	277	0	20	800	1067	3
1085	ラストシーザー	277	0	25	100	1145	20
1086	オキア	257	0	25	500	1118	9
1087	ダムド	284	0	20	900	1153	3
1088	グラウンドゼロ	284	0	25	1800	1066	9
1089	ザカート	326	0	20	270	1041	3
1090	ラススヴェート	326	0	25	550	1149	9
1091	ウルフズベイン	97	1	25	600	595	12
1092	ミールウス	329	0	20	450	1159	3
1093	アクイラ	329	0	25	550	1089	20
1094	ベネディクション	262	0	15	0	1192	3
1095	ジャックハント	243	1	20	420	1028	6
1096	ヴィヤアディ	336	1	15	370	988	3
1097	コキュートス	320	0	25	1000	1115	9
1098	カニング	252	0	5	400	1082	3
1099	テュシア	282	0	15	190	960	3
1100	ヘイアン	266	1	5	290	964	3
1101	オイノス	334	0	5	150	1082	3
1102	フソラ	359	1	15	210	1151	3
1103	ハスタ	256	1	5	180	970	3
1104	ベネボランス	306	1	15	270	1100	3
1105	エニスキシス	282	1	15	190	1151	3
1106	サプリング	207	1	5	1	1024	3
1107	ウォクス	359	0	15	0	1099	3
1108	コルニクス	329	1	15	320	958	3
1109	ルーク	256	0	5	250	1023	3
1110	燕返	368	1	15	380	994	3
1111	スペリオール	258	1	25	500	1199	12
1112	カリュオン	338	1	5	100	994	3
1113	チマー	266	0	5	160	1037	3
1114	アバランシュ	320	1	20	800	1023	3
1115	パゲトン	320	1	25	1000	1115	9
1116	バラノス	338	1	10	200	989	6
1117	ヒートロスチ	266	0	10	320	1037	3
1118	サニュイス	266	1	10	130	965	3
1119	ホロコースト	284	1	20	900	1153	3
1120	ゼロミッション	284	1	25	1800	1152	9
1121	シェーン	252	1	5	10	1056	3
1122	サムカリー	338	0	5	170	994	3
1123	カナヴィ	338	0	10	250	1082	3
1124	シオカゼ	330	0	5	150	1013	3
1125	ハボタン	330	0	10	300	1013	3
1126	アップルバースト	373	0	10	230	998	3
1127	カイザーフェニックス	243	1	25	700	1119	6
1128	ヘスリッヒ	207	0	5	150	1024	3
1129	アルムート	207	0	10	220	964	3
1130	メディアノクス	282	0	20	444	1151	3
1131	ミエーレ	334	0	10	340	1136	6
1132	アッシャル	359	1	20	400	1173	3
1133	フェアニフィトゥング	282	1	20	444	1151	3
1134	アロース	207	1	10	5	964	3
1135	ジェロジーア	359	0	20	300	1001	3
1136	メイドブラスト	345	0	15	300	1041	3
1137	アルデア	329	1	20	400	1013	3
1138	仏骨投	368	1	20	500	1136	6
1139	シックス	334	1	5	180	994	3
1140	カスタノ	338	1	15	300	1077	3
1141	パライナ	342	0	20	600	1053	3
1142	ラウェスト	330	1	5	240	1023	3
1143	アポイナ	266	0	15	400	1064	3
1144	ノーチ	266	1	15	360	1153	3
1145	パラドックス	258	0	15	500	988	3
1146	セティコ	252	1	10	110	1013	3
1147	パパルナ	338	0	15	370	1086	6
1148	サボイ	330	0	15	450	991	3
1149	アップルチャージ	373	0	15	0	1192	3
1150	キャンディ	330	1	10	420	1023	3
1151	プリティヴィ	336	1	20	480	1055	3
1152	ウングリュック	207	0	15	280	1067	3
1153	グルーチ	252	0	10	600	1007	3
1154	トート	282	0	25	666	1165	9
1155	ベベール	334	0	15	340	1099	3
1156	バラトルム	359	1	25	600	1225	6
1157	プルガトリオ	359	0	25	600	1225	6
1158	ピレーマ	252	0	15	800	1036	3
1159	アナレープシス	282	1	25	666	1165	9
1160	パマーダ	334	1	10	320	989	6
1161	フリザンテーマ	207	1	15	50	1041	3
1162	セレッソ	207	1	20	100	1053	3
1163	アッキピテル	329	1	25	500	1185	15
1164	リグマ	256	0	10	500	1023	3
1165	メイドイクスプロージョン	345	0	20	600	1036	3
1166	冥土の歳墓	345	0	25	900	1091	30
1167	アコニトン	338	1	20	400	1013	3
1168	アペイロン	338	1	25	500	1155	12
1169	ヴィレンスクラフト	342	0	25	700	1050	12
1170	アバローナ	256	1	10	220	970	3
1171	カンプテール	266	0	20	600	1083	3
1172	ペサディージャ	266	0	25	600	1105	12
1173	ポールナチ	266	1	20	680	1064	3
1174	コシュマール	266	1	25	800	1152	9
1175	オールマイティ	258	0	20	500	988	3
1176	ロクーラ	252	1	15	240	962	6
1177	ミカニ	338	0	20	500	1068	6
1178	ドミナーティオ	338	0	25	700	1203	18
1179	パフシポノン	330	0	20	600	991	3
1180	スカッパーレ	330	0	25	300	1226	9
1181	アップルグレネード	373	0	20	400	1063	3
1182	グリーンベール	360	0	5	50	991	3
1183	テンダー	360	0	10	170	1067	3
1184	ユキノシタ	330	1	15	460	1013	3
1185	カリエンテ	217	1	5	290	1013	3
1186	パラーハ	336	1	25	580	993	9
1187	フルーホ	207	0	20	10	966	3
1188	ガイツハルス	207	0	25	90	1027	30
1189	エスメラルダ	217	0	5	180	1020	3
1190	クリアランス	217	0	10	250	1032	3
1191	ヒステリア	361	0	5	320	1044	3
1192	セラピア	334	0	20	400	998	3
1193	オハン	233	1	5	380	962	6
1194	エピセンター	233	1	10	580	1079	6
1195	ウィルゴ	252	0	20	1000	1088	6
1196	ビロクセニア	252	0	25	1200	1161	12
1197	プレイグ	352	1	5	220	1128	3
1198	スロマーチ	352	1	10	400	996	3
1199	ミシェーニ	334	1	15	300	1102	3
1200	シローキー	233	0	5	500	1026	3
1201	ポローニア	207	1	25	500	1069	30
1202	イソス	256	0	15	500	1079	6
1203	三日月返	368	1	25	600	1101	12
1204	ビーシック	217	1	10	340	1025	3
1205	ディアトロフィ	334	0	25	550	1244	15
1206	カマル	290	0	5	300	1082	3
1207	アターカ	256	1	15	300	958	3
1208	バルバロ	290	1	5	210	1023	3
1209	タッロス	252	1	20	480	1136	6
1210	アディヤアトマ	258	0	25	500	1103	9
1211	ジェノサイド	373	0	25	600	1115	9
1212	ポテトボンバー	196	1	5	300	992	3
1213	ポテトラッシュ	196	1	10	400	971	3
1214	ゴールドサワー	330	1	20	520	1013	3
1215	ミーラービリス	330	1	25	680	968	9
1216	ルヒール	292	1	5	10	1128	3
1217	ペリーグロ	292	1	10	420	1055	3
1218	ドローレ	352	0	5	100	1082	3
1219	グランドメイズ	217	0	15	350	1029	3
1220	ミーク	361	1	5	350	1043	3
1221	フエルサ	290	1	10	330	1023	3
1222	ディリティリオ	352	1	15	300	995	3
1223	パルファン	334	1	20	200	1144	3
1224	グリコラカス	334	1	25	500	1205	15
1225	ディリット	233	0	10	500	1041	3
1226	スクール	256	0	20	500	1028	6
1227	ガトリング	233	1	15	880	967	3
1228	ポテトビーム	128	0	5	300	703	3
1229	ポテトブラスト	128	0	10	400	689	3
1230	ジオバインド	217	1	15	350	964	3
1231	グリタール	292	0	5	170	1128	3
1232	セールプ	290	0	10	480	994	3
1233	エネドラ	256	1	20	380	1056	3
1234	マストラル	256	1	25	750	1141	40
1235	セクトル	361	1	10	450	1060	3
1236	ウェヌスタ	252	1	25	960	1019	9
1237	ポテトスマッシュ	196	1	15	500	1026	3
1238	トーメント	361	0	10	320	1098	3
1239	キラーファング	292	1	15	290	970	3
1240	ルーエ	217	1	20	400	1084	3
1241	ライニグング	217	0	20	570	1037	3
1242	テクストゥム	217	0	25	600	1038	9
1243	ガナール	290	1	15	400	1005	6
1244	カラミティ	352	1	20	440	962	6
1245	フルドライブ	352	1	25	600	1265	9
1246	アーイディオン	233	0	15	750	1053	3
1247	エネルゲイア	256	0	25	750	1091	30
1248	ターミナス	233	1	20	1000	966	3
1249	インビジブル	126	1	25	1000	8	0
1250	ポテトフラッシュ	128	0	15	500	230	3
1251	オチミズ	217	1	25	400	1115	9
1252	マラド	352	0	10	280	1128	3
1253	ヴェノムブレス	292	0	10	400	996	3
1254	マッドブレス	292	0	15	400	1037	3
1255	ルーナプレーナ	290	0	15	640	1088	6
1256	クロックモール	290	0	20	640	989	6
1257	麒麟	368	0	15	500	994	3
1258	エスピラール	361	1	15	530	1098	3
1259	ポテトスプラッシュ	196	1	20	600	1053	3
1260	ポテト＆デストロイ	196	1	25	700	1145	20
1261	グリーンエナジー	360	0	15	300	1037	3
1262	ドネイト	361	0	15	320	1060	3
1263	レヴェイ	292	1	20	700	965	3
1264	デシメイト	292	1	25	900	1183	9
1265	ラーガ	294	1	5	160	1156	3
1266	ヴィゴーレ	294	1	10	80	1023	3
1267	プノエー	200	1	5	280	1031	3
1268	ラファール	200	0	5	180	994	3
1269	フォルモーント	290	1	20	550	958	3
1270	レーズヴィエ	290	1	25	600	959	9
1271	インビンシブル	233	1	25	1000	1121	30
1272	カロル	274	1	5	60	1013	3
1273	ルーフス	340	1	5	220	1056	3
1274	コッキネウス	340	1	10	340	1013	3
1275	テロス	233	0	20	1000	970	3
1276	カタクリズム	233	0	25	1500	1091	30
1277	マナール	274	0	5	250	1079	6
1278	ボトムレスピット	292	0	20	600	1086	6
1279	ルーメンルーナエ	290	0	25	880	1103	9
1280	聳孤	368	0	20	500	989	6
1281	ディアマンテ	361	1	20	240	1044	3
1282	タパハ	274	1	10	500	1023	3
1283	ブロッカー	360	0	20	500	1116	3
1284	パーフェクトブロック	360	0	25	500	1019	9
1285	イズレチーチ	361	0	20	640	1043	3
1286	スペラ—ビット	125	0	25	640	8	0
1287	ブラヴィ	333	1	5	400	1128	3
1288	エタンセル	333	0	5	400	995	3
1289	アルデール	333	0	10	400	1001	3
1290	エクディキス	294	1	15	320	1026	3
1291	ブティエス	200	1	10	380	989	6
1292	ケルターメン	200	1	15	550	1120	3
1293	エリュトロン	340	0	5	220	1220	3
1294	ヴィシニ	340	0	10	340	996	3
1295	フランマ	340	1	15	0	995	3
1296	マラキア	299	1	5	190	1068	6
1297	テュエッラ	200	0	10	380	964	3
1298	アニヒレーション	292	0	25	900	1061	15
1299	スペラービット	361	0	25	640	1081	12
1300	ジュビア	299	1	10	380	1104	6
1301	炎駒	368	0	25	500	1184	12
1302	インパルス	361	1	25	700	1238	18
1303	ジャウハラ	274	0	10	300	1028	6
1304	ブリジャール	274	1	15	500	1043	3
1305	ウィース	294	0	5	600	1023	3
1306	スフェラ	294	0	10	0	1013	3
1307	フィアンマ	333	0	15	400	1218	3
1308	スペレッセ	294	1	20	640	967	3
1309	インテルフィキオ	294	1	25	640	1174	15
1310	ウェーナティオ	200	1	20	770	994	3
1311	ムルタ	200	1	25	1000	1199	12
1312	ブルチャーレ	340	0	15	380	1218	3
1313	アッケンデーレ	340	1	20	680	1007	3
1314	タイルンヌール	340	1	25	1200	1149	9
1315	ケイモーン	200	0	15	480	988	3
1316	アクル	299	1	15	550	1034	6
1317	ランビリズマ	274	0	15	300	1088	6
1318	イグニス	274	1	20	500	1060	3
1319	ヴィクシェーパ	294	0	15	600	1043	3
1320	イグニション	333	0	20	800	1082	3
1321	ミグラーク	333	1	10	400	1220	3
1322	ホア	297	0	5	10	1102	3
1323	ドウン	297	1	5	540	1159	3
1324	グアン	297	1	10	720	1162	3
1325	ホロケウ	328	1	5	370	1198	3
1326	マルム	333	1	15	400	994	3
1327	アイトリア	274	0	20	600	989	6
1328	クリエ	346	0	5	180	1029	3
1329	キュール	337	1	5	250	961	3
1330	チンア	269	0	5	600	1049	3
1331	プレーステール	200	0	20	600	1192	3
1332	ペリオドゥス	200	0	25	860	990	9
1333	メイリー	297	0	10	600	1041	3
1334	エヤミ	269	0	10	600	1280	3
1335	シュクア	269	1	5	600	994	3
1336	ラウフェン	346	1	5	0	962	6
1337	ポテトサラダ	128	0	20	600	538	3
1338	ライフ	337	0	5	250	1010	3
1339	ブリゼ	324	1	5	500	1023	3
1340	オンブロス	299	0	5	100	1023	3
1341	プルウィア	299	0	10	400	1122	6
1342	ボラ	299	1	20	700	1062	6
1343	タアーム	299	1	25	1100	1091	30
1344	ヒョロリ	193	1	5	190	994	3
1345	ティーヴラ	274	1	25	1000	1115	9
1346	ノンノ	328	0	5	100	1044	3
1347	カノニ	294	0	20	600	1128	3
1348	レスレクシオン	294	0	25	1200	1186	9
1349	クネウス	333	0	25	800	1022	9
1350	スピンテール	340	0	20	750	960	3
1351	エルプシオン	340	0	25	900	997	16
1352	ジーチ	352	0	15	400	1043	3
1353	カデーナ	213	0	5	400	1023	3
1354	レント	369	0	5	400	960	3
1355	ゲブリュル	369	0	10	400	1086	6
1356	バオシー	297	1	15	540	1102	3
1357	レウコス	219	0	5	320	1023	3
1358	シーラ	213	1	5	100	1023	3
1359	タルサレオス	237	1	5	400	1023	3
1360	ジンシェン	297	0	15	800	964	3
1361	イーリス	274	0	25	900	1118	9
1362	カオスヘッド	237	0	5	500	1023	3
1363	メアン	328	1	10	450	1077	3
1364	カタラ	141	1	5	160	707	6
1365	コロリ	269	0	15	600	1116	3
1366	エキレイ	269	1	10	600	1151	3
1367	フォルティス	346	1	10	900	1079	6
1368	フェール	346	1	15	720	1136	6
1369	ポテトドライブ	128	0	25	700	397	9
1370	カルト	337	0	10	500	1198	3
1371	フロッケ	337	1	10	500	1021	3
1372	スルク	328	0	10	600	1060	3
1373	ビャンコ	324	0	5	300	1023	3
1374	ムアーマラ	299	0	15	400	1086	6
1375	セキア	269	1	15	600	1099	3
1376	ソムニウム	219	1	5	500	1023	3
1377	ヘルミナシオン	193	1	10	280	964	3
1378	ブラックマッペ	193	1	15	400	969	3
1379	ディザスター	352	0	20	500	1088	6
1380	デスクラウド	352	0	25	600	1266	16
1381	アスヒモス	346	0	10	550	1133	3
1382	ホイシン	297	1	20	720	983	3
1383	リュウシン	297	1	25	1440	1194	15
1384	ディバインブレス	219	0	10	400	992	3
1385	テリア	333	1	20	800	996	3
1386	アルミュール	213	1	10	500	1013	3
1387	イフティヤージュ	333	1	25	800	997	16
1388	アビスブレス	237	1	10	400	1056	3
1389	ホアンジュエ	297	0	20	850	1096	3
1390	ドロフォノス	237	0	10	600	1082	3
1391	ノワルーナ	213	0	10	340	1013	3
1392	カムイノミ	328	1	15	700	1021	3
1393	ゴルペアール	237	1	15	700	962	6
1394	ミエド	369	1	10	340	960	3
1395	ヤクヅキ	269	0	20	950	1034	6
1396	テキサツ	269	0	25	1300	1101	12
1397	アンスタン	337	1	15	750	1056	3
1398	パシアンス	346	1	20	900	989	6
1399	ブリーナ	337	0	15	750	1060	3
1400	アーンバル	337	0	20	1000	1082	3
1401	ヘペライ	328	0	15	700	1010	3
1402	ルヤンペ	328	0	20	1100	1035	3
1403	パーフェクトライン	366	0	25	600	1089	20
1404	ヒュラリ	193	0	5	190	989	6
1405	プラロースト	193	0	10	280	1077	3
1406	インベル	299	0	20	450	1035	3
1407	テンポラーレ	299	0	25	900	1121	30
1408	レイキ	269	1	20	950	1122	6
1409	テンチュウ	269	1	25	1300	1069	30
1410	フリーギドゥム	219	1	10	600	971	3
1411	クルック	324	1	10	750	983	3
1412	ビーンズブラスト	193	1	20	800	1018	3
1413	アルファルファ	193	1	25	1200	1161	12
1414	デモンハング	313	0	5	360	1082	3
1415	ナミョーク	313	0	10	640	989	6
1416	チャールストン	343	0	5	420	1086	6
1417	エティマシア	321	1	5	280	1021	3
1418	タングルマインド	213	0	15	400	1028	6
1419	スペクトラ	343	1	5	390	1062	6
1420	オンディーナ	343	1	10	580	995	3
1421	狐雨	302	0	5	400	1007	3
1422	トランキュリティ	219	0	15	750	1007	3
1423	フマニタース	219	0	20	800	1036	3
1424	オゲーラ	313	1	5	120	1065	3
1425	イディオータ	313	1	10	360	1065	3
1426	オルビード	213	1	15	680	1079	6
1427	リズヴェリオ	213	1	20	1200	1156	3
1428	デスティエロ	237	1	20	700	965	3
1429	シンユィン	297	0	25	1250	1015	9
1430	ソレカランテ	237	0	15	540	1088	6
1431	バクルム	278	1	5	400	1023	3
1432	キムンカムイ	328	1	20	1200	1036	3
1433	クトゥネシリカ	328	1	25	1500	1163	15
1434	ヘイディーズ	237	1	25	340	1105	12
1435	バランガ	337	1	20	1000	958	3
1436	クローフィ	369	0	15	400	1049	3
1437	グリムリーパー	369	0	20	800	1173	3
1438	コンキターティオ	346	1	25	1200	1141	40
1439	トルメンタ	337	0	25	1250	1061	15
1440	リョクトウ	193	0	15	400	1157	3
1441	キュアノエイデス	321	0	5	320	1198	3
1442	フェリキタス	321	0	10	550	964	3
1443	狐火	302	1	5	400	1007	3
1444	雷霆	302	1	10	550	1036	3
1445	クラウト	278	0	5	330	1041	3
1446	オリカルクム	219	1	15	800	1026	3
1447	ルギートゥス	324	1	15	750	1157	3
1448	クレシタ	201	0	5	350	991	3
1449	トノティコ	201	0	10	700	992	3
1450	暁闇	302	0	10	550	1036	3
1451	カンナカムイ	328	0	25	1600	1154	12
1452	カロス	313	0	15	990	1151	3
1453	ブラックバッカラ	343	0	10	680	1077	3
1454	シャルルドゥゴール	343	0	15	890	1034	6
1455	コレール	346	0	15	860	1037	3
1456	タルピエーダ	321	1	10	420	1021	3
1457	シルバースレッド	213	0	20	340	1029	3
1458	シュペールバルク	343	1	15	720	1068	6
1459	月虹	302	0	15	800	966	3
1460	ヘブンズフォール	219	0	25	340	1204	40
1461	フラクシヌス	213	1	25	700	1123	24
1462	ナスタルギーエ	337	1	25	1250	1247	18
1463	クサリン	253	1	5	400	1018	3
1464	デスグラシア	237	0	20	660	1037	3
1465	エクリクシス	237	0	25	900	1069	30
1466	パニスヒロス	213	0	25	1200	1030	9
1467	クラーワ	278	1	10	400	992	3
1468	カルテリコス	278	1	15	400	1053	3
1469	ヴァンジャンス	313	1	15	720	969	3
1470	フィー	253	0	5	800	983	3
1471	ディスティキア	369	0	25	800	1328	10
1472	アルクス	201	1	5	500	1100	3
1473	ビーンズスパウト	193	0	20	800	1159	3
1474	フェヌグリーク	193	0	25	1200	1199	12
1475	トラゴス	321	0	15	500	1005	6
1476	刹鬼	302	1	15	800	966	3
1477	アネシス	278	0	10	480	1026	3
1478	スペクルム	278	0	15	670	1053	3
1479	シニスフォラ	219	1	20	700	1067	3
1480	カフチェーク	219	1	25	1500	1085	6
1481	トレスカーラ	324	1	20	900	1007	3
1482	クオーレ	201	0	15	500	1053	3
1483	インサニオ	369	1	15	500	1013	3
1484	アンヴァイスール	324	1	25	1200	1115	9
1485	トレラ	313	0	20	880	1126	6
1486	ヘルシャフト	313	0	25	1000	1091	30
1487	ブルーヘブン	343	0	20	1230	1043	3
1488	カーディナルフューム	343	0	25	1700	1271	20
1489	フルクトゥス	321	1	15	880	1005	6
1490	ウェスターランド	343	1	20	1080	1044	3
1491	クリスチャンディオール	343	1	25	1600	993	9
1492	天籟	302	0	20	1300	1053	3
1493	九泉	302	0	25	1800	1091	30
1494	イミンージュン	253	1	10	600	1067	3
1495	ピチャーチ	278	1	20	900	1026	3
1496	ルガン	278	1	25	900	1221	30
1497	イプノティスモ	313	1	20	960	969	3
1498	テスタメント	313	1	25	1110	1091	30
1499	シガラナミ	253	0	10	800	1157	3
1500	イクテュエス	321	0	20	500	1032	3
1501	ヴォワラクテ	321	0	25	1500	1134	10
1502	モトゥール	324	0	10	800	971	3
1503	ヴォルーズ	324	0	15	750	1028	6
1504	褶曲	302	1	20	1300	1053	3
1505	九刑	302	1	25	1800	1069	30
1506	レクトゥス	278	0	20	600	1036	3
1507	ストノス	201	0	20	800	1020	3
1508	アラストラール	201	0	25	800	1205	15
1509	パヌルゴス	369	1	20	600	1052	3
1510	トループ	369	1	25	800	1272	30
1511	酒息	323	1	5	200	961	3
1512	袈裟斬り	323	1	10	400	958	3
1513	ニエンテ	293	1	5	260	1151	3
1514	エルクシ	293	1	10	540	1056	3
1515	パトーク	298	1	5	180	971	3
1516	インスティント	346	0	20	1000	1116	3
1517	ナウティコン	321	1	20	1400	1007	3
1518	アルヒェ	321	1	25	1800	1123	24
1519	アニムス	304	1	5	0	1025	3
1520	グローム	332	0	5	400	994	3
1521	紅蓮	341	0	5	480	996	3
1522	コンヘラシオン	293	0	5	400	1198	3
1523	リドニーク	293	0	10	640	1032	3
1524	ブロキュス	201	1	10	300	1007	3
1525	ゲファー	332	1	5	500	994	3
1526	スタウロス	332	1	10	500	1218	3
1527	酔郷	323	0	5	200	1104	6
1528	ラディウス	332	0	10	740	1000	6
1529	インクボ	304	0	5	400	1082	3
1530	カジマチ	253	0	15	800	964	3
1531	カンナイ	253	0	20	800	1007	3
1532	ピリジーチ	201	1	15	700	1026	3
1533	アイズングラス	324	0	20	1000	1079	6
1534	シュネーヴァイス	324	0	25	1000	1132	10
1535	ヴァイスハイト	278	0	25	1140	1163	15
1536	フェルウォル	304	0	10	650	1082	3
1537	カニハンディーン	253	1	15	800	966	3
1538	アラビ	253	1	20	1200	1053	3
1539	エンフェルメダ	304	1	10	600	1036	3
1540	滅多斬り	323	1	15	600	1036	3
1541	アーイズビルク	293	1	15	700	958	3
1542	アフランニク	298	1	10	500	1028	6
1543	ヴァダパート	298	1	15	600	1060	3
1544	炎環	341	0	10	800	1128	3
1545	ヴァルナ	298	0	5	250	1023	3
1546	ウスカレーニ	332	1	15	800	1005	6
1547	酒宴	323	0	10	400	1082	3
1548	杯酒解怨	323	0	15	600	994	3
1549	コディシア	293	0	15	840	1082	3
1550	フルグル	332	0	15	900	1116	3
1551	熾火	341	1	5	560	1116	3
1552	韋駄天	341	1	10	700	965	3
1553	シニマブイ	253	0	25	800	1022	9
1554	フルリオ	201	1	20	980	1005	6
1555	フュージョン	201	1	25	1200	1027	30
1556	カキア	317	1	5	180	1000	6
1557	アスファリヤ	304	1	15	800	1064	3
1558	エガリテ	304	0	15	700	1082	3
1559	クラール	317	1	10	480	1018	3
1560	ウタキ	253	1	25	1200	1081	12
1561	エクスピアシオン	293	1	20	800	1055	3
1562	ディスカリカ	293	1	25	1500	1184	12
1563	リスパルミオ	298	1	20	3000	1196	9
1564	フルクティクルス	298	1	25	1200	1197	9
1565	グロトーン	346	0	25	2000	1121	30
1566	フムス	317	0	5	300	1049	3
1567	コセーチャ	317	0	10	600	966	3
1568	モールニア	332	1	20	1100	1096	3
1569	カタラクト	298	0	10	550	1013	3
1570	死毒焔	341	0	15	520	995	3
1571	エンペラドール	332	1	25	2200	1256	12
1572	紅灯緑酒	323	0	20	800	1068	6
1573	八岐之傷	323	0	25	1000	1089	20
1574	フリジットゾーン	293	0	20	1300	1013	3
1575	フィラキ	293	0	25	1600	1255	12
1576	首斬り	323	1	20	800	970	3
1577	酔生夢死	323	1	25	1000	959	9
1578	轟炎	341	1	15	700	1043	3
1579	ミラーグロ	304	1	20	1200	1041	3
1580	レガシー	304	1	25	1600	1238	18
1581	アスケンシオ	304	0	20	1400	1082	3
1582	ムドレーツ	304	0	25	1500	1207	30
1583	ストリリブル	317	1	15	880	969	3
1584	紅蓮華	247	1	5	400	1043	3
1585	アルヘナ	275	0	5	800	1028	6
1586	クロンヌ	349	1	5	320	992	3
1587	フィラクト	349	1	10	450	1013	3
1588	猛焔	247	0	5	400	1088	6
1589	リチェーニエ	317	0	15	900	1082	3
1590	クリシス	332	0	20	1300	966	3
1591	オルド	298	0	15	820	1036	3
1592	幽愁暗恨	341	0	20	1500	1308	6
1593	迦楼羅焔	341	0	25	1500	1309	120
1594	アモーレ	270	0	5	680	1122	6
1595	サンクションズ	332	0	25	2000	1155	12
1596	デネブ	275	1	5	700	1021	3
1597	エルナト	275	1	10	500	1060	3
1598	ピオネール	309	1	5	580	1056	3
1599	グラニースミス	309	1	10	820	1007	3
1600	ウィンクルム	270	1	5	480	1023	3
1601	スプレンダー	270	1	10	780	1159	3
1602	火車地獄	247	1	10	800	1056	3
1603	鬼気森然	341	1	20	1400	1183	9
1604	鮮血淋漓	341	1	25	1400	1252	24
1605	トラヴァー	309	0	5	600	1035	3
1606	パギダ	339	0	5	500	992	3
1607	ムーシクス	339	0	10	500	1013	3
1608	ピゲス	344	0	5	0	1044	3
1609	ベルベット	344	0	10	770	1077	3
1610	ラクエウス	339	1	5	500	962	6
1611	ウェズン	275	0	10	600	1162	3
1612	エボルシオン	317	1	20	1000	989	6
1613	ウクリプレーニ	317	1	25	1500	1229	10
1614	ティライユール	339	1	10	500	1034	6
1615	レースノワエ	349	1	15	820	1018	3
1616	レパラール	317	0	20	1200	1026	3
1617	リリーフ	317	0	25	1500	1221	30
1618	大焼処	247	0	10	800	1082	3
1619	リアン	270	0	10	550	1102	3
1620	ヴェガ	275	1	15	1000	1096	3
1621	ブレイバーン	309	1	15	880	1023	3
1622	アイストゥス	298	0	20	1180	1005	6
1623	シャグランダムール	270	1	15	700	960	3
1624	レッドデリシャス	309	0	10	920	1036	3
1625	ティルクラウト	344	1	5	470	1056	3
1626	死活等処	247	1	15	1200	995	3
1627	デコイ	339	0	15	800	1082	3
1628	ペリヴァロン	344	0	15	1040	991	3
1629	アルタイル	275	0	15	1000	1060	3
1630	ホーリーリング	349	0	5	420	1013	3
1631	ニャンニャンウォーズ	349	1	20	2200	1000	6
1632	スタグロフォリア	349	1	25	1800	1216	15
1633	エスペスーラ	344	1	10	690	958	3
1634	炉火純青	247	0	15	1200	1128	3
1635	十一炎処	247	0	20	1600	1005	6
1636	マルダムール	270	0	15	920	1144	3
1637	アルニラム	275	1	20	1000	1014	3
1638	アクルックス	275	1	25	1500	1216	15
1639	スターキングデリシャス	309	1	20	1200	1079	6
1640	アンティステス	309	1	25	1700	1091	30
1641	マナンティアール	298	0	25	200	1312	24
1642	ベーリーオクルス	349	0	10	580	1082	3
1643	ファシネーションワルツ	270	1	20	900	1013	3
1644	グッドラックチャーム	270	1	25	1800	1314	30
1645	ハニークリスプ	309	0	15	900	1067	3
1646	アルマ	344	1	15	800	1007	3
1647	活火激発	247	1	20	1600	966	3
1648	大鉢特摩処	247	1	25	2000	1135	40
1649	アルティソナンテ	339	0	20	1100	1088	6
1650	マギコスキクロス	339	0	25	1500	1123	24
1651	フングラ	344	0	20	1320	1053	3
1652	ディミウルギア	344	0	25	1720	1087	15
1653	アトリア	275	0	20	1300	1096	3
1654	ミアプラキドス	275	0	25	1700	1283	30
1655	ルムフ	303	1	5	700	958	3
1656	エキタシオン	303	1	10	700	961	3
1657	デザフィアドール	339	1	15	800	1000	6
1658	マクシド	249	0	5	700	1013	3
1659	ナジュム	249	0	10	800	1136	6
1660	大焦熱地獄	247	0	25	2000	1265	9
1661	プルミエラムール	270	0	20	1230	1063	3
1662	グロリアスビューティー	270	0	25	1600	1236	9
1663	ペルクッソル	339	1	20	1100	965	3
1664	ワラク	228	1	5	550	1013	3
1665	アウシャーブ	228	1	10	1200	991	3
1666	プロトポロス	344	1	20	1100	1036	3
1667	テライトレモル	344	1	25	1480	1299	21
1668	ザフラ	228	0	5	600	991	3
1669	ロータス	363	0	5	430	991	3
1670	パルマコン	228	0	10	900	1020	3
1671	クレクス	245	1	5	600	1026	3
1672	ヴィア	303	1	15	700	1104	6
1673	カルニフェクス	339	1	25	1500	1160	9
1674	ソステン	245	0	5	540	983	3
1675	ゲリール	245	0	10	740	966	3
1676	サンセール	353	1	5	500	994	3
1677	リュビョーフィ	353	1	10	500	1274	3
1678	セピア	303	0	5	700	1014	3
1679	カラパス	245	1	10	870	1041	3
1680	ヘーリオス	349	0	15	1000	1036	3
1681	スフィナ	249	0	15	1000	1068	6
1682	スィッハ	228	1	15	870	1028	6
1683	アレテ	353	0	5	600	1082	3
1684	ソコーロ	353	0	10	980	1032	3
1685	ルーフ	363	1	5	330	1021	3
1686	サブハ	303	0	10	700	1049	3
1687	ゴールデンデリシャス	309	0	20	980	983	3
1688	ワンダーランド	309	0	25	2400	1244	15
1689	ネルビオ	249	1	5	400	966	3
1690	ニャンニャンカーニバル	349	0	20	2200	1122	6
1691	ソメイユ	363	0	10	580	1029	3
1692	ラウルス	363	0	15	1000	1037	3
1693	アコニート	228	0	15	900	1079	6
1694	オンブル	303	1	20	2100	1005	6
1695	ファーリス	303	1	25	2100	1205	15
1696	アスラハ	245	1	15	1140	1053	3
1697	ディアレーア	245	0	15	1010	1023	3
1698	アウレアイラ	349	0	25	1800	1194	15
1699	セルピエンテ	249	0	20	1300	1035	3
1700	パヴォーネ	249	0	25	1700	1272	30
1701	ねこばば	202	1	5	100	956	3
1702	猫かぶり	202	1	10	500	956	3
1703	ペインキラー	228	1	20	1500	992	3
1704	プロスペラーレ	228	1	25	2400	1184	12
1705	ストゥディウム	353	0	15	1000	1000	6
1706	ブルート	303	0	15	700	991	3
1707	サイド	249	1	10	600	1126	6
1708	クエルクス	249	1	15	1200	1056	3
1709	ハッズサイード	363	0	20	1350	1035	3
1710	ルスキニア	363	0	25	1800	1081	12
1711	アーレア	228	0	20	1300	1080	6
1712	ソーリスルクス	228	0	25	1800	1081	12
1713	タタウル	245	1	20	1500	1122	6
1714	ベガルタ	245	0	20	1400	1005	6
1715	モラルタ	245	0	25	2800	1089	20
1716	パシエンテ	353	1	15	850	1025	3
1717	カバジェリーア	356	1	5	700	961	3
1718	火遁の術	310	0	5	600	994	3
1719	氷遁の術	310	0	10	600	1122	6
1720	インビアートゥ	245	1	25	3000	1123	24
1721	レーフ	238	1	5	550	991	3
1722	ブリス	238	1	10	750	967	3
1723	デアデビル	246	1	5	600	1023	3
1724	ベンガンサ	246	1	10	900	1023	3
1725	ホージャ	238	0	5	650	1007	3
1726	クリューソス	238	0	10	650	1023	3
1727	猫に小判	202	0	5	50	969	3
1728	猫の念仏	202	0	10	250	1007	3
1729	ヴイト	364	1	5	680	1023	3
1730	撒菱	310	1	5	300	994	3
1731	窮鼠猫が噛む	202	1	15	500	1056	3
1732	ウーム	353	0	20	1500	989	6
1733	カルディア	353	0	25	1800	1132	10
1734	オスクリダー	303	0	20	2100	1036	3
1735	ファーイズ	303	0	25	2100	1027	30
1736	イーラ	364	0	5	920	1026	3
1737	テリブルタイド	364	0	10	1300	1028	6
1738	ペーペル	246	0	5	420	1023	3
1739	エーヌ	246	0	10	420	1023	3
1740	ショック	335	1	5	150	1000	6
1741	ピエージュ	335	1	10	740	1157	3
1742	リア	335	0	5	500	962	6
1743	ベハンドルング	335	0	10	500	1044	3
1744	スマラクト	198	1	5	400	1055	3
1745	エンスレイヴ	198	1	10	800	1031	3
1746	マーイ	172	1	10	550	8	0
1747	カンナース	249	1	20	1600	958	3
1748	テーレウシス	249	1	25	2000	959	9
1749	兵糧丸	310	1	10	300	958	3
1750	イディナローク	177	1	10	700	8	0
1751	シール	353	1	20	1400	1013	3
1752	サイコロジー	353	1	25	1600	1275	10
1753	風遁の術	310	0	15	600	1037	3
1754	テーサウルス	238	1	15	950	1067	3
1755	ディリリアム	246	1	15	1200	1005	6
1756	ビブラート	238	0	15	850	991	3
1757	猫の手を借したい	174	0	15	1250	8	0
1758	カスケード	364	1	10	820	966	3
1759	ピユール	364	1	15	910	1053	3
1760	エクエス	177	1	15	1000	8	0
1761	猟ある猫は牙を剥く	202	1	20	1500	1104	6
1762	猫は長者に生まれ変わる	202	1	25	1500	1229	10
1763	トルペード	364	0	15	800	1053	3
1764	フォボス	246	0	15	870	1005	6
1765	フランコティラドール	335	1	15	1100	966	3
1766	モラール	335	0	15	1500	1044	3
1767	ゼピュロス	198	1	15	1200	1098	3
1768	プリエール	198	0	5	400	1032	3
1769	エウロス	198	0	10	800	1098	3
1770	木遁の術	310	1	15	300	1136	6
1771	バトルソング	238	1	20	750	966	3
1772	土遁の術	310	0	20	600	1116	3
1773	鏡面世界	310	0	25	6000	1288	30
1774	ナグラーダ	238	1	25	950	1132	10
1775	ディミオス	246	1	20	1500	1005	6
1776	レダニマーティオ	246	1	25	1800	1221	30
1777	マリオネット	238	0	20	1150	970	3
1778	アルシオン	238	0	25	1550	1050	12
1779	猫の手を貸したい	202	0	15	1250	1018	3
1780	猫の前の鼠	202	0	20	1250	1036	3
1781	猫が殺せば七代祟る	202	0	25	2500	1288	30
1782	カトプトロン	364	1	20	1050	1021	3
1783	アロンダイト	356	1	20	1500	970	3
1784	ペルル	363	1	15	770	1013	3
1785	フレッド	364	0	20	1240	1156	3
1786	エクソリア	179	0	25	1600	8	0
1787	カルワーリア	246	0	20	1670	1005	6
1788	カンニバルコープス	246	0	25	1900	1221	30
1789	マルコシアス	180	1	20	1600	8	0
1790	パンテラ	335	1	25	2000	1080	6
1791	ストレローク	335	0	20	500	1077	3
1792	サバイブ	335	0	25	1500	1333	30
1793	リフレッシュ	198	1	20	1500	1044	3
1794	コスモス	198	1	25	3000	1030	9
1795	スピリッツ	198	0	15	3000	1044	3
1796	山彦の術	310	1	20	1200	989	6
1797	屍山血河	310	1	25	1200	1288	30
1798	カルネージ	356	1	25	2000	959	9
1799	エリーダ	182	0	5	900	8	0
1800	トラペザリア	288	0	10	820	1082	3
1801	エマ	300	0	5	500	1005	6
1802	ズィッル	300	1	5	420	1036	3
1803	ソンノ	319	0	5	750	1023	3
1804	ザラーム	300	0	10	1000	1166	3
1805	カラーマ	288	1	5	600	1056	3
1806	ヒューエトス	347	0	5	450	1088	6
1807	チュバスコ	347	0	10	820	1196	9
1808	バダヴァロート	364	1	25	2420	1167	9
1809	メーラ	195	0	5	430	1018	3
1810	アメーラ	195	0	10	840	1122	6
1811	トゥムーフ	319	1	5	1300	1021	3
1812	ターラ	357	1	5	700	1056	3
1813	ブレシュール	185	1	10	800	8	0
1814	シュジャーア	184	1	10	1300	8	0
1815	エスカルチャ	184	0	10	750	8	0
1816	ターブート	363	1	20	990	991	3
1817	アブラージュ	363	1	25	3210	1314	30
1818	ニュクテリス	300	1	10	1200	1068	6
1819	チェルキオマジコ	198	0	20	1500	1036	3
1820	ユートピア	198	0	25	3000	1283	30
1821	リヒト	188	1	5	280	8	0
1822	ブルジュ	188	1	10	500	8	0
1823	ギーア	182	0	15	980	8	0
1824	サングエ	300	0	15	1500	1064	3
1825	ブラッドサッカー	300	1	15	820	1013	3
1826	ディスジェーロ	319	0	15	1500	1060	3
1827	トロペー	288	1	10	650	1056	3
1828	ソウルイーター	182	1	15	1100	8	0
1829	アクアツォーネ	347	0	15	1000	1082	3
1830	ネルケ	195	0	15	1140	1104	6
1831	テッレモート	319	1	15	750	1056	3
1832	コルソ	186	1	5	500	8	0
1833	サーヒラ	357	0	5	0	1099	3
1834	パラシトス	357	0	10	600	1007	3
1835	シャラク	195	1	5	1400	1034	6
1836	スヴュート	188	0	5	480	8	0
1837	エスティエイン	288	0	20	1600	992	3
1838	ペレエダーニエ	288	0	25	3200	1205	15
1839	ドゥルケ	300	0	20	2000	1144	3
1840	トラゴエディア	300	0	25	2500	1244	15
1841	アインアルヒル	300	1	20	1500	1062	6
1842	ブラッドネイル	183	1	25	2000	8	0
1843	オアシス	186	1	10	1000	8	0
1844	グランドー	184	0	20	3000	8	0
1845	シュトゥルム	186	0	20	1400	8	0
1846	ティフォーネ	186	0	25	2100	8	0
1847	ヴァランガ	184	1	20	2600	8	0
1848	リュアクス	186	1	15	800	8	0
1849	ベンティスカ	319	0	25	3000	1121	30
1850	ファイルーズ	185	0	15	1200	8	0
1851	フラワリング	187	0	20	1450	8	0
1852	ノメオルビーデス	187	0	25	1860	8	0
1853	ナバート	187	1	10	800	8	0
1854	ハイレン	195	1	15	1200	1023	3
1855	ハンマーヘイル	319	1	25	2600	1276	15
1856	キーメクス	188	0	10	620	8	0
1857	アクティース	188	0	15	800	8	0
1858	ピリオド	186	1	20	1600	8	0
1859	ウーンデキム	186	1	25	3200	8	0
1860	ニテンス	188	1	15	900	8	0
1861	シャイニングボディ	188	1	20	3000	8	0
1862	スヴィルカーニー	188	1	25	3000	8	0
1863	ヴィストルイ	182	1	20	1100	8	0
1864	ゴワンフルティ	182	1	25	2200	8	0
1865	クレミージ	185	1	15	900	8	0
1866	タグイール	185	1	20	2800	8	0
1867	ブラッドストーム	185	1	25	3600	8	0
1868	パルイフ	185	0	20	1800	8	0
1869	カルミーンロート	185	0	25	2400	8	0
1870	オリーヴァ	187	1	20	1800	8	0
1871	ロリエ	187	1	25	2800	8	0
1872	オプグナートル	177	0	5	600	8	0
1873	キューンハイト	177	0	10	850	8	0
1874	ハプルーン	177	0	15	700	8	0
1875	ルスデルソル	188	0	20	1500	8	0
1876	レスプランドール	188	0	25	3000	8	0
1877	アンピュルシオン	177	0	20	1110	8	0
1878	オーバーラン	177	0	25	1750	8	0
