result_no	generate_no	e_no	order	embryo_id	is_physics	lv	
3	0	1	1 	1	1	10
3	0	1	2 	11	1	10
3	0	1	3 	5	1	10
3	0	1	4 	7	1	5
3	0	2	1 	2	1	16
3	0	2	2 	12	1	5
3	0	2	3 	13	1	6
3	0	3	1 	3	0	15
3	0	3	2 	13	0	5
3	0	3	3 	14	0	9
3	0	4	1 	2	1	10
3	0	4	2 	10	1	5
3	0	4	3 	8	1	10
3	0	4	4 	14	1	5
3	0	5	1 	4	0	15
3	0	5	2 	13	0	5
3	0	5	3 	1	0	5
3	0	6	1 	5	1	14
3	0	6	2 	6	0	5
3	0	6	3 	13	1	5
3	0	6	4 	7	1	5
3	0	7	1 	2	1	16
3	0	7	2 	14	1	5
3	0	7	3 	15	1	5
3	0	8	1 	1	1	10
3	0	8	2 	2	1	15
3	0	9	1 	5	1	12
3	0	9	2 	2	1	10
3	0	9	3 	14	1	5
3	0	9	4 	13	1	5
3	0	10	1 	4	1	15
3	0	10	2 	10	1	10
3	0	11	1 	6	1	15
3	0	11	2 	13	1	5
3	0	12	1 	2	1	16
3	0	12	2 	5	1	10
3	0	13	1 	2	1	19
3	0	14	1 	7	1	15
3	0	14	2 	4	1	5
3	0	14	3 	3	1	5
3	0	15	1 	8	0	10
3	0	15	2 	11	0	14
3	0	15	3 	4	0	5
3	0	16	1 	4	0	15
3	0	16	2 	7	0	10
3	0	17	1 	1	1	15
3	0	17	2 	6	1	10
3	0	19	1 	5	0	15
3	0	19	2 	3	0	5
3	0	19	3 	1	0	10
3	0	20	1 	8	0	15
3	0	20	2 	8	1	12
3	0	21	1 	9	1	14
3	0	21	2 	7	1	5
3	0	21	3 	13	1	5
3	0	21	4 	2	1	5
3	0	22	1 	3	1	17
3	0	22	2 	13	1	5
3	0	23	1 	5	1	15
3	0	23	2 	9	1	5
3	0	23	3 	13	1	5
3	0	23	4 	2	1	5
3	0	24	1 	6	1	10
3	0	24	2 	3	1	5
3	0	24	3 	14	1	5
3	0	24	4 	7	1	5
3	0	25	1 	2	1	12
3	0	25	2 	10	1	14
3	0	26	1 	10	1	19
3	0	27	1 	2	0	16
3	0	27	2 	5	0	10
3	0	28	1 	3	1	10
3	0	28	2 	2	1	10
3	0	28	3 	13	1	10
3	0	29	1 	11	0	18
3	0	29	2 	14	0	5
3	0	30	1 	5	1	16
3	0	30	2 	13	1	6
3	0	31	1 	1	0	15
3	0	31	2 	5	0	10
3	0	31	3 	11	0	5
3	0	32	1 	8	1	15
3	0	32	2 	3	0	9
3	0	33	1 	6	0	19
3	0	34	1 	2	1	15
3	0	34	2 	5	1	10
3	0	35	1 	2	1	15
3	0	35	2 	7	1	10
3	0	36	1 	8	1	17
3	0	36	2 	13	1	5
3	0	37	1 	4	1	19
3	0	38	1 	10	1	18
3	0	39	1 	5	1	10
3	0	39	2 	7	1	5
3	0	39	3 	6	1	10
3	0	39	4 	11	1	5
3	0	40	1 	2	0	15
3	0	40	2 	9	0	9
3	0	41	1 	2	1	15
3	0	41	2 	5	1	10
3	0	42	1 	2	1	15
3	0	42	2 	13	1	10
3	0	43	1 	6	1	16
3	0	43	2 	15	1	5
3	0	43	3 	12	1	5
3	0	44	1 	10	1	15
3	0	44	2 	8	1	10
3	0	44	3 	7	1	5
3	0	45	1 	5	0	19
3	0	46	1 	6	1	16
3	0	46	2 	7	1	5
3	0	46	3 	14	1	5
3	0	47	1 	10	1	17
3	0	47	2 	15	1	5
3	0	47	3 	7	1	5
3	0	48	1 	1	1	17
3	0	48	2 	14	1	5
3	0	49	1 	9	0	14
3	0	49	2 	9	1	10
3	0	49	3 	8	1	5
3	0	50	1 	9	0	15
3	0	50	2 	12	0	5
3	0	50	3 	14	0	5
3	0	50	4 	11	0	5
3	0	51	1 	8	1	15
3	0	51	2 	2	1	9
3	0	51	3 	20	1	1
3	0	52	1 	2	1	19
3	0	53	1 	6	0	15
3	0	53	2 	13	0	10
3	0	54	1 	7	0	19
3	0	55	1 	10	1	15
3	0	55	2 	12	1	10
3	0	56	1 	5	0	10
3	0	57	1 	10	1	16
3	0	57	2 	8	1	5
3	0	58	1 	6	1	16
3	0	58	2 	11	1	10
3	0	59	1 	2	1	15
3	0	59	2 	6	1	10
3	0	61	1 	2	1	17
3	0	61	2 	15	1	5
3	0	62	1 	2	1	15
3	0	62	2 	13	1	3
3	0	63	1 	3	0	17
3	0	63	2 	14	0	5
3	0	65	1 	11	0	15
3	0	65	2 	13	0	5
3	0	65	3 	5	0	10
3	0	66	1 	3	0	16
3	0	67	1 	1	0	15
3	0	67	2 	14	0	10
3	0	68	1 	6	1	12
3	0	68	2 	3	1	10
3	0	68	3 	1	1	5
3	0	68	4 	7	1	5
3	0	69	1 	12	1	15
3	0	69	2 	14	1	10
3	0	69	3 	9	1	5
3	0	70	1 	11	1	10
3	0	70	2 	5	1	10
3	0	70	3 	7	1	5
3	0	71	1 	8	1	19
3	0	72	1 	11	0	18
3	0	73	1 	2	1	15
3	0	74	1 	4	0	14
3	0	75	1 	2	1	16
3	0	75	2 	15	1	5
3	0	75	3 	9	1	5
3	0	76	1 	8	1	16
3	0	76	2 	15	1	5
3	0	76	3 	4	1	5
3	0	77	1 	4	1	15
3	0	77	2 	10	1	10
3	0	78	1 	2	1	17
3	0	78	2 	6	1	5
3	0	79	1 	5	0	18
3	0	79	2 	14	0	5
3	0	80	1 	8	1	15
3	0	80	2 	10	1	10
3	0	81	1 	7	1	19
3	0	81	2 	9	1	5
3	0	82	1 	8	0	15
3	0	82	2 	8	1	12
3	0	83	1 	6	0	10
3	0	83	2 	14	0	5
3	0	83	3 	1	0	5
3	0	84	1 	2	1	15
3	0	84	2 	6	1	11
3	0	85	1 	3	0	15
3	0	85	2 	4	0	11
3	0	86	1 	11	1	17
3	0	86	2 	2	1	5
3	0	87	1 	10	1	16
3	0	87	2 	4	1	10
3	0	88	1 	7	1	18
3	0	89	1 	11	1	10
3	0	89	2 	5	1	10
3	0	89	3 	13	1	10
3	0	90	1 	3	0	15
3	0	90	2 	10	0	5
3	0	91	1 	1	1	18
3	0	92	1 	8	1	15
3	0	92	2 	10	1	5
3	0	93	1 	6	1	15
3	0	93	2 	13	1	10
3	0	94	1 	5	0	18
3	0	94	2 	3	0	5
3	0	95	1 	11	0	16
3	0	95	2 	1	0	5
3	0	96	1 	11	0	15
3	0	96	2 	14	0	6
3	0	97	1 	12	1	9
3	0	97	2 	12	0	11
3	0	97	3 	11	0	10
3	0	98	1 	11	1	15
3	0	98	2 	10	1	5
3	0	99	1 	11	1	16
3	0	99	2 	13	1	10
3	0	100	1 	7	0	15
3	0	100	2 	14	0	10
3	0	101	1 	1	0	11
3	0	101	2 	5	0	11
3	0	101	3 	3	0	5
3	0	102	1 	11	0	15
3	0	102	2 	1	0	7
3	0	102	3 	5	0	5
3	0	103	1 	8	1	14
3	0	103	2 	10	1	5
3	0	103	3 	13	1	5
3	0	103	4 	1	1	5
3	0	104	1 	6	1	15
3	0	104	2 	14	1	10
3	0	105	1 	11	0	15
3	0	105	2 	12	0	9
3	0	106	1 	2	1	18
3	0	107	1 	2	0	16
3	0	108	1 	12	0	15
3	0	108	2 	14	0	10
3	0	109	1 	1	0	14
3	0	109	2 	13	0	5
3	0	110	1 	4	0	15
3	0	110	2 	1	0	5
3	0	110	3 	7	1	5
3	0	110	4 	5	0	5
3	0	111	1 	3	0	15
3	0	111	2 	15	0	10
3	0	112	1 	10	1	15
3	0	112	2 	6	1	11
3	0	113	1 	5	1	19
3	0	114	1 	9	0	15
3	0	114	2 	13	0	10
3	0	115	1 	7	0	15
3	0	116	1 	1	0	16
3	0	116	2 	15	0	5
3	0	116	3 	10	0	5
3	0	117	1 	8	1	18
3	0	118	1 	3	0	19
3	0	119	1 	2	1	19
3	0	120	1 	2	1	19
3	0	121	1 	4	1	10
3	0	121	2 	10	1	10
3	0	121	3 	3	1	8
3	0	121	4 	12	1	9
3	0	122	1 	3	0	17
3	0	122	2 	1	0	5
3	0	122	3 	13	0	5
3	0	123	1 	3	0	16
3	0	123	2 	15	0	5
3	0	123	3 	10	0	5
3	0	127	1 	2	1	15
3	0	127	2 	6	1	10
3	0	129	1 	7	1	15
3	0	129	2 	6	1	5
3	0	129	3 	13	1	9
3	0	130	1 	3	1	17
3	0	130	2 	14	1	6
3	0	131	1 	7	0	19
3	0	132	1 	9	0	19
3	0	133	1 	11	0	18
3	0	133	2 	13	0	5
3	0	134	1 	7	1	19
3	0	135	1 	8	1	15
3	0	135	2 	10	1	10
3	0	136	1 	12	1	12
3	0	136	2 	7	1	10
3	0	136	3 	14	1	10
3	0	137	1 	8	1	18
3	0	138	1 	3	1	18
3	0	138	2 	13	1	6
3	0	139	1 	2	0	13
3	0	139	2 	4	0	5
3	0	139	3 	14	0	10
3	0	140	1 	1	0	13
3	0	140	2 	12	0	10
3	0	140	3 	14	0	5
3	0	140	4 	7	0	5
3	0	142	1 	12	0	15
3	0	142	2 	11	0	10
3	0	143	1 	6	1	15
3	0	143	2 	2	1	9
3	0	144	1 	4	1	15
3	0	144	2 	13	1	5
3	0	144	3 	14	1	6
3	0	145	1 	10	1	13
3	0	145	2 	3	0	10
3	0	145	3 	14	1	5
3	0	145	4 	18	1	5
3	0	146	1 	10	1	13
3	0	146	2 	1	1	1
3	0	146	3 	13	1	5
3	0	146	4 	8	1	1
3	0	147	1 	10	0	16
3	0	147	2 	4	0	5
3	0	147	3 	13	0	5
3	0	148	1 	9	0	15
3	0	148	2 	13	0	10
3	0	149	1 	1	0	19
3	0	150	1 	3	0	10
3	0	150	2 	8	0	5
3	0	150	3 	13	0	5
3	0	151	1 	11	0	15
3	0	151	2 	5	0	10
3	0	151	3 	1	0	5
3	0	152	1 	2	1	17
3	0	153	1 	4	0	15
3	0	153	2 	11	0	10
3	0	154	1 	7	1	19
3	0	155	1 	11	1	15
3	0	155	2 	13	1	5
3	0	155	3 	7	1	5
3	0	156	1 	11	1	15
3	0	156	2 	7	1	10
3	0	156	3 	1	1	5
3	0	157	1 	9	1	17
3	0	157	2 	13	1	5
3	0	158	1 	6	0	18
3	0	158	2 	11	0	5
3	0	159	1 	9	1	15
3	0	159	2 	8	1	7
3	0	159	3 	14	1	5
3	0	160	1 	5	0	15
3	0	160	2 	6	0	13
3	0	161	1 	11	0	15
3	0	161	2 	1	0	11
3	0	162	1 	7	1	15
3	0	162	2 	1	1	5
3	0	162	3 	12	1	5
3	0	163	1 	2	1	17
3	0	163	2 	6	1	5
3	0	164	1 	6	1	15
3	0	164	2 	9	1	5
3	0	164	3 	13	1	5
3	0	164	4 	8	1	5
3	0	167	1 	2	1	17
3	0	169	1 	6	1	15
3	0	169	2 	2	1	10
3	0	170	1 	10	1	14
3	0	170	2 	11	1	11
3	0	171	1 	5	0	15
3	0	171	2 	3	0	5
3	0	171	3 	14	0	5
3	0	171	4 	7	1	5
3	0	172	1 	1	1	16
3	0	172	2 	5	1	5
3	0	173	1 	8	1	18
3	0	174	1 	6	1	12
3	0	174	2 	12	1	10
3	0	174	3 	13	1	5
3	0	174	4 	14	1	5
3	0	175	1 	1	0	18
3	0	175	2 	20	0	5
3	0	176	1 	7	1	15
3	0	176	2 	2	1	10
3	0	178	1 	2	0	19
3	0	179	1 	4	0	15
3	0	179	2 	1	0	10
3	0	180	1 	9	1	15
3	0	180	2 	8	1	5
3	0	180	3 	14	1	5
3	0	181	1 	6	0	14
3	0	181	2 	1	0	11
3	0	182	1 	3	1	16
3	0	182	2 	10	1	8
3	0	183	1 	12	0	15
3	0	183	2 	14	0	10
3	0	183	3 	15	0	2
3	0	184	1 	4	1	12
3	0	184	2 	2	1	10
3	0	184	3 	13	1	5
3	0	184	4 	7	1	5
3	0	185	1 	11	0	15
3	0	185	2 	1	0	5
3	0	186	1 	3	0	20
3	0	187	1 	9	0	10
3	0	187	2 	6	0	5
3	0	187	3 	14	0	5
3	0	187	4 	5	0	10
3	0	188	1 	2	1	15
3	0	188	2 	7	1	6
3	0	189	1 	6	1	15
3	0	189	2 	1	0	8
3	0	189	3 	14	1	1
3	0	190	1 	11	0	11
3	0	190	2 	12	0	12
3	0	190	3 	4	0	6
3	0	191	1 	2	1	19
3	0	192	1 	5	0	16
3	0	192	2 	4	0	10
3	0	193	1 	5	1	19
3	0	194	1 	1	1	19
3	0	195	1 	10	1	16
3	0	195	2 	8	1	10
3	0	196	1 	2	1	15
3	0	196	2 	5	1	9
3	0	196	3 	13	1	6
3	0	197	1 	1	1	15
3	0	197	2 	6	1	10
3	0	198	1 	3	0	15
3	0	198	2 	15	0	5
3	0	198	3 	11	0	5
3	0	199	1 	11	0	15
3	0	199	2 	13	0	5
3	0	200	1 	2	1	15
3	0	200	2 	18	1	5
3	0	201	1 	8	1	18
3	0	202	1 	10	1	15
3	0	202	2 	13	1	1
3	0	202	3 	14	1	1
3	0	204	1 	7	1	15
3	0	204	2 	9	1	7
3	0	204	3 	13	1	5
3	0	205	1 	10	1	15
3	0	205	2 	14	1	5
3	0	205	3 	7	1	5
3	0	206	1 	3	0	19
3	0	208	1 	5	0	15
3	0	208	2 	3	0	7
3	0	209	1 	5	1	19
3	0	210	1 	11	1	16
3	0	210	2 	4	1	5
3	0	210	3 	13	1	5
3	0	212	1 	11	1	19
3	0	213	1 	11	0	18
3	0	213	2 	13	0	5
3	0	214	1 	8	1	16
3	0	214	2 	1	1	10
3	0	215	1 	2	1	17
3	0	215	2 	14	1	5
3	0	215	3 	7	1	5
3	0	216	1 	1	1	19
3	0	217	1 	1	0	18
3	0	217	2 	4	0	5
3	0	218	1 	11	1	15
3	0	218	2 	6	1	10
3	0	219	1 	2	1	14
3	0	219	2 	8	1	10
3	0	219	3 	13	1	7
3	0	221	1 	7	1	19
3	0	222	1 	8	1	15
3	0	222	2 	10	0	5
3	0	222	3 	14	1	5
3	0	222	4 	18	1	5
3	0	223	1 	9	1	19
3	0	223	2 	2	1	5
3	0	224	1 	10	1	15
3	0	224	2 	6	1	10
3	0	225	1 	12	0	15
3	0	225	2 	11	0	5
3	0	225	3 	13	0	5
3	0	225	4 	20	0	5
3	0	226	1 	2	1	12
3	0	226	2 	6	1	10
3	0	226	3 	13	1	5
3	0	227	1 	2	1	18
3	0	227	2 	8	1	1
3	0	228	1 	10	0	18
3	0	229	1 	3	1	17
3	0	229	2 	8	1	6
3	0	230	1 	2	0	15
3	0	230	2 	13	0	5
3	0	232	1 	7	1	15
3	0	232	2 	10	1	5
3	0	233	1 	10	1	18
3	0	233	2 	13	1	5
3	0	234	1 	5	1	10
3	0	234	2 	2	1	5
3	0	234	3 	13	1	5
3	0	234	4 	6	1	10
3	0	235	1 	12	1	17
3	0	235	2 	14	1	5
3	0	236	1 	1	1	16
3	0	236	2 	13	1	9
3	0	237	1 	4	0	17
3	0	237	2 	3	0	5
3	0	238	1 	3	0	15
3	0	238	2 	1	0	12
3	0	239	1 	8	1	15
3	0	239	2 	7	1	10
3	0	240	1 	5	1	15
3	0	240	2 	3	0	5
3	0	240	3 	5	0	5
3	0	240	4 	14	1	5
3	0	241	1 	10	1	15
3	0	241	2 	12	1	10
3	0	242	1 	1	0	15
3	0	242	2 	5	0	5
3	0	242	3 	13	0	5
3	0	243	1 	10	1	15
3	0	243	2 	8	1	10
3	0	244	1 	11	0	15
3	0	244	2 	1	0	5
3	0	244	3 	13	0	5
3	0	245	1 	5	0	15
3	0	245	2 	1	0	10
3	0	246	1 	4	1	19
3	0	247	1 	11	1	15
3	0	247	2 	10	1	10
3	0	248	1 	6	0	15
3	0	248	2 	13	0	10
3	0	249	1 	12	0	15
3	0	249	2 	5	0	10
3	0	250	1 	4	0	11
3	0	251	1 	2	1	15
3	0	251	2 	13	1	5
3	0	252	1 	9	0	10
3	0	253	1 	4	1	15
3	0	253	2 	10	1	5
3	0	253	3 	1	1	5
3	0	254	1 	1	1	14
3	0	254	2 	8	1	10
3	0	255	1 	3	0	15
3	0	255	2 	4	0	5
3	0	256	1 	3	0	19
3	0	258	1 	1	0	15
3	0	258	2 	16	0	12
3	0	259	1 	6	0	16
3	0	259	2 	1	0	10
3	0	260	1 	11	0	10
3	0	260	2 	8	1	16
3	0	261	1 	5	1	10
3	0	261	2 	8	1	10
3	0	261	3 	13	1	5
3	0	261	4 	14	1	5
3	0	262	1 	6	1	19
3	0	263	1 	3	1	11
3	0	263	2 	10	1	14
3	0	264	1 	2	1	15
3	0	264	2 	13	1	5
3	0	264	3 	12	1	5
3	0	265	1 	2	0	14
3	0	266	1 	11	0	10
3	0	266	2 	13	0	5
3	0	266	3 	8	0	5
3	0	267	1 	8	0	10
3	0	268	1 	9	0	12
3	0	269	1 	4	1	15
3	0	269	2 	12	1	10
3	0	270	1 	7	1	13
3	0	270	2 	12	1	12
3	0	271	1 	2	0	15
3	0	271	2 	12	0	5
3	0	271	3 	14	0	7
3	0	271	4 	18	0	1
3	0	272	1 	2	1	15
3	0	272	2 	11	1	10
3	0	273	1 	2	1	16
3	0	273	2 	1	1	7
3	0	274	1 	11	0	18
3	0	274	2 	9	0	5
3	0	275	1 	1	1	17
3	0	276	1 	11	0	19
3	0	277	1 	2	1	15
3	0	277	2 	13	1	5
3	0	277	3 	6	1	10
3	0	280	1 	1	0	16
3	0	280	2 	5	0	10
3	0	281	1 	1	1	16
3	0	281	2 	6	1	10
3	0	282	1 	4	1	13
3	0	282	2 	5	1	13
3	0	283	1 	11	1	19
3	0	284	1 	9	0	11
3	0	285	1 	2	1	16
3	0	285	2 	5	1	9
3	0	286	1 	2	1	15
3	0	286	2 	8	1	10
3	0	287	1 	1	0	15
3	0	287	2 	1	1	5
3	0	287	3 	14	0	5
3	0	288	1 	6	1	10
3	0	288	2 	12	1	10
3	0	288	3 	14	1	10
3	0	288	4 	13	1	3
3	0	289	1 	8	1	15
3	0	289	2 	3	1	8
3	0	289	3 	14	1	5
3	0	290	1 	2	1	15
3	0	290	2 	4	1	5
3	0	290	3 	13	1	5
3	0	290	4 	15	1	5
3	0	291	1 	11	0	18
3	0	293	1 	2	1	17
3	0	293	2 	13	1	1
3	0	294	1 	2	1	15
3	0	294	2 	6	1	6
3	0	296	1 	11	0	10
3	0	296	2 	3	0	6
3	0	296	3 	13	0	5
3	0	296	4 	2	0	5
3	0	297	1 	4	0	18
3	0	298	1 	11	0	19
3	0	299	1 	10	0	11
3	0	299	2 	3	0	14
3	0	299	3 	14	0	6
3	0	300	1 	6	0	18
3	0	300	2 	1	0	5
3	0	301	1 	8	1	17
3	0	301	2 	4	1	5
3	0	302	1 	7	1	18
3	0	303	1 	4	0	10
3	0	304	1 	10	1	10
3	0	304	2 	1	1	9
3	0	304	3 	8	1	8
3	0	304	4 	7	0	9
3	0	306	1 	6	0	10
3	0	306	2 	11	0	10
3	0	307	1 	9	1	10
3	0	307	2 	2	1	10
3	0	307	3 	13	1	5
3	0	307	4 	6	1	5
3	0	308	1 	1	1	19
3	0	309	1 	10	1	17
3	0	309	2 	4	1	5
3	0	310	1 	8	0	18
3	0	310	2 	1	0	5
3	0	311	1 	11	0	15
3	0	311	2 	1	0	5
3	0	311	3 	13	0	10
3	0	312	1 	10	1	15
3	0	313	1 	2	1	19
3	0	314	1 	6	0	15
3	0	314	2 	11	0	10
3	0	315	1 	11	1	19
3	0	316	1 	8	1	13
3	0	316	2 	10	1	1
3	0	317	1 	5	0	17
3	0	317	2 	13	0	5
3	0	317	3 	11	0	5
3	0	318	1 	1	1	13
3	0	318	2 	2	1	13
3	0	319	1 	4	1	15
3	0	319	2 	2	1	10
3	0	320	1 	10	1	15
3	0	320	2 	4	1	9
3	0	321	1 	3	0	15
3	0	321	2 	20	0	6
3	0	323	1 	1	1	17
3	0	324	1 	3	0	18
3	0	324	2 	10	0	5
3	0	325	1 	5	0	19
3	0	326	1 	10	1	19
3	0	327	1 	1	0	15
3	0	327	2 	6	0	6
3	0	327	3 	13	0	5
3	0	327	4 	14	0	1
3	0	329	1 	10	1	17
3	0	330	1 	11	0	15
3	0	330	2 	14	0	10
3	0	330	3 	5	0	5
3	0	331	1 	2	0	15
3	0	331	2 	3	0	6
3	0	332	1 	10	1	10
3	0	333	1 	3	0	15
3	0	333	2 	5	0	10
3	0	334	1 	2	1	18
3	0	335	1 	1	0	14
3	0	335	2 	1	1	10
3	0	336	1 	2	1	16
3	0	336	2 	13	1	9
3	0	336	3 	10	1	3
3	0	337	1 	6	0	18
3	0	337	2 	14	0	5
3	0	339	1 	10	0	17
3	0	339	2 	1	0	5
3	0	340	1 	9	1	10
3	0	340	2 	3	1	10
3	0	340	3 	5	1	10
3	0	341	1 	8	0	19
3	0	342	1 	11	1	15
3	0	342	2 	14	1	10
3	0	343	1 	4	1	19
3	0	344	1 	2	1	15
3	0	345	1 	8	0	15
3	0	345	2 	15	0	10
3	0	346	1 	9	1	15
3	0	346	2 	11	1	8
3	0	347	1 	11	1	13
3	0	347	2 	1	1	6
3	0	347	3 	4	1	6
3	0	348	1 	10	1	17
3	0	348	2 	14	1	5
3	0	349	1 	1	1	18
3	0	349	2 	14	1	5
3	0	350	1 	12	0	17
3	0	350	2 	2	0	1
3	0	351	1 	1	0	15
3	0	351	2 	6	0	10
3	0	352	1 	4	1	10
3	0	353	1 	4	1	18
3	0	354	1 	7	1	13
3	0	354	2 	2	1	12
3	0	355	1 	1	0	16
3	0	356	1 	7	0	10
3	0	357	1 	10	1	15
3	0	357	2 	11	1	9
3	0	357	3 	7	1	5
3	0	358	1 	5	0	10
3	0	359	1 	8	1	15
3	0	359	2 	13	1	5
3	0	360	1 	12	0	17
3	0	360	2 	1	0	6
3	0	362	1 	10	1	20
3	0	363	1 	6	0	15
3	0	363	2 	1	0	10
3	0	364	1 	5	1	18
3	0	364	2 	11	1	5
3	0	364	3 	7	1	5
3	0	365	1 	2	1	13
3	0	365	2 	10	1	1
3	0	366	1 	1	0	13
3	0	366	2 	3	0	10
3	0	367	1 	9	1	16
3	0	367	2 	1	1	8
3	0	368	1 	9	1	12
3	0	368	2 	12	1	1
3	0	369	1 	6	0	16
3	0	369	2 	3	0	5
3	0	369	3 	20	0	5
3	0	370	1 	11	0	18
3	0	371	1 	8	1	19
3	0	372	1 	2	1	15
3	0	372	2 	13	1	11
3	0	373	1 	9	1	15
3	0	373	2 	13	1	5
3	0	374	1 	2	1	16
3	0	374	2 	10	1	6
3	0	375	1 	9	1	20
3	0	376	1 	3	0	19
3	0	378	1 	5	0	11
3	0	379	1 	8	0	15
3	0	379	2 	6	0	11
3	0	380	1 	2	1	15
3	0	380	2 	1	1	11
3	0	381	1 	8	1	16
3	0	381	3 	14	1	10
3	0	382	1 	2	1	15
3	0	382	2 	5	1	10
3	0	383	1 	10	1	19
3	0	384	1 	4	0	15
3	0	384	2 	3	0	10
3	0	385	1 	4	1	16
3	0	385	2 	10	1	10
3	0	386	1 	6	0	19
3	0	387	1 	7	1	16
3	0	387	2 	13	1	10
3	0	388	1 	11	1	15
3	0	388	2 	10	1	5
3	0	388	3 	13	1	4
3	0	389	1 	11	0	17
3	0	389	2 	10	1	9
3	0	391	1 	5	1	15
3	0	391	2 	7	1	5
3	0	391	3 	6	1	5
3	0	392	1 	6	0	18
3	0	392	2 	1	0	5
3	0	393	1 	11	0	15
3	0	393	2 	4	0	9
3	0	394	1 	6	0	18
3	0	395	1 	8	1	15
3	0	395	2 	10	1	10
3	0	396	1 	2	0	15
3	0	396	2 	9	0	4
3	0	396	3 	4	0	5
3	0	397	1 	2	1	10
3	0	397	2 	1	1	15
3	0	398	1 	6	1	17
3	0	399	1 	10	1	19
3	0	400	1 	3	0	19
3	0	401	1 	8	1	16
3	0	401	2 	2	1	7
3	0	402	1 	2	1	10
3	0	402	2 	1	1	10
3	0	402	3 	7	1	12
3	0	403	1 	9	0	15
3	0	403	2 	1	0	10
3	0	404	1 	3	0	19
3	0	406	1 	2	1	17
3	0	406	2 	5	1	5
3	0	406	3 	6	0	1
3	0	407	1 	8	1	16
3	0	407	2 	6	1	10
3	0	408	1 	7	0	15
3	0	408	2 	1	1	11
3	0	409	1 	5	0	14
3	0	409	2 	14	0	9
3	0	410	1 	7	1	16
3	0	410	2 	13	1	5
3	0	411	1 	6	1	15
3	0	411	2 	13	1	10
3	0	412	1 	6	1	11
3	0	412	2 	5	1	10
3	0	412	3 	13	1	6
3	0	412	4 	14	1	5
3	0	413	1 	12	0	15
3	0	413	2 	13	0	5
3	0	413	3 	3	0	6
3	0	414	1 	10	1	15
3	0	414	2 	9	1	10
3	0	414	3 	14	1	5
3	0	415	1 	2	1	18
3	0	415	2 	12	1	6
3	0	416	1 	10	1	10
3	0	417	1 	2	1	10
3	0	418	1 	8	0	19
3	0	419	1 	1	0	11
3	0	419	2 	10	0	11
3	0	419	3 	14	0	5
3	0	419	4 	6	0	9
3	0	420	1 	1	1	15
3	0	420	2 	12	1	10
3	0	421	1 	10	1	18
3	0	422	1 	4	1	15
3	0	422	2 	10	1	10
3	0	423	1 	11	0	19
3	0	425	1 	4	1	19
3	0	426	1 	4	0	15
3	0	426	2 	10	0	5
3	0	426	3 	5	0	10
3	0	427	1 	8	1	15
3	0	427	2 	1	1	10
3	0	428	1 	3	0	15
3	0	428	2 	10	0	5
3	0	428	3 	12	0	5
3	0	429	1 	3	0	17
3	0	429	2 	13	0	5
3	0	429	3 	1	0	5
3	0	430	1 	12	1	15
3	0	431	1 	7	1	19
3	0	432	1 	5	0	12
3	0	432	2 	3	0	10
3	0	432	3 	15	0	6
3	0	432	4 	14	0	5
3	0	433	1 	8	1	16
3	0	433	2 	13	1	5
3	0	434	1 	11	1	20
3	0	435	1 	6	0	17
3	0	435	2 	13	0	5
3	0	436	1 	2	1	17
3	0	436	2 	7	1	6
3	0	437	1 	7	1	15
3	0	437	2 	12	1	10
3	0	437	3 	14	1	5
3	0	438	1 	9	0	19
3	0	439	1 	4	1	15
3	0	439	2 	9	1	6
3	0	442	1 	11	0	16
3	0	442	2 	2	0	6
3	0	442	3 	1	0	6
3	0	443	1 	3	0	17
3	0	443	2 	1	0	6
3	0	444	1 	3	0	10
3	0	444	2 	8	0	5
3	0	444	3 	15	1	5
3	0	444	4 	1	0	5
3	0	445	1 	11	1	15
3	0	445	2 	10	1	9
3	0	446	1 	11	0	16
3	0	446	2 	15	0	5
3	0	446	3 	12	0	5
3	0	447	1 	2	1	16
3	0	447	2 	13	1	10
3	0	448	1 	2	1	15
3	0	448	2 	4	1	10
3	0	449	1 	5	0	16
3	0	449	2 	13	0	5
3	0	450	1 	3	1	16
3	0	450	2 	10	1	10
3	0	451	1 	1	0	15
3	0	451	2 	3	0	8
3	0	452	1 	2	1	15
3	0	452	2 	6	1	10
3	0	453	1 	11	1	15
3	0	453	2 	4	1	10
3	0	454	1 	12	1	11
3	0	454	2 	14	1	4
3	0	455	1 	10	1	16
3	0	455	2 	8	1	10
3	0	456	1 	5	0	18
3	0	456	2 	5	1	5
3	0	457	1 	2	0	18
3	0	458	1 	3	1	19
3	0	459	1 	3	0	14
3	0	459	2 	13	0	10
3	0	460	1 	9	0	15
3	0	460	2 	3	0	10
3	0	461	1 	11	0	18
3	0	461	2 	1	0	5
3	0	463	1 	11	0	15
3	0	463	2 	8	0	8
3	0	464	1 	8	1	16
3	0	464	2 	1	1	10
3	0	465	1 	10	1	15
3	0	465	2 	4	1	5
3	0	465	3 	1	1	5
3	0	466	1 	10	0	10
3	0	466	2 	8	1	10
3	0	467	1 	8	0	18
3	0	468	1 	10	1	18
3	0	468	2 	3	0	6
3	0	469	1 	7	1	19
3	0	470	1 	2	1	15
3	0	470	2 	7	1	10
3	0	471	1 	12	0	15
3	0	471	2 	5	0	5
3	0	472	1 	8	1	19
3	0	473	1 	9	1	15
3	0	473	2 	6	1	7
3	0	473	3 	14	1	5
3	0	474	1 	10	0	15
3	0	474	2 	7	0	11
3	0	475	1 	12	1	14
3	0	475	2 	6	1	10
3	0	476	1 	11	0	11
3	0	477	1 	1	0	17
3	0	477	2 	13	0	5
3	0	479	1 	3	0	15
3	0	479	2 	14	0	10
3	0	482	1 	8	1	19
3	0	484	1 	10	1	15
3	0	484	2 	2	1	5
3	0	484	3 	13	1	5
3	0	485	1 	2	1	15
3	0	485	2 	7	1	6
3	0	486	1 	10	0	18
3	0	487	1 	3	0	15
3	0	487	2 	17	0	10
3	0	487	3 	14	0	7
3	0	488	1 	6	0	10
3	0	488	2 	3	0	8
3	0	488	3 	15	0	1
3	0	489	1 	11	1	13
3	0	489	2 	11	0	10
3	0	489	3 	1	0	5
3	0	490	1 	12	1	19
3	0	491	1 	5	0	15
3	0	491	2 	2	0	5
3	0	492	1 	9	1	15
3	0	492	2 	13	1	5
3	0	492	3 	14	1	5
3	0	493	1 	10	0	15
3	0	493	2 	13	1	10
3	0	494	1 	9	0	15
3	0	494	2 	12	0	10
3	0	495	1 	6	0	10
3	0	495	2 	10	0	10
3	0	496	1 	3	0	19
3	0	497	1 	5	0	19
3	0	498	1 	7	1	16
3	0	498	2 	13	1	5
3	0	498	3 	5	1	5
3	0	499	1 	11	1	19
3	0	500	1 	10	1	16
3	0	500	2 	7	1	5
3	0	500	3 	14	1	5
3	0	501	1 	9	0	15
3	0	501	2 	12	0	10
3	0	502	1 	6	1	10
3	0	502	2 	13	1	10
3	0	503	1 	4	1	16
3	0	503	2 	13	1	5
3	0	504	1 	6	1	11
3	0	504	2 	11	1	10
3	0	504	3 	4	1	9
3	0	505	1 	7	1	17
3	0	505	2 	13	1	5
3	0	506	1 	3	0	17
3	0	506	2 	13	0	5
3	0	508	1 	8	1	13
3	0	508	2 	11	1	5
3	0	509	1 	2	1	12
3	0	509	2 	13	1	2
3	0	510	1 	10	1	15
3	0	510	2 	14	1	9
3	0	511	1 	1	1	18
3	0	512	1 	2	1	16
3	0	512	2 	1	1	10
3	0	513	1 	11	0	14
3	0	513	2 	3	0	13
3	0	514	1 	11	1	16
3	0	514	2 	13	1	4
3	0	514	3 	14	1	4
3	0	515	1 	3	0	18
3	0	516	1 	7	1	12
3	0	516	2 	13	1	1
3	0	517	1 	3	0	16
3	0	517	2 	9	0	5
3	0	518	1 	8	0	10
3	0	519	1 	5	1	18
3	0	519	2 	13	1	5
3	0	520	1 	10	1	14
3	0	521	1 	8	0	16
3	0	521	2 	7	0	7
3	0	522	1 	10	1	18
3	0	523	1 	2	1	13
3	0	523	2 	6	1	10
3	0	523	3 	13	1	5
3	0	524	1 	2	1	18
3	0	524	2 	13	1	6
3	0	525	1 	11	1	12
3	0	525	2 	8	1	3
3	0	525	3 	12	1	10
3	0	526	1 	10	0	19
3	0	527	1 	12	1	15
3	0	527	2 	13	1	7
3	0	527	3 	14	1	5
3	0	528	1 	4	1	18
3	0	529	1 	3	0	16
3	0	529	2 	10	0	5
3	0	529	3 	12	0	1
3	0	530	1 	6	1	18
3	0	532	1 	1	1	10
3	0	533	1 	1	0	15
3	0	533	2 	7	1	5
3	0	535	1 	1	0	11
3	0	536	1 	4	1	12
3	0	536	2 	2	1	10
3	0	536	3 	5	1	10
3	0	537	1 	5	0	10
3	0	538	1 	8	1	10
3	0	541	1 	6	1	16
3	0	541	2 	6	0	10
3	0	542	1 	9	0	15
3	0	542	2 	9	1	9
3	0	543	1 	9	0	19
3	0	544	1 	4	0	10
3	0	544	2 	5	0	10
3	0	544	3 	1	0	10
3	0	546	1 	12	0	10
3	0	546	2 	3	0	13
3	0	546	3 	7	0	5
3	0	546	4 	1	0	5
3	0	547	1 	1	1	15
3	0	547	2 	14	1	5
3	0	547	3 	18	1	5
3	0	548	1 	3	0	15
3	0	548	2 	1	0	9
3	0	549	1 	8	0	15
3	0	549	2 	10	1	10
3	0	550	1 	2	1	18
3	0	552	1 	11	0	17
3	0	552	2 	13	0	5
3	0	553	1 	8	1	12
3	0	555	1 	2	1	19
3	0	556	1 	3	0	18
3	0	557	1 	4	1	16
3	0	557	2 	7	1	5
3	0	557	3 	3	1	5
3	0	557	4 	12	1	5
3	0	558	1 	11	1	15
3	0	558	2 	2	1	12
3	0	559	1 	8	0	19
3	0	560	1 	2	1	16
3	0	560	2 	13	1	5
3	0	560	3 	7	1	5
3	0	561	1 	9	0	18
3	0	561	2 	3	0	5
3	0	562	1 	1	0	19
3	0	563	1 	11	0	13
3	0	563	2 	2	0	10
3	0	563	3 	14	0	5
3	0	564	1 	7	1	15
3	0	564	2 	13	1	9
3	0	565	1 	2	1	15
3	0	565	2 	5	1	10
3	0	566	1 	6	1	14
3	0	566	2 	10	1	5
3	0	566	3 	13	1	6
3	0	566	4 	7	1	5
3	0	567	1 	1	0	18
3	0	568	1 	2	1	16
3	0	568	2 	4	1	7
3	0	569	1 	4	0	18
3	0	569	2 	14	0	1
3	0	569	3 	9	0	5
3	0	570	1 	3	0	15
3	0	570	2 	5	0	10
3	0	570	3 	14	0	5
3	0	571	1 	2	1	17
3	0	571	2 	12	1	6
3	0	572	1 	3	0	13
3	0	572	2 	9	0	10
3	0	572	3 	14	0	1
3	0	573	1 	3	0	18
3	0	573	2 	5	1	5
3	0	574	1 	3	0	11
3	0	574	2 	5	0	10
3	0	574	3 	11	0	10
3	0	575	1 	9	1	16
3	0	575	2 	15	1	10
3	0	576	1 	1	0	16
3	0	576	2 	4	0	1
3	0	577	1 	11	1	16
3	0	577	2 	14	1	5
3	0	577	3 	18	1	5
3	0	578	1 	12	0	15
3	0	578	2 	14	0	5
3	0	579	1 	10	1	15
3	0	579	2 	4	1	10
3	0	580	1 	4	0	16
3	0	580	2 	10	0	5
3	0	580	3 	13	0	5
3	0	580	4 	1	0	5
3	0	581	1 	7	1	18
3	0	582	1 	8	1	16
3	0	582	2 	3	0	6
3	0	583	1 	6	1	16
3	0	583	2 	13	1	9
3	0	584	1 	5	0	11
3	0	584	2 	3	0	15
3	0	585	1 	11	0	18
3	0	585	2 	1	0	5
3	0	586	1 	9	0	15
3	0	586	2 	5	0	6
3	0	586	3 	13	0	6
3	0	587	1 	11	0	15
3	0	587	2 	5	0	5
3	0	587	3 	1	0	5
3	0	587	4 	4	0	5
3	0	588	1 	11	0	16
3	0	588	2 	14	0	5
3	0	589	1 	7	1	11
3	0	590	1 	2	1	19
3	0	591	1 	12	0	17
3	0	591	2 	11	0	5
3	0	592	1 	1	1	13
3	0	592	2 	11	0	5
3	0	592	3 	18	1	10
3	0	593	1 	3	1	17
3	0	594	1 	2	1	16
3	0	594	2 	13	1	5
3	0	595	1 	10	1	19
3	0	596	1 	12	1	15
3	0	596	2 	3	1	5
3	0	596	3 	14	1	5
3	0	597	1 	7	1	17
3	0	597	2 	13	1	5
3	0	598	1 	10	1	19
3	0	599	1 	8	0	16
3	0	599	2 	12	0	6
3	0	600	1 	2	1	17
3	0	600	2 	5	1	6
3	0	601	1 	2	1	18
3	0	601	2 	13	1	5
3	0	602	1 	2	1	15
3	0	602	2 	13	1	5
3	0	603	1 	12	1	17
3	0	603	2 	10	1	6
3	0	604	1 	12	1	11
3	0	604	2 	12	0	10
3	0	604	3 	14	1	10
3	0	605	1 	1	1	15
3	0	605	2 	8	1	8
3	0	606	1 	2	1	15
3	0	606	2 	1	1	10
3	0	607	1 	12	1	15
3	0	607	2 	2	1	6
3	0	607	3 	13	1	5
3	0	607	4 	14	1	1
3	0	609	1 	9	1	10
3	0	610	1 	8	0	15
3	0	610	2 	2	1	10
3	0	611	1 	11	0	15
3	0	611	2 	9	0	5
3	0	611	3 	13	0	5
3	0	612	1 	2	1	12
3	0	612	2 	8	1	10
3	0	613	1 	7	0	18
3	0	613	2 	13	0	5
3	0	614	1 	5	1	16
3	0	614	2 	11	1	5
3	0	615	1 	3	0	15
3	0	615	2 	9	1	5
3	0	616	1 	2	1	18
3	0	616	2 	13	1	5
3	0	617	1 	12	0	10
3	0	617	2 	3	0	10
3	0	617	3 	6	0	5
3	0	618	1 	6	1	19
3	0	619	1 	9	1	18
3	0	619	2 	12	1	5
3	0	620	1 	4	1	12
3	0	620	2 	7	1	12
3	0	621	1 	11	0	15
3	0	621	2 	3	0	5
3	0	621	3 	14	0	5
3	0	621	4 	13	0	5
3	0	622	1 	1	1	15
3	0	622	2 	5	1	10
3	0	623	1 	3	0	11
3	0	623	2 	9	0	14
3	0	624	1 	10	1	17
3	0	625	1 	2	1	15
3	0	625	2 	6	1	5
3	0	626	1 	7	1	13
3	0	627	1 	1	0	10
3	0	628	1 	3	1	10
3	0	629	1 	7	1	17
3	0	629	2 	3	0	5
3	0	630	1 	8	1	15
3	0	630	2 	4	1	10
3	0	631	1 	10	1	18
3	0	631	2 	5	1	6
3	0	632	1 	3	0	10
3	0	632	2 	9	1	10
3	0	633	1 	12	1	15
3	0	633	2 	2	1	5
3	0	633	3 	13	1	5
3	0	633	4 	20	1	5
3	0	634	1 	10	1	18
3	0	634	2 	7	1	5
3	0	635	1 	10	1	15
3	0	635	2 	3	0	5
3	0	636	1 	3	0	12
3	0	636	2 	13	0	5
3	0	636	3 	14	0	1
3	0	637	1 	10	1	11
3	0	637	2 	20	1	2
3	0	638	1 	2	1	15
3	0	640	1 	5	0	18
3	0	640	2 	15	0	6
3	0	641	1 	11	1	15
3	0	641	2 	4	1	9
3	0	642	1 	4	1	15
3	0	642	2 	13	1	5
3	0	642	3 	14	1	5
3	0	643	1 	7	1	12
3	0	643	2 	10	1	13
3	0	644	1 	11	1	18
3	0	644	2 	3	0	6
3	0	646	1 	8	1	17
3	0	646	2 	8	0	9
3	0	647	1 	2	1	15
3	0	647	2 	13	1	5
3	0	648	1 	8	1	12
3	0	649	1 	10	1	16
3	0	650	1 	12	1	15
3	0	650	2 	14	1	10
3	0	652	1 	2	1	19
3	0	653	1 	2	1	19
3	0	655	1 	6	0	15
3	0	655	2 	14	0	5
3	0	655	3 	1	0	5
3	0	656	1 	11	0	17
3	0	656	2 	11	1	6
3	0	657	1 	3	0	13
3	0	657	2 	12	0	10
3	0	657	3 	13	0	5
3	0	658	1 	2	1	14
3	0	659	1 	8	1	17
3	0	659	2 	15	1	1
3	0	660	1 	9	1	10
3	0	660	2 	8	1	14
3	0	660	3 	12	1	5
3	0	661	1 	7	1	15
3	0	661	2 	12	1	10
3	0	662	1 	4	1	16
3	0	662	2 	14	1	5
3	0	662	3 	13	0	5
3	0	665	1 	6	0	15
3	0	665	2 	12	1	10
3	0	666	1 	8	1	20
3	0	667	1 	3	0	19
3	0	668	1 	6	1	18
3	0	668	2 	14	1	5
3	0	669	1 	6	1	15
3	0	669	2 	14	1	5
3	0	670	1 	1	1	19
3	0	671	1 	2	1	12
3	0	672	1 	2	1	10
3	0	672	2 	7	1	5
3	0	672	3 	8	1	5
3	0	673	1 	5	0	15
3	0	673	2 	3	1	6
3	0	673	3 	13	0	6
3	0	674	1 	2	1	10
3	0	674	2 	11	1	16
3	0	675	1 	7	1	16
3	0	675	2 	6	1	5
3	0	676	1 	4	1	18
3	0	677	1 	5	0	15
3	0	677	2 	13	0	5
3	0	677	3 	2	1	5
3	0	678	1 	7	1	13
3	0	678	2 	6	1	10
3	0	679	1 	6	0	15
3	0	679	2 	13	0	10
3	0	680	1 	3	0	19
3	0	681	1 	1	1	20
3	0	682	1 	3	0	17
3	0	683	1 	6	0	18
3	0	684	1 	7	1	15
3	0	684	2 	4	1	5
3	0	684	3 	13	1	5
3	0	684	4 	14	1	5
3	0	685	1 	8	1	15
3	0	685	2 	9	1	5
3	0	686	1 	6	1	19
3	0	686	2 	11	1	5
3	0	687	1 	6	1	17
3	0	687	2 	9	1	5
3	0	688	1 	3	0	17
3	0	688	2 	10	1	7
3	0	689	1 	2	1	13
3	0	689	2 	9	1	5
3	0	690	1 	12	0	15
3	0	690	2 	13	0	10
3	0	691	1 	2	1	15
3	0	691	2 	11	1	5
3	0	691	3 	13	1	10
3	0	692	1 	4	0	18
3	0	692	2 	1	0	5
3	0	693	1 	3	1	10
3	0	693	2 	5	1	10
3	0	693	3 	13	1	10
3	0	694	1 	3	0	10
3	0	695	1 	12	1	15
3	0	695	2 	13	1	10
3	0	696	1 	12	1	19
3	0	697	1 	12	0	10
3	0	697	2 	11	0	10
3	0	697	3 	14	0	10
3	0	697	4 	1	0	5
3	0	698	1 	2	1	15
3	0	698	2 	5	1	5
3	0	698	3 	6	0	5
3	0	698	4 	12	1	5
3	0	700	1 	2	1	17
3	0	700	2 	5	1	10
3	0	701	1 	2	1	15
3	0	701	2 	14	1	1
3	0	701	3 	18	1	10
3	0	702	1 	9	0	18
3	0	702	2 	13	0	5
3	0	703	1 	1	1	15
3	0	703	2 	2	1	10
3	0	704	1 	7	1	16
3	0	704	2 	3	0	9
3	0	705	1 	11	1	18
3	0	707	1 	2	1	15
3	0	707	2 	13	1	5
3	0	707	3 	7	1	5
3	0	708	1 	6	0	15
3	0	708	2 	9	0	5
3	0	709	1 	1	1	18
3	0	709	2 	11	0	6
3	0	710	1 	3	0	12
3	0	710	2 	6	0	10
3	0	710	3 	10	0	10
3	0	711	1 	5	1	18
3	0	711	2 	13	1	5
3	0	712	1 	7	0	11
3	0	713	1 	5	0	18
3	0	713	2 	10	0	5
3	0	714	1 	5	0	15
3	0	714	2 	12	0	5
3	0	714	3 	13	0	5
3	0	715	1 	3	0	18
3	0	716	1 	2	1	15
3	0	716	2 	13	1	1
3	0	717	1 	2	1	18
3	0	718	1 	7	1	18
3	0	718	2 	1	1	5
3	0	719	1 	9	0	16
3	0	719	2 	1	0	4
3	0	720	1 	1	1	15
3	0	720	2 	5	1	10
3	0	721	1 	9	1	19
3	0	722	1 	7	1	16
3	0	722	2 	1	1	8
3	0	723	1 	3	1	16
3	0	723	2 	9	1	5
3	0	723	3 	14	1	5
3	0	724	1 	2	1	15
3	0	724	2 	8	1	11
3	0	725	1 	8	0	19
3	0	726	1 	2	0	16
3	0	726	2 	11	0	10
3	0	727	1 	6	1	10
3	0	727	2 	5	1	13
3	0	727	3 	13	1	5
3	0	728	1 	6	1	18
3	0	728	2 	13	1	5
3	0	730	1 	1	0	16
3	0	730	2 	3	0	10
3	0	731	1 	8	1	19
3	0	732	1 	2	1	16
3	0	732	2 	6	1	10
3	0	734	1 	1	0	15
3	0	734	2 	11	0	5
3	0	734	3 	5	0	5
3	0	735	1 	5	0	16
3	0	735	2 	14	0	5
3	0	735	3 	13	0	5
3	0	736	1 	10	1	18
3	0	737	1 	12	0	15
3	0	737	2 	1	0	5
3	0	738	1 	2	1	17
3	0	738	2 	6	1	6
3	0	739	1 	2	1	15
3	0	739	2 	13	1	5
3	0	739	3 	5	1	5
3	0	741	1 	3	0	14
3	0	741	2 	9	0	6
3	0	742	1 	10	1	10
3	0	742	2 	4	1	10
3	0	742	3 	8	1	5
3	0	743	1 	1	1	15
3	0	743	2 	5	1	10
3	0	744	1 	2	1	10
3	0	744	2 	8	1	10
3	0	745	1 	11	1	17
3	0	747	1 	7	1	19
3	0	748	1 	2	1	15
3	0	748	2 	6	1	10
3	0	748	3 	10	1	5
3	0	749	1 	8	1	15
3	0	749	2 	9	1	6
3	0	750	1 	8	1	19
3	0	751	1 	8	1	15
3	0	751	2 	4	1	6
3	0	751	3 	14	1	5
3	0	751	4 	18	1	5
3	0	752	1 	7	1	18
3	0	753	1 	4	1	14
3	0	753	2 	7	1	10
3	0	754	1 	8	1	12
3	0	755	1 	11	0	14
3	0	755	2 	13	0	1
3	0	758	1 	2	1	15
3	0	758	2 	6	1	10
3	0	759	1 	11	1	15
3	0	759	2 	7	1	5
3	0	760	1 	11	0	15
3	0	760	2 	9	0	9
3	0	760	3 	20	0	6
3	0	761	1 	2	1	18
3	0	761	2 	2	0	2
3	0	762	1 	7	1	15
3	0	762	2 	1	1	5
3	0	763	1 	1	0	17
3	0	763	2 	13	0	5
3	0	763	3 	5	0	5
3	0	764	1 	1	0	15
3	0	765	1 	10	0	15
3	0	765	2 	6	0	10
3	0	766	1 	9	0	15
3	0	766	2 	6	0	9
3	0	767	1 	9	0	10
3	0	768	1 	7	0	15
3	0	768	2 	1	0	10
3	0	769	1 	7	1	10
3	0	769	2 	6	1	10
3	0	770	1 	10	0	18
3	0	771	1 	11	1	16
3	0	771	2 	2	1	6
3	0	772	1 	7	1	15
3	0	772	2 	13	1	11
3	0	773	1 	1	1	15
3	0	773	2 	6	1	10
3	0	774	1 	4	1	10
3	0	774	2 	6	1	10
3	0	774	3 	13	1	10
3	0	775	1 	5	1	16
3	0	775	2 	13	1	5
3	0	776	1 	7	0	10
3	0	777	1 	5	0	17
3	0	777	2 	13	0	5
3	0	777	3 	1	0	5
3	0	778	1 	2	1	15
3	0	778	2 	13	1	5
3	0	778	3 	11	1	5
3	0	779	1 	5	0	19
3	0	780	1 	7	1	16
3	0	781	1 	1	0	10
3	0	781	2 	14	0	5
3	0	782	1 	10	1	15
3	0	782	2 	1	1	6
3	0	782	3 	8	1	10
3	0	783	1 	9	1	10
3	0	783	2 	7	1	10
3	0	783	3 	2	1	7
3	0	783	4 	8	1	9
3	0	784	1 	9	0	18
3	0	784	2 	8	0	5
3	0	785	1 	9	0	15
3	0	785	2 	11	0	10
3	0	787	1 	7	0	13
3	0	787	2 	1	0	10
3	0	788	1 	3	0	18
3	0	789	1 	10	0	18
3	0	789	2 	3	0	5
3	0	790	1 	8	0	14
3	0	791	1 	11	0	10
3	0	791	2 	14	1	5
3	0	792	1 	6	0	19
3	0	793	1 	11	0	19
3	0	794	1 	6	1	18
3	0	794	2 	13	1	1
3	0	795	1 	2	1	17
3	0	795	2 	6	1	5
3	0	797	1 	6	1	16
3	0	797	2 	13	1	5
3	0	799	1 	4	1	15
3	0	799	2 	10	1	11
3	0	800	1 	5	0	14
3	0	800	2 	5	1	10
3	0	800	3 	7	1	5
3	0	801	1 	8	1	16
3	0	801	2 	10	1	5
3	0	802	1 	1	0	18
3	0	804	1 	6	0	15
3	0	804	2 	3	0	5
3	0	804	3 	13	0	5
3	0	804	4 	14	0	4
3	0	805	1 	7	1	18
3	0	806	1 	10	1	15
3	0	806	2 	10	0	5
3	0	807	1 	8	1	15
3	0	807	2 	4	1	9
3	0	808	1 	1	0	18
3	0	809	1 	5	1	16
3	0	809	2 	6	1	10
3	0	810	1 	11	0	15
3	0	810	2 	12	0	5
3	0	810	3 	13	0	5
3	0	811	1 	12	0	13
3	0	811	2 	3	0	7
3	0	811	3 	10	0	5
3	0	812	1 	3	0	19
3	0	813	1 	1	1	19
3	0	815	1 	10	1	18
3	0	815	2 	4	1	5
3	0	817	1 	11	0	19
3	0	818	1 	1	1	18
3	0	819	1 	11	1	14
3	0	821	1 	2	1	10
3	0	822	1 	12	0	15
3	0	822	2 	3	0	7
3	0	823	1 	4	1	18
3	0	824	1 	6	0	17
3	0	824	2 	6	1	6
3	0	825	1 	4	1	11
3	0	825	2 	10	1	8
3	0	826	1 	4	1	10
3	0	826	2 	7	1	10
3	0	826	3 	1	1	10
3	0	827	1 	1	1	11
3	0	827	2 	2	1	15
3	0	828	1 	10	1	15
3	0	828	2 	3	0	10
3	0	828	3 	12	1	6
3	0	829	1 	5	1	16
3	0	830	1 	2	1	20
3	0	831	1 	4	1	18
3	0	832	1 	12	1	15
3	0	832	2 	13	1	5
3	0	832	3 	7	1	5
3	0	834	1 	10	1	11
3	0	835	1 	4	1	10
3	0	836	1 	7	1	17
3	0	836	2 	14	1	5
3	0	837	1 	8	1	15
3	0	837	2 	7	1	6
3	0	837	3 	13	1	6
3	0	838	1 	7	1	19
3	0	839	1 	9	1	10
3	0	839	2 	7	1	10
3	0	839	3 	14	1	5
3	0	839	4 	15	1	5
3	0	840	1 	4	1	18
3	0	841	1 	4	0	17
3	0	841	2 	3	0	1
3	0	842	1 	1	1	16
3	0	842	2 	14	0	5
3	0	842	3 	7	1	5
3	0	845	1 	6	0	15
3	0	845	2 	11	0	5
3	0	845	3 	13	0	5
3	0	846	1 	5	1	15
3	0	846	2 	3	1	10
3	0	847	1 	11	0	17
3	0	847	2 	3	1	8
3	0	848	1 	2	1	10
3	0	848	2 	3	1	10
3	0	848	3 	13	1	5
3	0	848	4 	8	1	5
3	0	849	1 	2	1	19
3	0	850	1 	3	0	19
3	0	851	1 	3	0	15
3	0	851	2 	2	0	6
3	0	851	3 	13	0	9
3	0	852	1 	12	0	17
3	0	853	1 	2	1	10
3	0	854	1 	1	0	16
3	0	854	2 	10	0	5
3	0	854	3 	7	1	5
3	0	856	1 	6	1	10
3	0	856	2 	4	1	15
3	0	857	1 	3	0	13
3	0	857	2 	13	0	6
3	0	858	1 	12	0	13
3	0	858	2 	13	0	10
3	0	859	1 	4	1	17
3	0	859	2 	2	1	8
3	0	860	1 	5	0	17
3	0	860	2 	3	0	6
3	0	861	1 	8	1	15
3	0	861	2 	14	1	6
3	0	862	1 	4	1	14
3	0	862	2 	1	1	11
3	0	863	1 	6	0	13
3	0	863	2 	3	0	5
3	0	863	3 	1	0	10
3	0	864	1 	9	1	15
3	0	864	2 	4	1	5
3	0	864	3 	13	1	5
3	0	864	4 	7	1	5
3	0	865	1 	9	0	18
3	0	865	2 	5	0	5
3	0	866	1 	7	1	15
3	0	866	2 	2	1	10
3	0	867	1 	11	0	12
3	0	867	2 	5	0	1
3	0	868	1 	7	1	15
3	0	868	2 	1	1	10
3	0	870	1 	6	1	15
3	0	870	2 	14	1	5
3	0	870	3 	12	1	5
3	0	872	1 	8	1	19
3	0	873	1 	12	1	15
3	0	873	2 	13	1	10
3	0	874	1 	1	1	15
3	0	874	2 	8	1	7
3	0	874	3 	13	1	3
3	0	875	1 	11	0	12
3	0	875	2 	7	1	3
3	0	875	3 	11	1	1
3	0	876	1 	3	0	15
3	0	876	2 	12	0	5
3	0	876	3 	10	0	5
3	0	876	4 	5	0	5
3	0	878	1 	10	1	10
3	0	878	2 	4	1	12
3	0	878	3 	13	1	5
3	0	878	4 	8	1	5
3	0	879	1 	8	1	18
3	0	880	1 	3	0	15
3	0	880	2 	10	0	10
3	0	881	1 	1	1	19
3	0	882	1 	5	1	17
3	0	882	2 	2	1	5
3	0	882	3 	13	1	5
3	0	883	1 	2	1	18
3	0	883	2 	8	1	5
3	0	884	1 	10	1	13
3	0	884	2 	8	1	4
3	0	885	1 	9	1	10
3	0	885	2 	5	1	10
3	0	885	3 	13	1	7
3	0	885	4 	14	1	6
3	0	887	1 	2	1	11
3	0	888	1 	6	1	19
3	0	889	1 	10	1	20
3	0	890	1 	11	1	16
3	0	890	2 	13	1	5
3	0	890	3 	14	1	5
3	0	891	1 	2	1	15
3	0	891	2 	1	1	10
3	0	892	1 	2	1	18
3	0	893	1 	7	1	19
3	0	894	1 	12	1	13
3	0	894	2 	3	0	10
3	0	895	1 	1	0	17
3	0	895	2 	14	0	5
3	0	895	3 	15	0	5
3	0	896	1 	8	0	15
3	0	896	2 	10	0	9
3	0	897	1 	3	0	15
3	0	897	2 	4	0	5
3	0	897	3 	1	0	5
3	0	898	1 	3	0	15
3	0	898	2 	2	0	5
3	0	898	3 	14	0	5
3	0	898	4 	13	0	1
3	0	899	1 	9	0	15
3	0	899	2 	1	0	5
3	0	900	1 	3	0	10
3	0	900	2 	1	0	10
3	0	900	3 	14	0	10
3	0	901	1 	6	0	15
3	0	901	2 	10	0	5
3	0	901	3 	14	0	5
3	0	901	4 	13	0	5
3	0	903	1 	7	1	13
3	0	903	2 	9	0	13
3	0	904	1 	11	0	19
3	0	905	1 	6	0	19
3	0	906	1 	5	1	15
3	0	906	2 	13	1	5
3	0	906	3 	12	1	10
3	0	907	1 	2	1	16
3	0	907	2 	5	1	5
3	0	907	3 	9	1	5
3	0	908	1 	6	0	15
3	0	908	2 	13	0	6
3	0	908	3 	1	0	5
3	0	910	1 	10	1	18
3	0	911	1 	4	0	18
3	0	911	2 	14	0	6
3	0	912	1 	7	1	15
3	0	912	2 	11	1	10
3	0	913	1 	8	1	13
3	0	913	2 	12	1	5
3	0	914	1 	8	1	15
3	0	914	2 	13	1	5
3	0	914	3 	10	1	5
3	0	915	1 	11	1	16
3	0	915	2 	7	1	5
3	0	916	1 	5	0	19
3	0	918	1 	8	1	17
3	0	918	2 	14	1	6
3	0	919	1 	6	1	16
3	0	919	2 	14	1	6
3	0	919	3 	18	1	5
3	0	921	1 	2	1	18
3	0	922	1 	11	1	18
3	0	922	2 	14	1	1
3	0	923	1 	2	1	17
3	0	923	2 	5	1	1
3	0	925	1 	1	0	10
3	0	926	1 	2	1	14
3	0	926	2 	5	1	10
3	0	926	3 	14	1	5
3	0	927	1 	2	1	15
3	0	927	2 	6	1	10
3	0	928	1 	3	1	19
3	0	931	1 	6	0	16
3	0	931	2 	5	0	6
3	0	932	1 	5	1	13
3	0	932	2 	9	1	12
3	0	933	1 	10	1	18
3	0	933	2 	13	1	1
3	0	934	1 	4	0	11
3	0	934	2 	1	0	1
3	0	936	1 	10	1	17
3	0	936	2 	7	1	5
3	0	937	1 	2	1	15
3	0	937	2 	6	1	11
3	0	938	1 	5	0	11
3	0	939	1 	5	1	19
3	0	940	1 	2	1	16
3	0	940	2 	15	1	5
3	0	940	3 	14	1	5
3	0	941	1 	8	0	16
3	0	941	2 	9	0	10
3	0	943	1 	12	1	18
3	0	943	2 	14	1	5
3	0	944	1 	2	1	18
3	0	945	1 	1	1	13
3	0	946	1 	9	1	15
3	0	946	2 	12	1	12
3	0	947	1 	7	0	12
3	0	947	2 	8	1	3
3	0	947	3 	6	0	1
3	0	948	1 	10	1	18
3	0	949	1 	7	1	19
3	0	950	1 	10	1	15
3	0	950	2 	10	0	10
3	0	951	1 	10	1	19
3	0	952	1 	3	0	16
3	0	952	2 	11	0	8
3	0	953	1 	2	1	10
3	0	953	2 	11	1	11
3	0	953	3 	13	1	1
3	0	954	1 	12	0	16
3	0	954	2 	5	0	10
3	0	955	1 	6	1	18
3	0	956	1 	3	0	17
3	0	956	2 	13	0	5
3	0	957	1 	11	0	13
3	0	957	2 	5	0	14
3	0	958	1 	5	1	19
3	0	959	1 	5	0	18
3	0	959	2 	14	0	5
3	0	960	1 	6	0	17
3	0	961	1 	7	1	19
3	0	962	1 	3	0	14
3	0	962	2 	10	0	2
3	0	964	1 	3	0	14
3	0	964	2 	4	0	10
3	0	965	1 	7	0	15
3	0	965	2 	14	0	10
3	0	966	1 	1	1	16
3	0	966	2 	11	1	11
3	0	967	1 	4	0	20
3	0	968	1 	6	0	19
3	0	970	1 	1	0	15
3	0	970	2 	3	0	5
3	0	970	3 	14	0	10
3	0	971	1 	4	0	15
3	0	971	2 	10	0	5
3	0	971	3 	14	0	5
3	0	972	1 	5	0	16
3	0	972	2 	9	0	5
3	0	973	1 	6	1	13
3	0	973	2 	3	1	10
3	0	973	3 	13	1	5
3	0	974	1 	10	1	18
3	0	975	1 	9	0	17
3	0	975	2 	14	0	7
3	0	978	1 	9	1	17
3	0	978	2 	7	1	5
3	0	978	3 	2	1	5
3	0	979	1 	9	1	15
3	0	979	2 	2	1	5
3	0	979	3 	13	1	5
3	0	979	4 	8	1	5
3	0	980	1 	6	1	18
3	0	980	2 	5	1	5
3	0	982	1 	1	1	13
3	0	982	2 	2	1	8
3	0	983	1 	3	0	16
3	0	983	2 	5	0	9
3	0	984	1 	11	0	18
3	0	984	2 	3	0	5
3	0	985	1 	12	1	15
3	0	985	2 	7	1	5
3	0	986	1 	2	1	15
3	0	986	2 	12	1	5
3	0	986	3 	6	1	5
3	0	988	1 	5	1	15
3	0	988	2 	9	1	5
3	0	988	3 	13	1	5
3	0	988	4 	7	1	5
3	0	989	1 	7	0	15
3	0	989	2 	1	0	10
3	0	990	1 	3	0	19
3	0	991	1 	3	0	18
3	0	991	2 	11	0	5
3	0	992	1 	5	0	11
3	0	993	1 	5	0	16
3	0	993	2 	9	0	5
3	0	993	3 	13	0	5
3	0	994	1 	6	1	18
3	0	994	2 	7	1	5
3	0	995	1 	10	1	18
3	0	995	2 	8	1	5
3	0	996	1 	3	0	17
3	0	996	2 	14	0	5
3	0	997	1 	3	1	15
3	0	997	2 	14	1	10
3	0	999	1 	10	1	15
3	0	999	2 	4	1	10
3	0	999	3 	20	1	5
3	0	1000	1 	2	1	15
3	0	1000	2 	15	1	5
3	0	1000	3 	5	1	10
3	0	1001	1 	11	1	15
3	0	1001	2 	13	1	5
3	0	1001	3 	14	1	5
3	0	1002	1 	12	0	11
3	0	1002	2 	5	1	10
3	0	1002	3 	8	1	5
3	0	1002	4 	2	1	6
3	0	1004	1 	1	1	18
3	0	1004	2 	7	1	5
3	0	1005	1 	4	0	10
3	0	1005	2 	3	0	15
3	0	1006	1 	12	1	10
3	0	1006	2 	13	1	10
3	0	1006	3 	10	1	5
3	0	1007	1 	9	0	19
3	0	1008	1 	3	0	18
3	0	1008	2 	1	0	5
3	0	1009	1 	6	0	17
3	0	1009	2 	14	0	5
3	0	1009	3 	1	0	5
3	0	1010	1 	9	0	17
3	0	1010	2 	10	0	5
3	0	1010	3 	13	0	5
3	0	1011	1 	10	1	17
3	0	1012	1 	2	1	13
3	0	1012	2 	8	1	2
3	0	1013	1 	10	0	17
3	0	1013	2 	14	0	5
3	0	1014	1 	11	1	15
3	0	1014	2 	15	1	6
3	0	1014	3 	7	1	5
3	0	1015	1 	11	1	19
3	0	1016	1 	2	1	12
3	0	1016	2 	5	1	10
3	0	1016	3 	14	1	10
3	0	1017	1 	2	0	13
3	0	1017	2 	5	0	5
3	0	1018	1 	11	0	10
3	0	1018	2 	2	1	10
3	0	1018	3 	13	0	5
3	0	1018	4 	9	0	5
3	0	1019	1 	11	1	19
3	0	1020	1 	2	1	15
3	0	1020	2 	8	1	5
3	0	1020	3 	11	1	5
3	0	1020	4 	5	1	5
3	0	1021	1 	2	1	18
3	0	1021	2 	13	1	5
3	0	1022	1 	7	1	15
3	0	1022	2 	1	1	5
3	0	1023	1 	7	1	18
3	0	1024	1 	12	0	18
3	0	1024	2 	3	0	5
3	0	1025	1 	10	0	16
3	0	1025	2 	13	0	5
3	0	1025	3 	14	0	5
3	0	1026	1 	9	1	18
3	0	1027	1 	8	0	10
3	0	1027	2 	1	0	10
3	0	1027	3 	14	0	10
3	0	1027	4 	15	0	1
3	0	1028	1 	1	1	10
3	0	1029	1 	11	0	18
3	0	1030	1 	10	1	19
3	0	1031	1 	8	1	19
3	0	1032	1 	11	0	15
3	0	1032	2 	3	0	10
3	0	1033	1 	3	0	17
3	0	1033	2 	6	0	8
3	0	1034	1 	8	0	20
3	0	1035	1 	7	1	15
3	0	1035	2 	8	1	10
3	0	1036	1 	7	1	19
3	0	1037	1 	3	0	15
3	0	1037	2 	14	0	10
3	0	1037	3 	1	0	5
3	0	1038	1 	6	1	15
3	0	1038	2 	12	0	5
3	0	1039	1 	12	1	15
3	0	1039	2 	9	1	5
3	0	1039	3 	14	1	5
3	0	1040	1 	6	1	15
3	0	1040	2 	13	1	10
3	0	1041	1 	3	0	18
3	0	1042	1 	12	0	10
3	0	1042	2 	5	0	10
3	0	1042	3 	1	0	5
3	0	1043	1 	6	1	15
3	0	1043	2 	2	1	5
3	0	1044	1 	2	0	13
3	0	1044	2 	6	0	1
3	0	1044	3 	3	0	9
3	0	1045	1 	4	0	15
3	0	1045	2 	13	1	5
3	0	1046	1 	3	0	15
3	0	1046	2 	10	0	10
3	0	1047	1 	9	1	17
3	0	1047	2 	8	1	8
3	0	1048	1 	11	0	12
3	0	1048	2 	9	1	1
3	0	1049	1 	3	0	10
3	0	1049	2 	4	0	5
3	0	1049	3 	13	0	5
3	0	1049	4 	14	0	5
3	0	1050	1 	6	1	15
3	0	1050	2 	10	1	5
3	0	1050	3 	13	1	5
3	0	1050	4 	4	1	5
3	0	1051	1 	10	0	13
3	0	1051	2 	4	0	10
3	0	1051	3 	15	0	10
3	0	1052	1 	5	1	19
3	0	1054	1 	6	1	15
3	0	1054	2 	12	1	10
3	0	1055	1 	7	1	18
3	0	1056	1 	1	0	19
3	0	1057	1 	2	1	15
3	0	1057	2 	13	1	12
3	0	1058	1 	2	1	15
3	0	1058	2 	13	1	5
3	0	1058	3 	3	0	5
3	0	1059	1 	2	1	16
3	0	1059	2 	8	1	10
3	0	1060	1 	6	0	17
3	0	1060	2 	13	0	5
3	0	1060	3 	1	0	5
3	0	1062	1 	11	0	18
3	0	1063	1 	10	1	17
3	0	1066	1 	1	1	16
3	0	1066	2 	4	1	10
3	0	1067	1 	10	0	10
3	0	1067	2 	3	0	10
3	0	1067	3 	13	0	5
3	0	1067	4 	1	0	10
3	0	1068	1 	3	0	15
3	0	1068	2 	10	0	5
3	0	1068	3 	4	0	5
3	0	1068	4 	12	0	5
3	0	1069	1 	5	0	15
3	0	1069	2 	12	0	5
3	0	1070	1 	1	0	17
3	0	1070	2 	7	0	5
3	0	1071	1 	2	1	16
3	0	1071	2 	8	1	10
3	0	1071	3 	1	1	1
3	0	1072	1 	2	1	18
3	0	1073	1 	2	1	10
3	0	1073	2 	6	1	10
3	0	1073	3 	13	1	5
3	0	1074	1 	4	1	19
3	0	1075	1 	11	1	18
3	0	1076	1 	2	1	15
3	0	1076	2 	8	1	12
3	0	1077	1 	11	0	18
3	0	1078	1 	6	1	15
3	0	1078	2 	10	1	6
3	0	1079	1 	11	0	18
3	0	1080	1 	5	1	15
3	0	1080	2 	13	1	5
3	0	1080	3 	14	1	5
3	0	1081	1 	6	1	17
3	0	1081	2 	13	1	5
3	0	1082	1 	1	1	10
3	0	1083	1 	12	1	17
3	0	1083	2 	14	1	5
3	0	1083	3 	10	1	5
3	0	1085	1 	5	0	12
3	0	1085	2 	2	0	6
3	0	1085	3 	11	0	6
3	0	1086	1 	2	1	19
3	0	1087	1 	6	0	19
3	0	1088	1 	12	0	15
3	0	1088	2 	13	0	5
3	0	1088	3 	5	0	5
3	0	1089	1 	8	1	15
3	0	1089	2 	13	1	10
3	0	1090	1 	11	1	18
3	0	1090	2 	13	1	5
3	0	1091	1 	2	1	18
3	0	1092	1 	8	1	15
3	0	1092	2 	6	1	10
3	0	1093	1 	12	1	17
3	0	1093	2 	14	1	1
3	0	1094	1 	1	1	15
3	0	1094	2 	7	1	5
3	0	1095	1 	3	0	16
3	0	1095	2 	9	0	10
3	0	1096	1 	12	1	15
3	0	1096	2 	10	1	10
3	0	1097	1 	11	0	16
3	0	1097	2 	5	0	10
3	0	1098	1 	6	1	11
3	0	1098	2 	13	1	1
3	0	1100	1 	7	0	19
3	0	1101	1 	9	0	10
3	0	1102	1 	2	1	15
3	0	1102	2 	13	1	10
3	0	1103	1 	2	1	10
3	0	1103	2 	7	1	9
3	0	1104	1 	6	1	13
3	0	1104	2 	2	1	10
3	0	1105	1 	8	1	15
3	0	1105	2 	13	1	7
3	0	1106	1 	11	0	19
3	0	1107	1 	7	1	19
3	0	1108	1 	8	1	18
3	0	1109	1 	10	1	18
3	0	1110	1 	4	1	18
3	0	1110	2 	7	1	6
3	0	1111	1 	11	1	15
3	0	1111	2 	6	1	10
3	0	1112	1 	6	0	15
3	0	1112	2 	3	0	5
3	0	1112	3 	1	0	5
3	0	1113	1 	9	0	10
3	0	1113	2 	6	0	15
3	0	1115	1 	7	1	14
3	0	1115	2 	10	1	10
3	0	1116	1 	12	0	16
3	0	1116	2 	3	0	10
3	0	1117	1 	7	0	15
3	0	1117	2 	11	0	10
3	0	1118	1 	12	0	11
3	0	1119	1 	2	0	13
3	0	1121	1 	7	1	15
3	0	1121	2 	13	1	10
3	0	1122	1 	2	1	17
3	0	1122	2 	13	1	5
3	0	1122	3 	10	1	5
3	0	1123	1 	3	0	15
3	0	1123	2 	10	0	6
3	0	1124	1 	2	1	18
3	0	1124	2 	11	1	5
3	0	1126	1 	2	1	15
3	0	1126	2 	5	1	10
3	0	1127	1 	6	1	17
3	0	1127	2 	14	1	5
3	0	1128	1 	3	0	11
3	0	1129	1 	1	1	18
3	0	1130	1 	2	1	17
3	0	1130	2 	14	1	5
3	0	1130	3 	10	1	5
3	0	1131	1 	12	1	18
3	0	1132	1 	3	0	15
3	0	1132	2 	11	0	10
3	0	1133	1 	2	1	11
3	0	1133	2 	5	1	11
3	0	1133	3 	5	0	10
3	0	1134	1 	11	0	17
3	0	1134	2 	8	0	5
3	0	1136	1 	4	0	18
3	0	1137	1 	6	0	11
3	0	1138	1 	10	0	15
3	0	1138	2 	4	0	10
3	0	1139	1 	1	1	18
3	0	1140	1 	11	0	15
3	0	1140	2 	3	0	11
3	0	1141	1 	10	1	16
3	0	1141	2 	4	1	10
3	0	1141	3 	12	1	4
3	0	1142	1 	2	1	15
3	0	1143	1 	3	0	18
3	0	1144	1 	7	1	15
3	0	1144	2 	11	1	5
3	0	1144	3 	13	1	5
3	0	1144	4 	4	1	5
3	0	1145	1 	8	1	19
3	0	1146	1 	2	1	10
3	0	1147	1 	12	0	19
3	0	1148	1 	1	0	15
3	0	1148	2 	11	0	10
3	0	1149	1 	1	1	16
3	0	1149	2 	7	1	6
3	0	1150	1 	11	0	13
3	0	1150	2 	1	0	10
3	0	1150	3 	13	0	5
3	0	1151	1 	2	1	18
3	0	1152	1 	11	0	15
3	0	1152	2 	1	0	10
3	0	1153	1 	4	1	14
3	0	1153	2 	13	1	5
3	0	1154	1 	8	1	19
3	0	1155	1 	12	1	15
3	0	1155	2 	13	1	5
3	0	1157	1 	2	1	14
3	0	1159	1 	6	0	15
3	0	1159	2 	11	0	5
3	0	1159	3 	13	0	5
3	0	1159	4 	5	0	5
3	0	1160	1 	6	1	17
3	0	1160	2 	13	0	5
3	0	1161	1 	4	1	17
3	0	1161	2 	12	1	5
3	0	1161	3 	10	1	5
3	0	1162	1 	11	1	18
3	0	1162	2 	11	0	6
3	0	1163	1 	6	1	14
3	0	1163	2 	10	1	10
3	0	1164	1 	4	1	18
3	0	1164	2 	12	1	5
3	0	1165	1 	6	1	19
3	0	1165	2 	13	1	1
3	0	1166	1 	1	1	15
3	0	1166	2 	7	1	10
3	0	1167	1 	2	1	10
3	0	1168	1 	9	0	15
3	0	1168	2 	5	0	10
3	0	1169	1 	1	1	10
3	0	1170	1 	2	1	10
3	0	1172	1 	5	0	10
3	0	1173	1 	4	0	14
3	0	1173	2 	12	0	11
3	0	1174	1 	6	1	15
3	0	1174	3 	15	1	10
3	0	1175	1 	2	1	13
3	0	1175	2 	10	1	8
3	0	1175	3 	11	1	6
3	0	1175	4 	7	1	5
3	0	1177	1 	4	1	12
3	0	1177	2 	12	1	10
3	0	1177	3 	10	1	10
3	0	1178	1 	2	1	19
3	0	1179	1 	6	0	18
3	0	1179	2 	1	0	5
3	0	1180	1 	6	0	12
3	0	1180	2 	10	0	10
3	0	1180	3 	14	0	10
3	0	1181	1 	6	0	10
3	0	1181	2 	13	0	6
3	0	1181	3 	5	0	5
3	0	1182	1 	8	1	16
3	0	1182	2 	10	1	4
3	0	1183	1 	8	1	18
3	0	1184	1 	3	0	15
3	0	1184	2 	6	0	5
3	0	1184	3 	13	0	6
3	0	1185	1 	5	1	16
3	0	1185	2 	13	1	8
3	0	1185	3 	7	1	5
3	0	1186	1 	2	0	17
3	0	1186	2 	9	0	5
3	0	1187	1 	6	1	15
3	0	1187	2 	14	1	10
3	0	1188	1 	12	1	15
3	0	1188	2 	4	1	10
3	0	1189	1 	6	1	12
3	0	1189	2 	5	1	9
3	0	1189	3 	13	1	7
3	0	1189	4 	14	1	5
3	0	1190	1 	6	1	15
3	0	1190	2 	12	1	11
3	0	1191	1 	11	0	14
3	0	1191	2 	10	0	11
3	0	1192	1 	6	1	19
3	0	1193	1 	11	0	15
3	0	1193	2 	13	0	1
3	0	1193	3 	5	0	10
3	0	1194	1 	7	1	12
3	0	1194	2 	3	1	7
3	0	1195	1 	6	1	18
3	0	1196	1 	2	0	18
3	0	1197	1 	10	1	18
3	0	1198	1 	2	1	18
3	0	1199	1 	6	1	17
3	0	1199	2 	7	1	8
3	0	1200	1 	3	0	18
3	0	1200	2 	1	0	5
3	0	1201	1 	1	1	10
3	0	1201	2 	8	1	10
3	0	1201	3 	2	1	10
3	0	1202	1 	3	0	19
3	0	1203	1 	12	1	14
3	0	1204	1 	2	0	16
3	0	1204	2 	3	0	10
3	0	1205	1 	2	1	18
3	0	1206	1 	6	1	19
3	0	1207	1 	10	1	16
3	0	1207	2 	7	1	5
3	0	1207	3 	4	1	5
3	0	1208	1 	11	0	15
3	0	1208	2 	2	1	10
3	0	1209	1 	4	1	14
3	0	1209	2 	6	1	10
3	0	1210	1 	9	0	15
3	0	1210	2 	3	0	10
3	0	1211	1 	1	1	19
3	0	1212	1 	2	1	15
3	0	1212	2 	5	1	11
3	0	1213	1 	1	0	19
3	0	1214	1 	1	1	19
3	0	1215	1 	3	0	12
3	0	1215	2 	10	0	10
3	0	1215	3 	13	0	5
3	0	1216	1 	8	1	20
3	0	1217	1 	10	1	19
3	0	1217	2 	15	1	5
3	0	1218	1 	2	1	13
3	0	1219	1 	7	1	19
3	0	1220	1 	3	0	15
3	0	1220	2 	13	0	5
3	0	1220	3 	1	0	5
3	0	1221	1 	6	1	10
3	0	1221	2 	14	1	15
3	0	1222	1 	9	0	15
3	0	1222	2 	6	0	5
3	0	1222	3 	13	0	5
3	0	1223	1 	6	1	18
3	0	1223	2 	13	1	5
3	0	1224	1 	6	1	15
3	0	1224	2 	13	1	10
3	0	1224	3 	20	1	3
3	0	1225	1 	10	1	17
3	0	1225	2 	13	1	5
3	0	1226	1 	2	1	15
3	0	1226	2 	2	0	9
3	0	1227	1 	11	0	17
3	0	1227	2 	1	0	5
3	0	1228	1 	10	1	15
3	0	1228	2 	4	1	10
3	0	1229	1 	9	1	13
3	0	1229	2 	2	1	10
3	0	1229	3 	14	0	9
3	0	1231	1 	6	1	19
3	0	1232	1 	11	1	10
3	0	1232	2 	10	1	10
3	0	1232	3 	6	1	10
3	0	1233	1 	7	1	15
3	0	1233	2 	4	1	7
3	0	1234	1 	2	1	15
3	0	1234	2 	12	1	11
3	0	1235	1 	6	0	18
3	0	1236	1 	7	1	20
3	0	1237	1 	9	1	19
3	0	1238	1 	6	0	19
3	0	1239	1 	3	0	14
3	0	1241	1 	1	0	15
3	0	1241	2 	13	0	10
3	0	1243	1 	3	1	15
3	0	1243	2 	13	1	11
3	0	1244	1 	4	1	19
3	0	1245	1 	9	1	18
3	0	1245	2 	8	1	5
3	0	1246	1 	10	1	16
3	0	1246	2 	1	1	6
3	0	1247	1 	6	0	16
3	0	1247	2 	13	1	10
3	0	1248	1 	3	1	14
3	0	1248	2 	10	1	10
3	0	1249	1 	8	1	18
3	0	1250	1 	10	1	15
3	0	1251	1 	10	1	15
3	0	1251	2 	4	1	5
3	0	1252	1 	3	1	13
3	0	1252	2 	6	1	12
3	0	1253	1 	3	0	15
3	0	1253	2 	1	0	10
3	0	1254	1 	12	1	10
3	0	1254	2 	5	1	5
3	0	1254	3 	13	1	5
3	0	1254	4 	14	1	5
3	0	1255	1 	3	1	19
3	0	1256	1 	9	0	10
3	0	1257	1 	9	1	16
3	0	1257	2 	13	1	5
3	0	1257	3 	7	1	5
3	0	1258	1 	2	1	13
3	0	1258	2 	6	1	12
3	0	1259	1 	12	1	15
3	0	1259	2 	13	1	10
3	0	1260	1 	6	0	16
3	0	1260	2 	13	0	5
3	0	1260	3 	1	0	5
3	0	1261	1 	2	1	15
3	0	1261	2 	10	1	5
3	0	1262	1 	2	1	12
3	0	1262	2 	7	1	4
3	0	1263	1 	2	1	13
3	0	1263	2 	5	1	6
3	0	1263	3 	6	1	5
3	0	1264	1 	2	1	10
3	0	1265	1 	3	0	13
3	0	1267	1 	5	0	10
3	0	1268	1 	5	0	15
3	0	1268	2 	6	0	10
3	0	1268	3 	15	0	1
3	0	1269	1 	1	1	11
3	0	1269	2 	8	1	7
3	0	1269	3 	13	1	5
3	0	1269	4 	11	1	10
3	0	1270	1 	4	0	16
3	0	1270	2 	4	1	7
3	0	1271	1 	5	0	15
3	0	1271	2 	2	0	10
3	0	1272	1 	1	0	15
3	0	1272	2 	14	0	5
3	0	1272	3 	5	0	9
3	0	1273	1 	6	1	15
3	0	1273	2 	11	1	10
3	0	1274	1 	1	0	18
3	0	1274	2 	14	0	5
3	0	1275	1 	8	1	14
3	0	1275	2 	5	1	5
3	0	1275	3 	7	1	5
3	0	1275	4 	4	1	5
3	0	1277	1 	6	0	10
3	0	1277	2 	5	0	5
3	0	1277	3 	1	0	5
3	0	1277	4 	7	0	5
3	0	1278	1 	3	1	13
3	0	1278	2 	10	1	10
3	0	1279	1 	6	0	20
3	0	1282	1 	2	0	17
3	0	1282	2 	2	1	5
3	0	1282	3 	1	0	5
3	0	1283	1 	11	1	15
3	0	1283	2 	14	1	10
3	0	1284	1 	7	0	10
3	0	1284	2 	3	0	15
3	0	1285	1 	1	1	19
3	0	1286	1 	11	1	19
3	0	1287	1 	6	1	10
3	0	1287	2 	3	1	5
3	0	1287	3 	13	1	5
3	0	1287	4 	8	1	5
3	0	1288	1 	2	1	18
3	0	1288	2 	8	1	5
3	0	1289	1 	2	1	15
3	0	1289	2 	13	1	10
3	0	1290	1 	6	1	19
3	0	1291	1 	4	1	19
3	0	1292	1 	11	1	11
3	0	1293	1 	2	1	15
3	0	1293	2 	1	1	9
3	0	1294	1 	3	0	18
3	0	1295	1 	12	1	15
3	0	1295	2 	13	1	10
3	0	1296	1 	6	1	10
3	0	1296	2 	2	1	10
3	0	1296	3 	13	1	5
3	0	1296	4 	14	1	5
3	0	1297	1 	7	1	19
3	0	1298	1 	6	0	16
3	0	1298	2 	1	0	5
3	0	1299	1 	6	0	15
3	0	1299	2 	3	0	5
3	0	1299	3 	14	0	5
3	0	1300	1 	4	1	18
3	0	1301	1 	6	0	18
3	0	1301	2 	19	0	5
3	0	1302	1 	10	1	18
3	0	1303	1 	2	1	19
3	0	1304	1 	3	0	15
3	0	1304	2 	11	0	10
3	0	1305	1 	2	1	17
3	0	1306	1 	7	1	10
3	0	1307	1 	6	0	15
3	0	1307	2 	2	0	11
3	0	1308	1 	10	1	18
3	0	1309	1 	12	0	15
3	0	1309	2 	3	0	5
3	0	1310	1 	3	0	16
3	0	1310	2 	3	1	5
3	0	1310	3 	9	1	1
3	0	1311	1 	3	0	17
3	0	1311	2 	11	0	5
3	0	1312	1 	5	1	19
3	0	1313	1 	3	1	15
3	0	1313	2 	8	1	5
3	0	1313	3 	13	1	9
3	0	1314	1 	6	0	10
3	0	1314	2 	1	0	5
3	0	1314	3 	5	0	13
3	0	1315	1 	2	1	13
3	0	1315	2 	5	1	11
3	0	1315	3 	8	1	5
3	0	1316	1 	2	1	19
3	0	1317	1 	2	1	17
3	0	1318	1 	7	1	18
3	0	1319	1 	12	0	12
3	0	1319	2 	11	0	14
3	0	1320	1 	10	1	17
3	0	1320	2 	2	1	5
3	0	1320	3 	14	1	5
3	0	1321	1 	6	0	17
3	0	1322	1 	2	1	19
3	0	1324	1 	2	1	15
3	0	1324	2 	1	1	5
3	0	1324	3 	8	1	5
3	0	1325	1 	1	0	16
3	0	1325	2 	13	0	5
3	0	1325	3 	14	0	5
3	0	1326	1 	12	1	10
3	0	1326	2 	13	1	10
3	0	1327	1 	3	0	16
3	0	1327	2 	14	0	5
3	0	1327	3 	5	0	5
3	0	1328	1 	2	1	15
3	0	1328	2 	2	0	5
3	0	1328	3 	13	1	1
3	0	1328	4 	14	1	1
3	0	1329	1 	4	1	19
3	0	1330	1 	1	1	16
3	0	1330	2 	13	1	5
3	0	1330	3 	8	1	6
3	0	1331	1 	12	1	10
3	0	1332	1 	10	1	17
3	0	1332	2 	12	1	10
3	0	1333	1 	6	0	18
3	0	1333	2 	12	0	5
3	0	1334	1 	4	1	16
3	0	1334	2 	10	1	10
3	0	1335	1 	8	0	15
3	0	1335	2 	2	0	1
3	0	1335	3 	3	0	5
3	0	1336	1 	1	0	19
3	0	1337	1 	2	0	11
3	0	1337	2 	10	1	5
3	0	1337	3 	13	1	10
3	0	1337	4 	2	1	5
3	0	1338	1 	3	0	15
3	0	1338	2 	11	0	10
3	0	1339	1 	10	0	16
3	0	1340	1 	12	1	18
3	0	1340	2 	14	1	5
3	0	1342	1 	3	1	10
3	0	1343	1 	10	1	13
3	0	1343	2 	4	1	10
3	0	1343	3 	13	1	5
3	0	1343	4 	7	1	5
3	0	1344	1 	7	1	14
3	0	1344	2 	2	1	10
3	0	1344	3 	14	1	1
3	0	1345	1 	6	1	15
3	0	1345	2 	3	1	5
3	0	1346	1 	11	0	18
3	0	1347	1 	2	1	20
3	0	1348	1 	9	0	15
3	0	1348	2 	3	0	5
3	0	1348	3 	13	0	9
3	0	1349	1 	3	0	15
3	0	1349	2 	3	1	5
3	0	1350	1 	5	1	15
3	0	1350	2 	13	1	5
3	0	1350	3 	14	1	5
3	0	1351	1 	9	1	16
3	0	1351	2 	2	1	10
3	0	1352	1 	12	0	15
3	0	1352	2 	11	0	10
3	0	1353	1 	6	1	15
3	0	1353	2 	7	1	5
3	0	1353	3 	13	1	6
3	0	1353	4 	10	1	6
3	0	1354	1 	11	1	15
3	0	1354	2 	4	0	5
3	0	1354	3 	14	1	5
3	0	1355	1 	1	0	19
3	0	1356	1 	8	1	10
3	0	1356	2 	1	1	5
3	0	1356	3 	13	1	10
3	0	1356	4 	7	1	5
3	0	1357	1 	11	0	10
3	0	1357	2 	13	1	10
3	0	1358	1 	12	0	19
3	0	1360	1 	5	1	18
3	0	1360	2 	13	1	5
3	0	1361	1 	5	1	15
3	0	1361	2 	13	1	5
3	0	1362	1 	11	1	18
3	0	1363	1 	9	1	18
3	0	1363	2 	3	1	5
3	0	1364	1 	10	1	17
3	0	1365	1 	11	1	19
3	0	1366	1 	3	0	11
3	0	1366	2 	12	0	10
3	0	1367	1 	11	0	13
3	0	1367	2 	1	1	10
3	0	1367	3 	14	0	5
3	0	1368	1 	5	1	18
3	0	1369	1 	12	0	19
3	0	1370	1 	7	1	16
3	0	1370	2 	10	1	10
3	0	1371	1 	12	0	11
3	0	1372	1 	5	0	19
3	0	1373	1 	2	1	15
3	0	1373	2 	13	1	10
3	0	1374	1 	3	0	15
3	0	1374	2 	10	0	8
3	0	1375	1 	1	0	12
3	0	1377	1 	3	1	17
3	0	1377	2 	3	0	5
3	0	1378	1 	10	1	19
3	0	1379	1 	6	0	10
3	0	1379	2 	18	0	10
3	0	1380	1 	6	1	15
3	0	1380	2 	9	1	9
3	0	1381	1 	11	1	16
3	0	1381	2 	7	1	5
3	0	1382	1 	1	0	15
3	0	1382	2 	14	0	10
3	0	1383	1 	6	1	15
3	0	1383	2 	13	1	10
3	0	1385	1 	7	1	15
3	0	1386	1 	5	1	11
3	0	1386	2 	5	0	10
3	0	1386	3 	14	0	5
3	0	1387	1 	2	1	15
3	0	1387	2 	5	1	10
3	0	1388	1 	2	1	12
3	0	1389	1 	2	1	15
3	0	1389	2 	13	1	5
3	0	1389	3 	14	1	5
3	0	1390	1 	2	1	15
3	0	1390	2 	5	1	10
3	0	1391	1 	3	1	15
3	0	1391	2 	6	0	3
3	0	1392	1 	12	0	17
3	0	1392	2 	11	0	5
3	0	1393	1 	10	1	16
3	0	1393	2 	12	1	10
3	0	1394	1 	12	1	15
3	0	1394	2 	7	1	6
3	0	1395	1 	2	1	16
3	0	1395	2 	6	1	6
3	0	1396	1 	12	1	18
3	0	1397	1 	10	0	15
3	0	1397	2 	13	0	5
3	0	1398	1 	10	1	13
3	0	1398	2 	4	1	10
3	0	1398	3 	13	1	5
3	0	1399	1 	2	1	15
3	0	1399	2 	5	1	10
3	0	1400	1 	6	1	15
3	0	1400	2 	5	1	5
3	0	1400	3 	14	1	5
3	0	1401	1 	6	0	10
3	0	1401	2 	9	0	6
3	0	1401	3 	1	0	10
3	0	1401	4 	5	0	5
3	0	1402	1 	11	0	15
3	0	1403	1 	4	1	18
3	0	1404	1 	3	0	15
3	0	1404	2 	13	0	10
3	0	1404	3 	14	0	3
3	0	1405	1 	8	1	18
3	0	1407	1 	9	0	15
3	0	1407	2 	10	0	5
3	0	1407	3 	1	0	5
3	0	1408	1 	2	1	17
3	0	1408	2 	10	1	5
3	0	1408	3 	12	1	5
3	0	1409	1 	1	1	15
3	0	1409	2 	1	0	5
3	0	1410	1 	3	0	15
3	0	1410	2 	12	0	10
3	0	1411	1 	8	1	16
3	0	1411	2 	14	1	5
3	0	1411	3 	7	1	5
3	0	1413	1 	10	1	15
3	0	1413	2 	8	1	5
3	0	1413	3 	4	1	6
3	0	1414	1 	2	1	18
3	0	1415	1 	4	0	13
3	0	1415	2 	10	0	10
3	0	1415	3 	13	0	6
3	0	1416	1 	3	1	17
3	0	1416	2 	14	1	5
3	0	1417	1 	7	0	10
3	0	1417	2 	9	0	10
3	0	1417	3 	13	0	5
3	0	1417	4 	4	0	5
3	0	1419	1 	3	0	15
3	0	1419	2 	12	0	10
3	0	1419	3 	8	0	5
3	0	1420	1 	11	0	15
3	0	1420	2 	13	0	5
3	0	1421	1 	2	1	13
3	0	1421	2 	8	1	5
3	0	1421	3 	13	1	7
3	0	1421	4 	7	1	6
3	0	1422	1 	4	0	16
3	0	1422	2 	13	0	6
3	0	1423	1 	6	0	17
3	0	1423	2 	3	0	5
3	0	1424	1 	12	1	15
3	0	1425	1 	7	1	16
3	0	1425	2 	14	1	5
3	0	1426	1 	5	0	15
3	0	1426	2 	9	0	10
3	0	1427	1 	10	0	16
3	0	1428	1 	2	1	18
3	0	1429	1 	1	0	19
3	0	1430	1 	1	0	14
3	0	1430	2 	3	0	10
3	0	1430	3 	6	0	5
3	0	1431	1 	6	1	19
3	0	1432	1 	11	1	17
3	0	1432	2 	10	1	7
3	0	1433	1 	10	0	11
3	0	1434	1 	5	0	16
3	0	1434	2 	7	0	9
3	0	1434	3 	8	0	4
3	0	1435	1 	3	0	19
3	0	1436	1 	5	0	17
3	0	1436	2 	11	0	6
3	0	1437	1 	1	1	19
3	0	1438	1 	7	0	12
3	0	1439	1 	6	1	19
3	0	1440	1 	7	0	11
3	0	1440	2 	11	0	7
3	0	1440	3 	13	0	7
3	0	1441	1 	4	0	15
3	0	1442	1 	10	1	16
3	0	1442	2 	13	1	5
3	0	1442	3 	7	1	5
3	0	1443	1 	6	1	17
3	0	1443	2 	13	1	5
3	0	1443	3 	7	1	5
3	0	1444	1 	6	0	16
3	0	1444	2 	13	0	5
3	0	1444	3 	1	0	5
3	0	1445	1 	2	1	17
3	0	1445	2 	13	1	5
3	0	1445	3 	11	1	5
3	0	1446	1 	6	1	16
3	0	1446	2 	2	1	8
3	0	1447	1 	6	1	11
3	0	1447	2 	2	1	10
3	0	1447	3 	13	1	10
3	0	1448	1 	5	1	15
3	0	1448	2 	9	0	10
3	0	1449	1 	3	0	15
3	0	1449	2 	5	0	10
3	0	1450	1 	6	1	15
3	0	1450	2 	13	1	10
3	0	1451	1 	12	0	11
3	0	1452	1 	6	1	18
3	0	1452	2 	8	1	5
3	0	1453	1 	3	1	14
3	0	1454	1 	2	1	15
3	0	1455	1 	2	1	16
3	0	1455	2 	5	0	7
3	0	1456	1 	3	1	17
3	0	1456	2 	5	1	5
3	0	1457	1 	5	1	14
3	0	1458	1 	2	1	15
3	0	1458	2 	5	1	9
3	0	1459	1 	10	1	15
3	0	1459	2 	2	1	7
3	0	1459	3 	9	0	4
3	0	1460	1 	10	1	19
3	0	1461	1 	1	0	15
3	0	1461	2 	8	1	10
3	0	1462	1 	10	0	18
3	0	1463	1 	3	0	18
3	0	1464	1 	10	1	10
3	0	1464	2 	4	1	10
3	0	1464	3 	13	1	5
3	0	1464	4 	7	1	5
3	0	1465	1 	6	1	18
3	0	1465	2 	2	1	6
3	0	1466	1 	3	0	15
3	0	1466	2 	13	0	5
3	0	1466	3 	5	0	5
3	0	1467	1 	2	1	16
3	0	1467	2 	5	1	10
3	0	1468	1 	11	0	15
3	0	1468	2 	10	0	5
3	0	1468	3 	1	0	5
3	0	1469	1 	9	1	15
3	0	1469	2 	13	1	5
3	0	1469	3 	2	1	5
3	0	1470	1 	2	1	15
3	0	1470	2 	6	1	5
3	0	1470	3 	13	1	10
3	0	1471	1 	6	0	10
3	0	1471	2 	11	0	10
3	0	1471	3 	10	0	5
3	0	1471	4 	1	0	5
3	0	1472	1 	4	0	19
3	0	1473	1 	6	0	19
3	0	1475	1 	5	1	10
3	0	1475	2 	1	0	10
3	0	1475	3 	4	0	10
3	0	1476	1 	3	0	14
3	0	1476	2 	7	0	5
3	0	1476	3 	5	0	10
3	0	1477	1 	8	1	18
3	0	1478	1 	5	0	18
3	0	1479	1 	12	1	10
3	0	1479	2 	4	1	10
3	0	1479	3 	10	1	9
3	0	1479	4 	14	1	4
3	0	1480	1 	12	1	14
3	0	1480	2 	12	0	10
3	0	1480	3 	15	1	5
3	0	1481	1 	6	0	14
3	0	1481	2 	10	0	5
3	0	1481	3 	13	0	5
3	0	1481	4 	1	0	5
3	0	1482	1 	5	1	15
3	0	1482	2 	6	1	5
3	0	1482	3 	13	1	5
3	0	1483	1 	4	1	14
3	0	1483	2 	4	0	12
3	0	1484	1 	7	1	12
3	0	1486	1 	5	0	18
3	0	1486	2 	3	0	5
3	0	1487	1 	7	0	17
3	0	1487	2 	14	0	5
3	0	1488	1 	3	0	16
3	0	1488	2 	4	0	5
3	0	1488	3 	8	0	5
3	0	1489	1 	2	1	17
3	0	1489	2 	7	1	5
3	0	1489	3 	11	1	5
3	0	1491	1 	10	1	16
3	0	1491	2 	7	1	5
3	0	1491	3 	6	1	5
3	0	1492	1 	8	1	17
3	0	1492	2 	10	1	6
3	0	1493	1 	12	1	15
3	0	1493	2 	14	1	12
3	0	1494	1 	2	1	15
3	0	1494	2 	6	1	10
3	0	1495	1 	3	1	18
3	0	1495	2 	3	0	5
3	0	1496	1 	11	1	16
3	0	1496	2 	5	1	10
3	0	1497	1 	11	1	15
3	0	1497	2 	4	1	5
3	0	1497	3 	10	1	5
3	0	1498	1 	11	0	18
3	0	1498	2 	13	0	5
3	0	1499	1 	11	1	16
3	0	1499	2 	1	0	5
3	0	1500	1 	6	0	10
3	0	1500	2 	9	0	10
3	0	1500	3 	14	0	5
3	0	1500	4 	8	0	5
3	0	1501	1 	10	0	18
3	0	1501	2 	13	0	5
3	0	1502	1 	1	0	18
3	0	1502	2 	13	0	5
3	0	1503	1 	9	1	15
3	0	1503	2 	13	1	5
3	0	1503	3 	8	1	5
3	0	1504	1 	2	1	10
3	0	1504	2 	6	1	5
3	0	1504	3 	12	1	5
3	0	1504	4 	11	1	10
3	0	1505	1 	12	1	15
3	0	1505	2 	13	1	10
3	0	1506	1 	7	1	13
3	0	1506	2 	1	1	11
3	0	1507	1 	7	1	18
3	0	1507	2 	2	1	5
3	0	1508	1 	10	1	18
3	0	1509	1 	9	1	15
3	0	1509	2 	13	1	5
3	0	1509	3 	14	1	5
3	0	1510	1 	4	1	17
3	0	1511	1 	6	0	15
3	0	1511	2 	5	0	10
3	0	1512	1 	2	1	13
3	0	1512	2 	13	1	11
3	0	1513	1 	1	0	10
3	0	1513	2 	3	0	10
3	0	1513	3 	14	0	5
3	0	1513	4 	11	0	10
3	0	1514	1 	8	1	10
3	0	1514	2 	9	1	5
3	0	1514	3 	18	1	15
3	0	1515	1 	12	1	14
3	0	1515	2 	10	1	10
3	0	1516	1 	1	1	18
3	0	1517	1 	6	1	15
3	0	1519	1 	6	1	17
3	0	1519	2 	10	1	5
3	0	1520	1 	11	0	17
3	0	1520	2 	13	0	5
3	0	1521	1 	2	1	14
3	0	1522	1 	3	1	10
3	0	1522	2 	10	1	5
3	0	1522	3 	13	1	10
3	0	1523	1 	6	0	18
3	0	1524	1 	3	0	16
3	0	1524	2 	3	1	11
3	0	1525	1 	5	1	15
3	0	1525	2 	13	1	10
3	0	1526	1 	2	1	19
3	0	1527	1 	4	0	18
3	0	1528	1 	5	0	11
3	0	1529	1 	1	1	19
3	0	1530	1 	3	0	16
3	0	1530	2 	14	0	5
3	0	1531	1 	2	1	10
3	0	1531	2 	8	1	12
3	0	1531	3 	7	1	5
3	0	1532	1 	2	1	15
3	0	1532	2 	5	1	7
3	0	1533	1 	10	1	16
3	0	1533	2 	11	1	10
3	0	1534	1 	10	1	15
3	0	1534	2 	6	1	6
3	0	1534	3 	13	1	1
3	0	1535	1 	2	1	16
3	0	1535	2 	10	1	10
3	0	1536	1 	12	0	15
3	0	1536	2 	2	0	5
3	0	1536	3 	20	0	5
3	0	1537	1 	7	1	15
3	0	1537	2 	10	1	8
3	0	1538	1 	3	0	15
3	0	1538	2 	13	0	5
3	0	1538	3 	5	1	5
3	0	1539	1 	8	1	14
3	0	1539	2 	4	1	6
3	0	1539	3 	1	1	10
3	0	1540	1 	6	1	16
3	0	1540	2 	5	1	5
3	0	1541	1 	10	0	13
3	0	1541	2 	5	0	10
3	0	1541	3 	13	0	5
3	0	1542	1 	12	0	16
3	0	1542	2 	6	0	10
3	0	1543	1 	6	1	17
3	0	1543	2 	13	1	5
3	0	1544	1 	3	0	20
3	0	1545	1 	12	1	15
3	0	1545	2 	13	1	5
3	0	1545	3 	14	1	5
3	0	1546	1 	7	1	16
3	0	1546	2 	11	1	5
3	0	1547	1 	10	1	10
3	0	1547	2 	4	1	10
3	0	1547	3 	18	1	10
3	0	1547	4 	12	1	5
3	0	1548	1 	10	0	15
3	0	1548	2 	4	0	11
3	0	1549	1 	1	1	10
3	0	1549	2 	7	0	5
3	0	1549	3 	1	0	10
3	0	1549	4 	5	0	10
3	0	1550	1 	9	1	17
3	0	1550	2 	13	1	5
3	0	1551	1 	6	1	17
3	0	1551	2 	13	1	7
3	0	1552	1 	10	1	15
3	0	1552	2 	2	1	5
3	0	1552	3 	10	0	1
3	0	1553	1 	5	0	15
3	0	1553	2 	2	0	10
3	0	1554	1 	3	0	18
3	0	1555	1 	5	0	18
3	0	1556	1 	6	1	15
3	0	1556	2 	5	1	10
3	0	1556	3 	18	1	5
3	0	1557	1 	9	0	10
3	0	1557	2 	7	0	5
3	0	1557	3 	1	0	5
3	0	1557	4 	5	0	10
3	0	1558	1 	11	0	17
3	0	1558	2 	1	0	5
3	0	1558	3 	13	0	5
3	0	1559	1 	7	1	18
3	0	1560	1 	6	1	15
3	0	1560	2 	10	1	10
3	0	1560	3 	14	1	5
3	0	1562	1 	6	1	14
3	0	1562	2 	10	1	8
3	0	1562	3 	8	0	5
3	0	1563	1 	8	1	18
3	0	1563	2 	2	1	5
3	0	1564	1 	2	1	15
3	0	1564	2 	13	1	4
3	0	1565	1 	2	1	17
3	0	1565	2 	5	1	5
3	0	1566	1 	1	1	12
3	0	1566	2 	8	1	12
3	0	1566	3 	14	1	5
3	0	1567	1 	6	1	15
3	0	1567	2 	2	1	10
3	0	1568	1 	6	1	19
3	0	1569	1 	3	0	17
3	0	1569	2 	10	0	5
3	0	1570	1 	3	0	19
3	0	1570	2 	6	0	5
3	0	1571	1 	1	1	10
3	0	1572	1 	6	1	15
3	0	1572	2 	11	1	12
3	0	1573	1 	11	0	18
3	0	1574	1 	3	0	17
3	0	1574	2 	10	0	5
3	0	1575	1 	2	1	15
3	0	1575	2 	3	1	5
3	0	1575	3 	13	1	5
3	0	1576	1 	8	1	17
3	0	1576	2 	2	1	5
3	0	1577	1 	2	1	19
3	0	1578	1 	4	0	15
3	0	1578	2 	10	0	5
3	0	1578	3 	1	0	5
3	0	1578	4 	15	0	6
3	0	1579	1 	12	0	18
3	0	1580	1 	6	1	17
3	0	1580	2 	13	1	5
3	0	1581	1 	6	1	17
3	0	1581	2 	2	1	6
3	0	1582	1 	12	0	10
3	0	1582	2 	3	0	14
3	0	1582	3 	10	0	5
3	0	1583	1 	12	0	18
3	0	1584	1 	11	0	15
3	0	1584	2 	1	1	5
3	0	1585	1 	6	1	17
3	0	1585	2 	8	1	5
3	0	1586	1 	10	1	12
3	0	1586	2 	4	1	1
3	0	1586	3 	13	1	1
3	0	1587	1 	3	0	13
3	0	1587	2 	12	0	10
3	0	1588	1 	8	1	18
3	0	1589	1 	2	1	12
3	0	1589	2 	5	1	10
3	0	1589	3 	6	0	8
3	0	1590	1 	2	1	14
3	0	1590	2 	5	1	10
3	0	1590	3 	13	1	1
3	0	1591	1 	12	0	15
3	0	1591	2 	13	0	5
3	0	1591	3 	14	0	5
3	0	1592	1 	1	0	13
3	0	1592	2 	11	0	10
3	0	1593	1 	1	1	16
3	0	1593	2 	7	1	10
3	0	1594	1 	2	1	16
3	0	1594	2 	5	1	7
3	0	1595	1 	5	0	12
3	0	1596	1 	1	0	15
3	0	1596	2 	3	0	5
3	0	1597	1 	8	1	15
3	0	1597	2 	14	1	2
3	0	1597	3 	10	1	5
3	0	1598	1 	11	0	15
3	0	1598	2 	10	0	5
3	0	1598	3 	13	0	5
3	0	1598	4 	1	0	5
3	0	1599	1 	10	0	15
3	0	1599	2 	4	0	10
3	0	1600	1 	11	1	18
3	0	1601	1 	10	0	15
3	0	1601	2 	4	0	10
3	0	1602	1 	11	1	12
3	0	1602	2 	6	1	5
3	0	1602	3 	13	1	13
3	0	1603	1 	12	1	16
3	0	1603	2 	13	1	5
3	0	1604	1 	4	0	11
3	0	1605	1 	8	1	15
3	0	1605	2 	7	1	10
3	0	1606	1 	1	1	19
3	0	1607	1 	12	1	14
3	0	1607	2 	9	1	5
3	0	1607	3 	13	1	5
3	0	1607	4 	14	1	5
3	0	1608	1 	12	1	19
3	0	1609	1 	3	0	10
3	0	1609	2 	6	0	5
3	0	1609	3 	14	0	14
3	0	1609	4 	12	0	4
3	0	1610	1 	12	0	15
3	0	1610	2 	5	0	9
3	0	1611	1 	9	0	15
3	0	1611	2 	5	1	10
3	0	1612	1 	10	1	19
3	0	1613	1 	5	1	19
3	0	1614	1 	6	0	14
3	0	1614	2 	1	0	10
3	0	1614	3 	13	0	6
3	0	1615	1 	2	1	15
3	0	1615	2 	6	0	5
3	0	1616	1 	6	1	15
3	0	1618	1 	2	0	18
3	0	1619	1 	10	1	15
3	0	1619	2 	4	1	10
3	0	1620	1 	9	0	18
3	0	1620	2 	12	0	5
3	0	1621	1 	11	0	16
3	0	1621	2 	1	0	5
3	0	1622	1 	4	1	16
3	0	1622	2 	10	1	9
3	0	1623	1 	2	1	15
3	0	1623	2 	5	1	6
3	0	1624	1 	2	1	10
3	0	1624	2 	4	1	5
3	0	1624	3 	14	1	5
3	0	1624	4 	11	1	10
3	0	1625	1 	10	1	15
3	0	1625	2 	7	1	5
3	0	1625	3 	13	0	9
3	0	1626	1 	10	0	18
3	0	1627	1 	8	0	16
3	0	1627	2 	9	0	10
3	0	1628	1 	4	0	16
3	0	1628	2 	19	0	2
3	0	1629	1 	10	1	18
3	0	1629	2 	7	1	5
3	0	1631	1 	3	1	19
3	0	1632	1 	11	1	13
3	0	1633	1 	4	1	12
3	0	1634	1 	11	0	10
3	0	1634	2 	3	0	10
3	0	1634	3 	14	0	10
3	0	1636	1 	8	1	16
3	0	1636	2 	11	0	6
3	0	1636	3 	5	1	4
3	0	1637	1 	8	1	19
3	0	1638	1 	6	0	18
3	0	1638	2 	3	0	5
3	0	1639	1 	11	0	18
3	0	1640	1 	8	1	15
3	0	1641	1 	6	1	15
3	0	1641	2 	5	1	10
3	0	1642	1 	6	0	16
3	0	1642	2 	13	0	5
3	0	1642	3 	5	0	5
3	0	1643	1 	4	0	11
3	0	1646	1 	5	0	19
3	0	1647	1 	9	0	14
3	0	1647	2 	12	0	12
3	0	1648	1 	10	0	13
3	0	1649	1 	6	0	15
3	0	1649	2 	1	0	10
3	0	1650	1 	9	1	10
3	0	1650	2 	6	1	10
3	0	1650	3 	10	1	5
3	0	1650	4 	8	1	5
3	0	1651	1 	11	1	15
3	0	1651	2 	5	1	10
3	0	1652	1 	2	1	15
3	0	1652	2 	7	1	12
3	0	1653	1 	3	0	15
3	0	1653	2 	2	0	10
3	0	1654	1 	10	0	15
3	0	1654	2 	3	0	10
3	0	1655	1 	12	1	17
3	0	1655	2 	13	1	5
3	0	1655	3 	4	1	5
3	0	1656	1 	1	0	18
3	0	1657	1 	11	1	19
3	0	1658	1 	11	1	14
3	0	1658	2 	2	1	13
3	0	1659	1 	4	1	18
3	0	1659	2 	13	1	5
3	0	1660	1 	6	1	17
3	0	1660	2 	13	1	5
3	0	1661	1 	3	0	15
3	0	1661	2 	10	1	10
3	0	1662	1 	6	0	17
3	0	1662	2 	20	1	5
3	0	1663	1 	7	1	15
3	0	1663	2 	2	1	5
3	0	1663	3 	13	1	8
3	0	1664	1 	6	1	16
3	0	1664	2 	7	1	5
3	0	1664	3 	18	1	5
3	0	1665	1 	6	0	16
3	0	1665	2 	11	0	10
3	0	1666	1 	2	1	14
3	0	1666	2 	1	1	5
3	0	1666	3 	13	1	6
3	0	1666	4 	14	1	5
3	0	1667	1 	1	1	14
3	0	1667	2 	3	0	11
3	0	1668	1 	2	1	16
3	0	1668	2 	4	1	10
3	0	1669	1 	5	1	15
3	0	1669	2 	2	1	10
3	0	1670	1 	10	1	11
3	0	1671	1 	12	1	14
3	0	1671	2 	8	1	10
3	0	1672	1 	3	0	12
3	0	1672	2 	12	0	12
3	0	1673	1 	2	0	15
3	0	1673	2 	5	0	5
3	0	1673	3 	13	0	1
3	0	1674	1 	2	1	19
3	0	1675	1 	6	0	15
3	0	1675	2 	14	0	5
3	0	1675	3 	5	0	10
3	0	1676	1 	10	1	16
3	0	1677	1 	10	0	17
3	0	1677	2 	11	0	5
3	0	1678	1 	5	0	11
3	0	1679	1 	6	1	19
3	0	1680	1 	1	0	15
3	0	1680	2 	7	0	10
3	0	1681	1 	6	1	10
3	0	1681	2 	9	1	10
3	0	1681	3 	14	1	5
3	0	1681	4 	4	1	5
3	0	1682	1 	7	0	12
3	0	1682	2 	5	0	10
3	0	1682	3 	4	0	5
3	0	1683	1 	9	1	19
3	0	1684	1 	6	0	10
3	0	1684	2 	3	0	5
3	0	1684	3 	14	0	5
3	0	1684	4 	5	0	10
3	0	1685	1 	12	1	18
3	0	1685	2 	13	1	5
3	0	1686	1 	3	1	17
3	0	1686	2 	13	1	5
3	0	1686	3 	11	1	5
3	0	1687	1 	2	1	19
3	0	1688	1 	10	1	16
3	0	1688	2 	13	1	5
3	0	1688	3 	14	1	6
3	0	1689	1 	12	1	18
3	0	1690	1 	10	1	19
3	0	1691	1 	12	0	10
3	0	1691	2 	3	0	10
3	0	1691	3 	5	0	5
3	0	1691	4 	5	1	5
3	0	1692	1 	10	1	15
3	0	1692	2 	12	1	10
3	0	1694	1 	7	1	15
3	0	1694	2 	10	1	7
3	0	1695	1 	10	1	16
3	0	1695	2 	11	1	10
3	0	1696	1 	11	0	14
3	0	1696	2 	1	0	11
3	0	1697	1 	5	0	19
3	0	1698	1 	7	1	16
3	0	1698	2 	9	1	10
3	0	1700	1 	1	0	19
3	0	1701	1 	9	0	16
3	0	1701	2 	13	0	5
3	0	1701	3 	14	0	5
3	0	1702	1 	6	0	12
3	0	1702	2 	11	0	15
3	0	1703	1 	3	0	11
3	0	1704	1 	7	1	15
3	0	1704	2 	11	1	5
3	0	1705	1 	2	1	15
3	0	1705	2 	1	1	10
3	0	1706	1 	9	0	14
3	0	1706	2 	2	0	10
3	0	1707	1 	12	0	15
3	0	1707	2 	6	0	5
3	0	1707	3 	13	0	5
3	0	1707	4 	14	0	5
3	0	1709	1 	3	0	10
3	0	1709	2 	11	0	10
3	0	1709	3 	6	0	10
3	0	1710	1 	4	0	18
3	0	1710	2 	1	0	5
3	0	1711	1 	3	1	18
3	0	1711	2 	18	1	5
3	0	1713	1 	8	1	15
3	0	1713	2 	10	1	10
3	0	1714	1 	3	0	15
3	0	1714	2 	12	0	5
3	0	1715	1 	5	0	10
3	0	1715	2 	13	0	5
3	0	1715	3 	20	0	5
3	0	1716	1 	11	1	18
3	0	1718	1 	9	1	10
3	0	1718	2 	14	1	15
3	0	1719	1 	6	1	15
3	0	1719	2 	13	1	10
3	0	1720	1 	1	0	15
3	0	1720	2 	5	0	10
3	0	1721	1 	6	1	10
3	0	1721	2 	14	1	10
3	0	1721	3 	7	1	5
3	0	1722	1 	3	0	15
3	0	1723	1 	5	0	19
3	0	1724	1 	1	1	15
3	0	1724	2 	2	1	10
3	0	1725	1 	6	1	18
3	0	1725	2 	12	1	5
3	0	1726	1 	6	0	19
3	0	1727	1 	1	0	14
3	0	1727	2 	11	0	12
3	0	1728	1 	10	1	10
3	0	1728	2 	4	1	15
3	0	1729	1 	11	0	15
3	0	1729	2 	13	0	5
3	0	1729	3 	5	0	9
3	0	1730	1 	11	1	18
3	0	1730	2 	9	1	6
3	0	1731	1 	8	1	18
3	0	1732	1 	1	1	16
3	0	1732	2 	13	1	6
3	0	1733	1 	11	0	14
3	0	1733	2 	1	0	10
3	0	1733	3 	13	0	5
3	0	1734	1 	2	1	19
3	0	1735	1 	2	1	19
3	0	1736	1 	3	0	17
3	0	1737	1 	3	0	17
3	0	1737	2 	10	0	6
3	0	1738	1 	6	0	15
3	0	1738	2 	10	0	10
3	0	1739	1 	11	0	15
3	0	1739	2 	9	0	4
3	0	1740	1 	4	0	18
3	0	1741	1 	3	0	15
3	0	1741	2 	5	0	6
3	0	1742	1 	1	1	15
3	0	1742	2 	7	1	5
3	0	1742	3 	8	1	5
3	0	1743	1 	1	1	15
3	0	1743	2 	3	0	10
3	0	1744	1 	8	1	11
3	0	1744	2 	10	1	10
3	0	1744	3 	3	0	5
3	0	1744	4 	10	0	5
3	0	1745	1 	2	1	19
3	0	1746	1 	3	0	17
3	0	1747	1 	6	1	15
3	0	1747	2 	11	1	10
3	0	1748	1 	8	1	13
3	0	1748	2 	5	1	10
3	0	1748	3 	14	1	6
3	0	1749	1 	2	1	16
3	0	1749	2 	13	1	6
3	0	1749	3 	8	1	1
3	0	1750	1 	3	0	13
3	0	1750	2 	1	0	5
3	0	1750	3 	13	0	5
3	0	1751	1 	8	1	15
3	0	1752	1 	6	0	16
3	0	1752	2 	13	0	5
3	0	1753	1 	8	1	15
3	0	1753	2 	7	1	10
3	0	1754	1 	2	1	15
3	0	1754	2 	11	1	10
3	0	1754	3 	18	1	5
3	0	1755	1 	10	1	15
3	0	1755	2 	7	1	5
3	0	1755	3 	12	1	5
3	0	1756	1 	10	1	19
3	0	1757	1 	2	1	18
3	0	1758	1 	6	1	17
3	0	1758	2 	3	1	6
3	0	1759	1 	6	0	18
3	0	1760	1 	9	0	12
3	0	1761	1 	2	1	15
3	0	1761	2 	6	1	6
3	0	1761	3 	15	1	5
3	0	1762	1 	6	1	15
3	0	1762	2 	13	1	5
3	0	1762	3 	2	1	5
3	0	1764	1 	7	0	10
3	0	1764	2 	11	0	10
3	0	1764	3 	19	0	13
3	0	1765	1 	2	1	16
3	0	1765	2 	5	1	10
3	0	1766	1 	7	0	15
3	0	1766	2 	1	1	5
3	0	1766	3 	14	0	5
3	0	1767	1 	12	1	18
3	0	1767	2 	6	1	7
3	0	1768	1 	11	0	16
3	0	1768	2 	13	0	5
3	0	1768	3 	12	0	5
3	0	1769	1 	3	0	16
3	0	1770	1 	2	0	19
3	0	1771	1 	7	1	18
3	0	1772	1 	12	1	16
3	0	1772	2 	13	1	5
3	0	1772	3 	14	1	5
3	0	1773	1 	10	1	10
3	0	1773	2 	8	1	10
3	0	1773	3 	14	1	5
3	0	1774	1 	1	1	18
3	0	1774	2 	7	0	5
3	0	1775	1 	2	1	19
3	0	1776	1 	10	0	15
3	0	1776	2 	11	0	6
3	0	1776	3 	5	0	6
3	0	1777	1 	10	1	10
3	0	1777	2 	6	1	15
3	0	1778	1 	2	1	17
3	0	1778	2 	4	1	5
3	0	1779	1 	4	1	16
3	0	1780	1 	11	0	15
3	0	1780	2 	1	0	5
3	0	1780	3 	13	0	5
3	0	1781	1 	10	1	18
3	0	1781	2 	3	0	1
3	0	1782	1 	5	0	18
3	0	1783	1 	2	0	18
3	0	1785	1 	11	0	15
3	0	1785	2 	1	0	10
3	0	1786	1 	2	1	18
3	0	1787	1 	10	1	16
3	0	1787	2 	13	1	5
3	0	1787	3 	14	1	5
3	0	1788	1 	3	0	16
3	0	1788	2 	10	0	10
3	0	1789	1 	8	1	13
3	0	1789	2 	3	0	5
3	0	1789	3 	2	1	10
3	0	1790	1 	10	1	17
3	0	1790	2 	13	0	5
3	0	1791	1 	5	1	15
3	0	1791	2 	19	1	10
3	0	1791	3 	13	1	3
3	0	1792	1 	6	0	15
3	0	1792	2 	13	0	10
3	0	1793	1 	8	1	16
3	0	1793	2 	12	1	7
3	0	1793	3 	13	1	5
3	0	1794	1 	2	1	14
3	0	1794	2 	7	1	10
3	0	1794	3 	13	1	5
3	0	1795	1 	2	1	17
3	0	1795	2 	14	1	5
3	0	1796	1 	8	1	15
3	0	1796	2 	6	1	10
3	0	1798	1 	8	1	18
3	0	1798	2 	10	1	5
3	0	1799	1 	6	1	16
3	0	1799	2 	13	1	5
3	0	1799	3 	14	1	5
3	0	1800	1 	12	1	18
3	0	1800	2 	14	1	5
3	0	1801	1 	11	1	15
3	0	1801	2 	20	1	5
3	0	1802	1 	3	1	10
3	0	1802	2 	2	1	5
3	0	1802	3 	7	1	5
3	0	1802	4 	4	1	5
3	0	1803	1 	5	1	15
3	0	1803	2 	13	1	5
3	0	1804	1 	2	1	12
3	0	1805	1 	11	0	10
3	0	1805	2 	3	0	5
3	0	1805	3 	13	0	5
3	0	1805	4 	12	0	10
3	0	1806	1 	12	1	15
3	0	1806	2 	12	0	1
3	0	1808	1 	2	1	16
3	0	1808	2 	13	1	7
3	0	1809	1 	5	0	19
3	0	1810	1 	2	1	19
3	0	1811	1 	3	0	18
3	0	1812	1 	11	1	14
3	0	1813	1 	4	0	19
3	0	1814	1 	8	0	15
3	0	1814	2 	13	0	10
3	0	1815	1 	3	1	13
3	0	1815	2 	6	1	4
3	0	1816	1 	7	0	10
3	0	1816	2 	11	0	16
3	0	1817	1 	2	1	15
3	0	1817	2 	4	1	9
3	0	1818	1 	6	1	10
3	0	1818	2 	9	1	10
3	0	1818	3 	10	1	5
3	0	1818	4 	11	1	5
3	0	1819	1 	6	1	17
3	0	1819	2 	10	1	1
3	0	1820	1 	7	0	18
3	0	1821	1 	11	0	15
3	0	1821	2 	1	0	5
3	0	1822	1 	8	1	10
3	0	1822	2 	13	1	5
3	0	1823	1 	8	0	10
3	0	1824	1 	6	1	18
3	0	1826	1 	6	0	13
3	0	1826	2 	3	0	5
3	0	1827	1 	12	1	15
3	0	1827	2 	2	1	5
3	0	1828	1 	8	1	10
3	0	1829	1 	12	0	15
3	0	1829	2 	11	0	5
3	0	1829	3 	13	0	5
3	0	1831	1 	4	0	17
3	0	1831	2 	8	0	5
3	0	1832	1 	5	0	18
3	0	1832	2 	20	0	5
3	0	1833	1 	2	1	19
3	0	1834	1 	10	1	19
3	0	1835	1 	1	0	11
3	0	1835	2 	10	0	10
3	0	1835	3 	13	1	10
3	0	1836	1 	10	1	15
3	0	1836	2 	7	1	10
3	0	1837	1 	6	0	16
3	0	1837	2 	2	0	6
3	0	1837	3 	14	0	1
3	0	1838	1 	6	1	13
3	0	1838	2 	5	1	10
3	0	1839	1 	2	1	20
3	0	1840	1 	8	1	14
3	0	1840	2 	10	1	8
3	0	1841	1 	2	1	18
3	0	1842	1 	12	0	20
3	0	1843	1 	11	0	15
3	0	1844	1 	11	1	15
3	0	1844	2 	1	1	10
3	0	1845	1 	8	0	19
3	0	1846	1 	11	0	10
3	0	1847	1 	11	0	13
3	0	1847	2 	3	0	1
3	0	1848	1 	4	1	15
3	0	1848	2 	10	1	10
3	0	1849	1 	11	0	18
3	0	1850	1 	5	1	16
3	0	1850	2 	5	0	2
3	0	1850	3 	13	1	5
3	0	1850	4 	15	1	5
3	0	1852	1 	3	0	15
3	0	1852	2 	1	0	6
3	0	1853	1 	3	0	15
3	0	1853	2 	6	1	5
3	0	1854	1 	2	1	19
3	0	1855	1 	2	1	15
3	0	1855	2 	7	1	5
3	0	1856	1 	2	1	16
3	0	1856	2 	5	1	7
3	0	1857	1 	10	1	15
3	0	1857	2 	15	1	10
3	0	1858	1 	4	1	10
3	0	1858	2 	10	1	10
3	0	1858	3 	4	0	9
3	0	1858	4 	7	1	7
3	0	1859	1 	10	1	15
3	0	1859	2 	2	1	5
3	0	1859	3 	7	1	5
3	0	1861	1 	10	1	18
3	0	1861	2 	15	1	5
3	0	1862	1 	12	1	10
3	0	1862	2 	10	1	5
3	0	1862	3 	7	1	5
3	0	1862	4 	14	1	5
3	0	1863	1 	9	0	15
3	0	1863	2 	14	0	7
3	0	1863	3 	13	0	5
3	0	1864	1 	5	1	13
3	0	1864	2 	2	1	10
3	0	1864	3 	6	1	5
3	0	1866	1 	8	1	18
3	0	1866	2 	15	1	5
3	0	1867	1 	8	1	13
3	0	1867	2 	12	1	2
3	0	1868	1 	1	1	15
3	0	1869	1 	5	0	18
3	0	1869	2 	15	0	5
3	0	1870	1 	9	1	15
3	0	1870	2 	13	1	10
3	0	1871	1 	2	1	19
3	0	1872	1 	2	0	15
3	0	1872	2 	9	0	8
3	0	1872	3 	5	0	5
3	0	1873	1 	6	1	17
3	0	1873	2 	15	1	2
3	0	1874	1 	11	0	18
3	0	1875	1 	9	1	15
3	0	1875	2 	6	1	5
3	0	1875	3 	13	1	5
3	0	1876	1 	6	1	16
3	0	1876	2 	5	1	5
3	0	1876	3 	7	1	5
3	0	1877	1 	3	0	10
3	0	1877	2 	9	0	10
3	0	1877	3 	14	0	10
3	0	1877	4 	1	0	5
3	0	1878	1 	5	1	17
3	0	1878	2 	6	1	5
3	0	1879	1 	10	1	18
3	0	1880	1 	9	1	19
3	0	1881	1 	3	1	19
3	0	1882	1 	11	0	16
3	0	1882	2 	7	0	7
3	0	1883	1 	2	1	15
3	0	1883	2 	6	1	10
3	0	1884	1 	9	1	15
3	0	1884	2 	5	1	5
3	0	1884	3 	14	1	5
3	0	1885	1 	4	0	15
3	0	1885	2 	3	0	5
3	0	1886	1 	2	1	17
3	0	1886	2 	5	1	6
3	0	1887	1 	6	0	19
3	0	1888	1 	2	1	10
3	0	1888	2 	12	1	10
3	0	1888	3 	14	1	5
3	0	1889	1 	10	0	16
3	0	1889	2 	13	1	6
3	0	1890	1 	12	0	15
3	0	1890	2 	3	0	5
3	0	1890	3 	14	0	5
3	0	1891	1 	5	0	18
3	0	1892	1 	2	0	15
3	0	1892	2 	13	0	10
3	0	1893	1 	7	1	15
3	0	1893	2 	13	1	11
3	0	1894	1 	10	1	15
3	0	1894	2 	7	1	8
3	0	1895	1 	6	1	10
3	0	1895	2 	1	1	15
3	0	1895	3 	4	1	5
3	0	1896	1 	6	0	10
3	0	1896	2 	9	0	10
3	0	1896	3 	13	0	10
3	0	1897	1 	10	1	16
3	0	1898	1 	2	1	17
3	0	1898	2 	8	0	5
3	0	1899	1 	2	1	16
3	0	1900	1 	10	1	10
3	0	1900	2 	3	0	3
3	0	1901	1 	10	0	15
3	0	1901	2 	4	0	10
3	0	1902	1 	3	0	16
3	0	1903	1 	2	1	19
3	0	1904	1 	3	0	15
3	0	1904	2 	6	1	10
3	0	1906	1 	2	1	19
3	0	1907	1 	2	1	17
3	0	1908	1 	9	0	15
3	0	1908	2 	9	1	5
3	0	1908	3 	13	0	5
3	0	1909	1 	10	1	16
3	0	1909	2 	7	1	10
3	0	1910	1 	2	1	13
3	0	1911	1 	10	1	19
3	0	1913	1 	2	1	19
3	0	1914	1 	1	1	16
3	0	1914	2 	7	1	8
3	0	1915	1 	5	0	19
3	0	1916	1 	3	0	19
3	0	1917	1 	3	1	13
3	0	1917	2 	11	1	10
3	0	1917	3 	14	1	5
3	0	1918	1 	6	0	13
3	0	1918	2 	9	0	10
3	0	1918	3 	15	0	10
3	0	1919	1 	9	0	11
3	0	1919	2 	6	0	5
3	0	1920	1 	7	1	11
3	0	1920	2 	13	1	10
3	0	1920	3 	5	1	5
3	0	1922	1 	2	1	19
3	0	1923	1 	3	0	10
3	0	1923	2 	5	0	14
3	0	1924	1 	8	1	15
3	0	1924	2 	10	1	10
3	0	1925	1 	4	1	14
3	0	1925	2 	13	0	6
3	0	1926	1 	3	0	16
3	0	1926	2 	13	0	10
3	0	1928	1 	10	0	15
3	0	1928	2 	10	1	10
3	0	1929	1 	10	1	15
3	0	1929	2 	14	1	5
3	0	1929	3 	3	1	10
3	0	1930	1 	6	0	16
3	0	1930	2 	14	0	10
3	0	1931	1 	6	0	15
3	0	1931	2 	13	1	5
3	0	1932	1 	6	1	17
3	0	1933	1 	8	1	15
3	0	1933	2 	13	1	10
3	0	1934	1 	2	1	15
3	0	1934	2 	10	1	11
3	0	1935	1 	11	1	17
3	0	1935	2 	13	1	5
3	0	1936	1 	12	1	18
3	0	1937	1 	8	0	15
3	0	1937	2 	4	0	10
3	0	1938	1 	5	1	19
3	0	1939	1 	11	0	20
3	0	1940	1 	8	1	19
3	0	1941	1 	3	1	18
3	0	1941	2 	13	1	5
3	0	1942	1 	12	0	15
3	0	1942	2 	4	0	10
3	0	1943	1 	6	1	15
3	0	1943	2 	10	1	6
3	0	1943	3 	8	1	5
3	0	1944	1 	6	0	12
3	0	1944	2 	5	1	6
3	0	1945	1 	3	0	18
3	0	1945	2 	13	0	5
3	0	1946	1 	10	1	19
3	0	1947	1 	12	1	15
3	0	1947	2 	10	1	5
3	0	1947	3 	7	1	5
3	0	1947	4 	18	1	5
3	0	1948	1 	12	1	10
3	0	1948	2 	8	0	9
3	0	1948	3 	2	1	9
3	0	1948	4 	4	0	6
3	0	1949	1 	6	0	15
3	0	1949	2 	8	0	5
3	0	1949	3 	14	0	4
3	0	1949	4 	1	0	5
3	0	1950	1 	7	1	15
3	0	1950	2 	2	1	10
3	0	1951	1 	2	1	18
3	0	1952	1 	7	1	15
3	0	1952	2 	6	1	7
3	0	1954	1 	6	1	19
3	0	1955	1 	6	0	19
3	0	1956	1 	10	1	16
3	0	1956	2 	4	1	5
3	0	1957	1 	10	1	15
3	0	1957	2 	5	1	9
3	0	1958	1 	6	1	17
3	0	1958	2 	15	1	5
3	0	1959	1 	6	1	15
3	0	1959	2 	13	1	5
3	0	1959	3 	14	1	5
3	0	1960	1 	3	0	19
3	0	1961	1 	2	1	12
3	0	1961	2 	6	1	9
3	0	1962	1 	8	1	15
3	0	1962	2 	5	1	5
3	0	1962	3 	12	1	10
3	0	1963	1 	4	1	15
3	0	1963	2 	7	1	9
3	0	1964	1 	6	0	13
3	0	1964	2 	1	0	5
3	0	1964	3 	5	0	10
3	0	1965	1 	3	0	15
3	0	1965	2 	1	0	10
3	0	1966	1 	2	1	15
3	0	1966	2 	5	1	5
3	0	1966	3 	6	0	5
3	0	1966	4 	20	1	5
3	0	1967	1 	7	0	10
3	0	1967	2 	3	1	5
3	0	1967	3 	14	1	5
3	0	1967	4 	10	1	5
3	0	1968	1 	2	1	14
3	0	1968	2 	5	1	10
3	0	1968	3 	13	1	5
3	0	1969	1 	4	1	11
3	0	1969	2 	8	1	15
3	0	1970	1 	10	1	17
3	0	1970	2 	6	1	10
3	0	1971	1 	3	0	11
3	0	1971	2 	5	0	8
3	0	1972	1 	11	0	16
3	0	1972	2 	2	0	7
3	0	1973	1 	9	1	17
3	0	1974	1 	1	1	17
3	0	1974	2 	2	1	6
3	0	1975	1 	8	0	11
3	0	1976	1 	2	1	19
3	0	1977	1 	2	1	18
3	0	1978	1 	2	1	19
3	0	1981	1 	12	1	18
3	0	1981	2 	14	1	5
3	0	1982	1 	9	0	15
3	0	1982	2 	14	0	10
3	0	1983	1 	2	1	15
3	0	1983	2 	13	1	8
3	0	1984	1 	6	1	15
3	0	1984	2 	2	1	10
3	0	1985	1 	6	1	15
3	0	1985	2 	8	1	10
3	0	1986	1 	8	0	15
3	0	1987	1 	8	0	10
3	0	1987	2 	13	1	10
3	0	1988	1 	2	0	11
3	0	1988	2 	13	0	1
3	0	1989	1 	9	0	16
3	0	1990	1 	5	0	13
3	0	1991	1 	4	1	18
3	0	1991	2 	13	1	5
3	0	1992	1 	4	0	10
3	0	1993	1 	3	0	15
3	0	1993	2 	5	0	5
3	0	1994	1 	8	0	15
3	0	1994	2 	5	0	12
3	0	1995	1 	8	1	15
3	0	1995	2 	1	1	10
3	0	1995	3 	14	1	1
3	0	1996	1 	11	0	16
3	0	1998	1 	10	1	15
3	0	1999	1 	3	0	11
3	0	2000	1 	7	0	10
3	0	2000	2 	7	1	10
3	0	2001	1 	6	0	15
3	0	2001	2 	4	0	8
3	0	2001	3 	1	0	5
3	0	2002	1 	2	0	19
3	0	2003	1 	5	0	18
3	0	2004	1 	12	1	18
3	0	2006	1 	4	1	11
3	0	2007	1 	3	0	18
3	0	2008	1 	12	0	11
3	0	2009	1 	1	1	18
3	0	2010	1 	3	0	17
3	0	2011	1 	5	0	18
3	0	2011	2 	13	0	5
3	0	2013	1 	6	0	17
3	0	2013	2 	10	0	5
3	0	2014	1 	2	1	15
3	0	2014	2 	10	1	10
3	0	2015	1 	2	1	16
3	0	2015	2 	8	1	1
3	0	2016	1 	12	1	15
3	0	2016	2 	10	1	5
3	0	2016	3 	5	1	5
3	0	2017	1 	7	1	15
3	0	2018	1 	3	0	15
3	0	2018	2 	13	0	5
3	0	2018	3 	14	0	1
3	0	2019	1 	2	1	16
3	0	2019	2 	5	1	10
3	0	2020	1 	2	1	18
3	0	2022	1 	1	0	15
3	0	2022	2 	6	0	9
3	0	2023	1 	2	1	18
3	0	2023	2 	13	1	5
3	0	2024	1 	5	1	15
3	0	2025	1 	6	0	16
3	0	2025	2 	5	0	7
3	0	2026	1 	5	1	15
3	0	2026	2 	2	1	1
3	0	2026	3 	13	1	10
3	0	2027	1 	12	1	15
3	0	2027	2 	13	1	5
3	0	2028	1 	2	1	10
3	0	2028	2 	8	1	5
3	0	2028	3 	13	1	10
3	0	2029	1 	11	0	15
3	0	2029	2 	1	0	5
3	0	2030	1 	7	1	16
3	0	2030	2 	10	0	1
3	0	2031	1 	9	1	18
3	0	2032	1 	12	0	11
3	0	2034	1 	2	1	15
3	0	2035	1 	10	1	11
3	0	2035	2 	4	1	11
3	0	2036	1 	10	1	15
3	0	2037	1 	11	0	10
3	0	2038	1 	7	0	12
3	0	2038	2 	5	0	2
3	0	2041	1 	6	1	13
3	0	2041	2 	13	1	7
3	0	2042	1 	8	1	10
3	0	2043	1 	10	1	16
3	0	2044	1 	5	0	12
3	0	2044	2 	2	0	3
3	0	2045	1 	7	0	12
3	0	2045	2 	12	0	11
3	0	2046	1 	7	1	12
3	0	2046	2 	2	1	2
3	0	2047	1 	11	1	10
3	0	2047	2 	13	0	4
3	0	2048	1 	1	0	15
3	0	2048	2 	5	0	9
3	0	2049	1 	8	0	11
3	0	2050	1 	11	0	15
3	0	2050	2 	5	1	6
3	0	2051	1 	7	1	15
3	0	2051	2 	9	1	5
3	0	2052	1 	10	0	16
3	0	2053	1 	3	0	14
3	0	2053	2 	13	0	9
3	0	2054	1 	6	1	10
3	0	2055	1 	1	1	17
3	0	2056	1 	4	1	10
3	0	2057	1 	1	0	15
3	0	2057	2 	3	0	5
3	0	2058	1 	2	1	15
3	0	2058	2 	13	1	6
3	0	2059	1 	6	0	10
3	0	2060	1 	3	0	14
3	0	2062	1 	11	0	17
3	0	2063	1 	5	1	16
3	0	2065	1 	11	0	14
3	0	2065	2 	6	0	10
3	0	2066	1 	6	0	12
3	0	2067	1 	6	0	14
3	0	2067	2 	2	0	5
3	0	2067	3 	1	0	5
3	0	2069	1 	7	0	15
3	0	2069	2 	1	1	5
3	0	2070	1 	10	0	15
3	0	2070	2 	4	0	2
3	0	2071	1 	5	0	11
3	0	2072	1 	11	0	11
3	0	2073	1 	5	1	13
3	0	2073	2 	11	1	5
3	0	2074	1 	9	0	16
3	0	2075	1 	3	1	11
3	0	2075	2 	2	1	2
3	0	2076	1 	3	1	17
3	0	2077	1 	2	1	13
3	0	2078	1 	7	1	12
3	0	2079	1 	5	0	16
3	0	2080	1 	8	0	13
3	0	2080	2 	3	0	6
3	0	2080	3 	13	0	5
3	0	2081	1 	12	1	17
3	0	2082	1 	12	0	15
3	0	2082	2 	3	0	5
3	0	2083	1 	2	1	14
3	0	2084	1 	1	0	17
3	0	2085	1 	2	0	16
3	0	2086	1 	10	1	13
3	0	2086	2 	6	1	6
3	0	2086	3 	8	1	5
3	0	2087	1 	5	0	15
3	0	2087	2 	13	1	5
3	0	2088	1 	11	1	13
3	0	2088	2 	2	1	5
3	0	2089	1 	5	0	17
3	0	2090	1 	4	1	10
3	0	2090	2 	10	1	5
3	0	2091	1 	7	1	15
3	0	2091	2 	11	1	6
3	0	2093	1 	2	1	16
3	0	2094	1 	5	0	11
3	0	2096	1 	3	0	15
3	0	2096	2 	15	0	5
3	0	2097	1 	10	1	11
3	0	2098	1 	1	1	17
3	0	2099	1 	10	1	10
3	0	2100	1 	4	0	15
3	0	2101	1 	1	0	10
3	0	2101	2 	11	0	10
3	0	2102	1 	10	1	10
3	0	2102	2 	11	0	1
3	0	2103	1 	3	0	10
3	0	2103	2 	1	0	1
3	0	2104	1 	1	1	10
3	0	2106	1 	12	0	10
3	0	2107	1 	11	0	11
3	0	2108	1 	11	0	10
3	0	2109	1 	10	0	11
3	0	2111	1 	1	0	15
3	0	2112	1 	5	0	10
3	0	2113	1 	6	1	11
3	0	2114	1 	11	0	15
3	0	2115	1 	7	1	14
3	0	2115	2 	3	0	6
3	0	2116	1 	12	1	10
3	0	2116	2 	3	0	5
3	0	2117	1 	3	0	11
3	0	2118	1 	6	0	11
3	0	2118	2 	9	0	2
3	0	2119	1 	12	1	10
3	0	2120	1 	8	1	10
3	0	2120	2 	1	1	10
3	0	2121	1 	4	1	15
3	0	2122	1 	2	0	11
3	0	2122	2 	8	0	1
3	0	2123	1 	11	0	11
3	0	2123	2 	10	0	2
3	0	2124	1 	2	1	15
3	0	2124	2 	6	1	3
3	0	2125	1 	4	0	10
3	0	2125	2 	12	0	10
3	0	2126	1 	10	1	10
3	0	2127	1 	2	1	14
3	0	2127	2 	1	1	1
3	0	2128	1 	12	0	10
3	0	2128	2 	8	0	5
3	0	2129	1 	1	0	15
3	0	2130	1 	10	1	12
3	0	2130	2 	4	1	5
3	0	2131	1 	6	0	10
3	0	2132	1 	5	1	12
3	0	2132	2 	2	1	5
3	0	2133	1 	11	0	10
3	0	2134	1 	10	1	11
3	0	2135	1 	7	1	15
3	0	2136	1 	11	0	15
3	0	2137	1 	3	0	15
3	0	2138	1 	4	0	11
3	0	2139	1 	3	1	15
3	0	2141	1 	5	1	10
3	0	2142	1 	10	1	12
3	0	2143	1 	10	1	10
3	0	2144	1 	4	0	10
3	0	2145	1 	11	0	14
3	0	2146	1 	10	0	15
3	0	2147	1 	4	1	10
3	0	2148	1 	2	0	10
3	0	2148	2 	3	0	5
3	0	2149	1 	8	1	14
3	0	2149	2 	11	1	5
3	0	2150	1 	3	0	10
3	0	2151	1 	3	0	14
3	0	2151	2 	12	0	5
3	0	2152	1 	2	1	15
3	0	2153	1 	1	0	10
3	0	2153	2 	3	0	10
3	0	2154	1 	5	0	11
3	0	2154	2 	1	0	2
3	0	2155	1 	5	1	15
3	0	2156	1 	2	1	15
3	0	2157	1 	4	1	11
3	0	2157	2 	10	1	2
3	0	2158	1 	12	1	15
3	0	2159	1 	12	1	15
3	0	2160	1 	5	0	15
3	0	2161	1 	10	1	15
3	0	2162	1 	12	1	15
3	0	2162	2 	5	1	1
3	0	2163	1 	6	1	15
3	0	2164	1 	8	0	15
3	0	2165	1 	11	0	15
