result_no	generate_no	e_no	i_no	
12	0	1	1
12	0	1	2
12	0	1	3
12	0	2	1
12	0	2	2
12	0	2	3
12	0	3	3
12	0	4	1
12	0	4	2
12	0	4	3
12	0	4	4
12	0	5	1
12	0	5	2
12	0	6	1
12	0	6	2
12	0	6	3
12	0	7	1
12	0	7	2
12	0	7	3
12	0	8	1
12	0	8	2
12	0	8	3
12	0	9	1
12	0	9	4
12	0	9	5
12	0	10	1
12	0	10	2
12	0	10	3
12	0	10	4
12	0	10	5
12	0	11	3
12	0	12	3
12	0	12	4
12	0	12	5
12	0	13	1
12	0	13	2
12	0	13	3
12	0	13	5
12	0	14	1
12	0	14	2
12	0	14	4
12	0	14	5
12	0	16	1
12	0	16	2
12	0	16	3
12	0	16	5
12	0	17	1
12	0	17	3
12	0	17	5
12	0	19	1
12	0	19	3
12	0	19	5
12	0	20	1
12	0	20	3
12	0	20	4
12	0	21	1
12	0	21	2
12	0	23	1
12	0	23	2
12	0	23	3
12	0	23	4
12	0	23	5
12	0	24	2
12	0	24	3
12	0	25	1
12	0	25	3
12	0	25	4
12	0	25	5
12	0	26	1
12	0	26	3
12	0	26	4
12	0	27	1
12	0	27	2
12	0	27	3
12	0	27	5
12	0	28	1
12	0	28	2
12	0	28	3
12	0	28	4
12	0	28	5
12	0	29	1
12	0	29	3
12	0	30	1
12	0	30	2
12	0	30	3
12	0	30	4
12	0	30	5
12	0	31	1
12	0	31	2
12	0	31	3
12	0	31	5
12	0	32	1
12	0	32	2
12	0	32	3
12	0	33	1
12	0	33	3
12	0	34	3
12	0	34	4
12	0	34	5
12	0	35	1
12	0	35	3
12	0	35	4
12	0	35	5
12	0	36	1
12	0	36	2
12	0	36	3
12	0	37	1
12	0	37	2
12	0	37	3
12	0	37	5
12	0	38	3
12	0	38	5
12	0	39	1
12	0	39	2
12	0	39	3
12	0	39	5
12	0	40	1
12	0	40	2
12	0	40	3
12	0	41	1
12	0	41	2
12	0	41	3
12	0	41	4
12	0	41	5
12	0	42	1
12	0	42	3
12	0	42	4
12	0	42	5
12	0	43	1
12	0	43	2
12	0	43	3
12	0	43	4
12	0	43	5
12	0	44	1
12	0	44	3
12	0	44	5
12	0	45	1
12	0	45	2
12	0	45	3
12	0	45	4
12	0	46	1
12	0	46	2
12	0	46	3
12	0	46	4
12	0	46	5
12	0	47	1
12	0	47	3
12	0	47	4
12	0	47	5
12	0	48	1
12	0	48	2
12	0	48	3
12	0	48	4
12	0	49	1
12	0	49	2
12	0	49	3
12	0	49	4
12	0	50	1
12	0	50	2
12	0	50	3
12	0	50	4
12	0	50	5
12	0	51	1
12	0	51	2
12	0	51	3
12	0	51	4
12	0	51	5
12	0	52	1
12	0	52	2
12	0	52	3
12	0	52	4
12	0	52	5
12	0	53	1
12	0	53	2
12	0	53	3
12	0	53	4
12	0	53	5
12	0	54	1
12	0	54	2
12	0	54	3
12	0	55	1
12	0	55	2
12	0	55	3
12	0	55	4
12	0	55	5
12	0	57	1
12	0	57	2
12	0	57	3
12	0	57	4
12	0	57	5
12	0	58	1
12	0	58	2
12	0	58	3
12	0	58	5
12	0	59	1
12	0	59	2
12	0	59	3
12	0	59	5
12	0	61	1
12	0	61	2
12	0	61	3
12	0	61	4
12	0	61	5
12	0	62	1
12	0	62	2
12	0	62	3
12	0	63	3
12	0	63	4
12	0	63	5
12	0	65	1
12	0	65	2
12	0	65	5
12	0	66	1
12	0	66	2
12	0	66	3
12	0	67	1
12	0	67	2
12	0	67	3
12	0	68	3
12	0	68	4
12	0	68	5
12	0	69	1
12	0	69	2
12	0	70	1
12	0	70	5
12	0	71	1
12	0	71	3
12	0	71	4
12	0	71	5
12	0	72	1
12	0	72	2
12	0	72	4
12	0	72	5
12	0	73	1
12	0	73	2
12	0	73	3
12	0	75	1
12	0	75	2
12	0	75	4
12	0	75	5
12	0	76	1
12	0	76	2
12	0	76	3
12	0	76	5
12	0	77	1
12	0	77	2
12	0	77	3
12	0	77	4
12	0	77	5
12	0	78	1
12	0	78	2
12	0	78	3
12	0	78	4
12	0	79	1
12	0	79	3
12	0	81	1
12	0	81	2
12	0	81	3
12	0	82	1
12	0	82	4
12	0	82	5
12	0	83	1
12	0	83	2
12	0	83	3
12	0	83	5
12	0	84	1
12	0	84	2
12	0	84	3
12	0	85	1
12	0	85	3
12	0	85	4
12	0	85	5
12	0	86	2
12	0	86	3
12	0	86	4
12	0	86	5
12	0	87	2
12	0	87	3
12	0	88	1
12	0	88	2
12	0	88	3
12	0	89	1
12	0	89	2
12	0	89	3
12	0	89	5
12	0	90	1
12	0	90	2
12	0	91	1
12	0	91	3
12	0	92	1
12	0	92	2
12	0	92	3
12	0	92	5
12	0	93	1
12	0	93	3
12	0	93	5
12	0	94	3
12	0	94	4
12	0	94	5
12	0	95	1
12	0	95	3
12	0	95	4
12	0	95	5
12	0	96	2
12	0	96	3
12	0	96	5
12	0	97	2
12	0	97	3
12	0	98	1
12	0	98	2
12	0	98	3
12	0	99	1
12	0	99	2
12	0	99	3
12	0	99	4
12	0	100	1
12	0	100	3
12	0	100	4
12	0	100	5
12	0	101	1
12	0	101	2
12	0	101	3
12	0	101	5
12	0	102	1
12	0	102	2
12	0	102	3
12	0	102	4
12	0	102	5
12	0	103	1
12	0	103	2
12	0	103	3
12	0	103	4
12	0	103	5
12	0	104	1
12	0	104	2
12	0	104	3
12	0	104	4
12	0	104	5
12	0	105	1
12	0	105	2
12	0	105	3
12	0	106	1
12	0	106	2
12	0	106	3
12	0	106	4
12	0	106	5
12	0	107	1
12	0	107	3
12	0	108	1
12	0	108	2
12	0	108	3
12	0	109	1
12	0	109	2
12	0	109	3
12	0	109	4
12	0	109	5
12	0	110	1
12	0	110	2
12	0	110	3
12	0	111	2
12	0	111	3
12	0	111	4
12	0	112	1
12	0	112	2
12	0	112	3
12	0	112	4
12	0	112	5
12	0	113	1
12	0	113	2
12	0	113	3
12	0	114	3
12	0	114	4
12	0	115	1
12	0	115	2
12	0	115	3
12	0	116	1
12	0	116	3
12	0	116	5
12	0	117	1
12	0	117	2
12	0	117	3
12	0	117	4
12	0	117	5
12	0	118	1
12	0	118	2
12	0	118	3
12	0	118	4
12	0	118	5
12	0	119	1
12	0	119	2
12	0	119	3
12	0	119	5
12	0	120	1
12	0	120	2
12	0	120	3
12	0	121	1
12	0	121	2
12	0	121	3
12	0	121	5
12	0	123	1
12	0	123	3
12	0	123	4
12	0	123	5
12	0	127	1
12	0	127	2
12	0	127	3
12	0	129	2
12	0	129	3
12	0	129	4
12	0	130	1
12	0	130	2
12	0	130	3
12	0	130	5
12	0	131	1
12	0	131	3
12	0	131	5
12	0	132	1
12	0	132	2
12	0	132	3
12	0	132	5
12	0	133	1
12	0	133	2
12	0	133	3
12	0	133	5
12	0	134	1
12	0	134	2
12	0	134	5
12	0	135	1
12	0	135	2
12	0	135	3
12	0	135	4
12	0	135	5
12	0	136	1
12	0	136	2
12	0	136	3
12	0	137	1
12	0	137	2
12	0	137	3
12	0	138	1
12	0	138	2
12	0	138	3
12	0	138	5
12	0	139	1
12	0	139	2
12	0	139	3
12	0	139	5
12	0	140	1
12	0	140	2
12	0	140	3
12	0	140	4
12	0	143	1
12	0	143	2
12	0	143	3
12	0	144	1
12	0	144	2
12	0	144	3
12	0	144	4
12	0	144	5
12	0	145	1
12	0	145	2
12	0	145	3
12	0	145	4
12	0	145	5
12	0	146	1
12	0	146	2
12	0	146	3
12	0	146	4
12	0	146	5
12	0	147	1
12	0	147	2
12	0	147	3
12	0	147	4
12	0	147	5
12	0	148	1
12	0	148	2
12	0	148	3
12	0	148	4
12	0	149	1
12	0	149	2
12	0	149	3
12	0	149	4
12	0	150	1
12	0	150	3
12	0	150	4
12	0	150	5
12	0	151	1
12	0	151	2
12	0	151	3
12	0	151	4
12	0	151	5
12	0	152	1
12	0	152	2
12	0	152	3
12	0	152	4
12	0	152	5
12	0	153	1
12	0	153	2
12	0	153	3
12	0	153	5
12	0	154	1
12	0	154	2
12	0	154	3
12	0	154	4
12	0	154	5
12	0	155	1
12	0	155	2
12	0	155	3
12	0	155	4
12	0	155	5
12	0	156	1
12	0	156	2
12	0	156	3
12	0	156	4
12	0	156	5
12	0	157	1
12	0	157	2
12	0	157	3
12	0	158	1
12	0	158	2
12	0	158	3
12	0	158	4
12	0	159	1
12	0	159	2
12	0	159	3
12	0	160	1
12	0	160	2
12	0	160	3
12	0	161	1
12	0	161	2
12	0	161	3
12	0	162	1
12	0	162	2
12	0	162	3
12	0	162	4
12	0	162	5
12	0	163	1
12	0	163	2
12	0	163	3
12	0	163	5
12	0	164	1
12	0	164	2
12	0	164	3
12	0	164	4
12	0	167	1
12	0	167	2
12	0	167	3
12	0	167	4
12	0	167	5
12	0	169	1
12	0	169	2
12	0	169	3
12	0	169	5
12	0	170	1
12	0	170	2
12	0	170	3
12	0	170	5
12	0	171	2
12	0	171	3
12	0	172	1
12	0	172	2
12	0	172	3
12	0	173	1
12	0	173	2
12	0	173	3
12	0	173	4
12	0	174	2
12	0	174	3
12	0	175	1
12	0	175	2
12	0	175	3
12	0	175	4
12	0	175	5
12	0	176	2
12	0	176	4
12	0	176	5
12	0	178	1
12	0	178	2
12	0	178	3
12	0	178	5
12	0	179	3
12	0	180	1
12	0	180	2
12	0	180	3
12	0	181	1
12	0	181	2
12	0	181	3
12	0	181	5
12	0	182	1
12	0	182	2
12	0	182	3
12	0	183	1
12	0	183	2
12	0	184	2
12	0	184	3
12	0	185	1
12	0	185	2
12	0	185	3
12	0	185	4
12	0	185	5
12	0	186	1
12	0	186	3
12	0	187	1
12	0	187	2
12	0	187	3
12	0	188	1
12	0	188	2
12	0	188	3
12	0	189	1
12	0	189	2
12	0	189	3
12	0	189	4
12	0	189	5
12	0	190	4
12	0	191	1
12	0	191	2
12	0	191	3
12	0	191	4
12	0	191	5
12	0	192	2
12	0	192	3
12	0	192	4
12	0	192	5
12	0	193	1
12	0	193	2
12	0	193	3
12	0	193	4
12	0	193	5
12	0	194	2
12	0	194	3
12	0	194	4
12	0	194	5
12	0	195	1
12	0	195	2
12	0	195	3
12	0	195	4
12	0	195	5
12	0	196	3
12	0	197	1
12	0	197	2
12	0	197	3
12	0	197	4
12	0	198	1
12	0	198	2
12	0	198	4
12	0	198	5
12	0	199	1
12	0	199	2
12	0	199	3
12	0	199	4
12	0	199	5
12	0	200	1
12	0	200	2
12	0	200	3
12	0	201	2
12	0	201	3
12	0	202	2
12	0	202	3
12	0	202	4
12	0	204	1
12	0	204	2
12	0	204	4
12	0	204	5
12	0	205	1
12	0	205	2
12	0	205	3
12	0	205	5
12	0	206	1
12	0	206	2
12	0	206	3
12	0	206	4
12	0	206	5
12	0	209	3
12	0	210	1
12	0	210	3
12	0	212	1
12	0	212	2
12	0	212	3
12	0	212	5
12	0	213	1
12	0	213	2
12	0	213	3
12	0	214	1
12	0	214	2
12	0	214	3
12	0	214	5
12	0	215	1
12	0	215	2
12	0	215	3
12	0	215	4
12	0	215	5
12	0	216	5
12	0	217	2
12	0	217	3
12	0	218	1
12	0	218	2
12	0	218	3
12	0	218	4
12	0	218	5
12	0	221	1
12	0	221	2
12	0	221	3
12	0	222	1
12	0	222	2
12	0	222	3
12	0	223	1
12	0	223	2
12	0	223	3
12	0	223	4
12	0	223	5
12	0	224	3
12	0	224	4
12	0	224	5
12	0	225	2
12	0	225	3
12	0	226	1
12	0	226	2
12	0	226	3
12	0	226	4
12	0	226	5
12	0	227	1
12	0	227	2
12	0	227	3
12	0	227	4
12	0	227	5
12	0	228	1
12	0	228	2
12	0	228	3
12	0	228	5
12	0	229	1
12	0	229	2
12	0	229	4
12	0	229	5
12	0	232	1
12	0	232	2
12	0	232	3
12	0	232	4
12	0	232	5
12	0	233	1
12	0	233	2
12	0	233	3
12	0	234	2
12	0	234	3
12	0	234	4
12	0	235	1
12	0	235	3
12	0	235	5
12	0	236	1
12	0	236	2
12	0	236	3
12	0	236	5
12	0	237	1
12	0	237	2
12	0	237	3
12	0	237	4
12	0	238	1
12	0	238	2
12	0	238	4
12	0	239	2
12	0	239	5
12	0	240	1
12	0	240	2
12	0	240	3
12	0	240	5
12	0	241	1
12	0	241	3
12	0	241	5
12	0	242	1
12	0	242	2
12	0	242	3
12	0	242	4
12	0	243	1
12	0	243	2
12	0	243	3
12	0	243	4
12	0	244	1
12	0	244	2
12	0	244	3
12	0	244	4
12	0	245	1
12	0	245	2
12	0	245	3
12	0	245	5
12	0	246	1
12	0	246	2
12	0	246	4
12	0	247	1
12	0	247	2
12	0	247	3
12	0	247	4
12	0	247	5
12	0	248	1
12	0	248	2
12	0	248	3
12	0	248	4
12	0	249	1
12	0	249	2
12	0	249	3
12	0	251	1
12	0	251	2
12	0	251	3
12	0	251	4
12	0	251	5
12	0	253	1
12	0	253	2
12	0	253	3
12	0	253	4
12	0	253	5
12	0	255	3
12	0	255	4
12	0	256	1
12	0	256	3
12	0	258	1
12	0	258	2
12	0	258	3
12	0	259	4
12	0	259	5
12	0	260	1
12	0	260	2
12	0	260	3
12	0	260	5
12	0	261	2
12	0	261	3
12	0	262	1
12	0	262	2
12	0	262	3
12	0	264	1
12	0	264	2
12	0	264	3
12	0	264	4
12	0	264	5
12	0	265	1
12	0	265	2
12	0	265	3
12	0	266	1
12	0	266	2
12	0	266	3
12	0	267	1
12	0	267	2
12	0	267	3
12	0	268	1
12	0	268	2
12	0	268	3
12	0	269	1
12	0	269	2
12	0	269	3
12	0	269	4
12	0	270	1
12	0	270	2
12	0	270	3
12	0	270	4
12	0	271	1
12	0	271	2
12	0	271	3
12	0	271	4
12	0	271	5
12	0	272	1
12	0	272	2
12	0	272	3
12	0	273	1
12	0	273	2
12	0	273	3
12	0	274	1
12	0	274	2
12	0	274	3
12	0	274	4
12	0	275	1
12	0	275	2
12	0	275	3
12	0	275	5
12	0	276	1
12	0	276	2
12	0	276	3
12	0	277	1
12	0	277	2
12	0	277	3
12	0	277	4
12	0	280	1
12	0	280	2
12	0	280	3
12	0	280	5
12	0	281	3
12	0	281	4
12	0	281	5
12	0	282	1
12	0	282	2
12	0	282	3
12	0	283	1
12	0	283	2
12	0	283	3
12	0	283	5
12	0	285	1
12	0	285	2
12	0	285	3
12	0	285	4
12	0	285	5
12	0	286	1
12	0	286	2
12	0	286	3
12	0	286	4
12	0	287	1
12	0	287	2
12	0	287	3
12	0	288	1
12	0	288	2
12	0	288	4
12	0	288	5
12	0	289	2
12	0	289	3
12	0	290	1
12	0	290	2
12	0	290	3
12	0	290	4
12	0	290	5
12	0	291	1
12	0	291	2
12	0	291	3
12	0	291	4
12	0	293	1
12	0	293	2
12	0	293	3
12	0	294	1
12	0	294	2
12	0	294	3
12	0	297	1
12	0	297	2
12	0	297	3
12	0	299	2
12	0	299	3
12	0	300	1
12	0	300	4
12	0	301	3
12	0	301	4
12	0	301	5
12	0	302	1
12	0	302	2
12	0	302	3
12	0	302	5
12	0	304	1
12	0	304	2
12	0	304	3
12	0	304	5
12	0	306	1
12	0	306	2
12	0	306	3
12	0	306	5
12	0	307	1
12	0	307	2
12	0	307	3
12	0	308	1
12	0	308	2
12	0	308	3
12	0	308	5
12	0	309	1
12	0	309	2
12	0	309	3
12	0	310	2
12	0	310	3
12	0	311	1
12	0	311	2
12	0	311	3
12	0	312	2
12	0	312	3
12	0	312	5
12	0	313	1
12	0	313	2
12	0	313	3
12	0	314	1
12	0	314	2
12	0	314	3
12	0	314	4
12	0	314	5
12	0	315	4
12	0	315	5
12	0	317	1
12	0	317	2
12	0	317	3
12	0	317	4
12	0	318	1
12	0	318	2
12	0	318	3
12	0	318	4
12	0	319	2
12	0	319	3
12	0	319	4
12	0	319	5
12	0	320	1
12	0	320	2
12	0	320	3
12	0	320	4
12	0	321	1
12	0	321	2
12	0	321	3
12	0	321	4
12	0	321	5
12	0	323	1
12	0	323	2
12	0	323	3
12	0	324	2
12	0	324	3
12	0	324	4
12	0	326	1
12	0	326	2
12	0	326	3
12	0	326	5
12	0	327	1
12	0	327	2
12	0	327	3
12	0	329	1
12	0	329	2
12	0	329	3
12	0	330	1
12	0	330	2
12	0	330	3
12	0	330	4
12	0	331	1
12	0	331	2
12	0	331	3
12	0	333	2
12	0	333	3
12	0	333	5
12	0	334	4
12	0	334	5
12	0	335	1
12	0	335	2
12	0	335	3
12	0	335	5
12	0	336	1
12	0	336	2
12	0	336	3
12	0	336	5
12	0	337	3
12	0	339	1
12	0	339	2
12	0	339	3
12	0	339	4
12	0	339	5
12	0	340	1
12	0	340	2
12	0	340	3
12	0	341	1
12	0	341	2
12	0	341	3
12	0	341	4
12	0	341	5
12	0	342	1
12	0	342	2
12	0	342	3
12	0	343	1
12	0	343	2
12	0	343	3
12	0	343	4
12	0	344	1
12	0	344	2
12	0	344	3
12	0	344	4
12	0	345	1
12	0	345	2
12	0	345	3
12	0	346	1
12	0	346	2
12	0	346	3
12	0	346	4
12	0	347	1
12	0	347	2
12	0	347	3
12	0	348	1
12	0	348	3
12	0	348	4
12	0	348	5
12	0	349	1
12	0	349	2
12	0	349	3
12	0	349	5
12	0	350	1
12	0	350	2
12	0	350	3
12	0	351	1
12	0	351	2
12	0	351	3
12	0	353	1
12	0	353	2
12	0	353	3
12	0	353	5
12	0	354	1
12	0	354	2
12	0	354	3
12	0	354	4
12	0	355	2
12	0	355	3
12	0	355	5
12	0	357	1
12	0	357	2
12	0	357	3
12	0	357	4
12	0	357	5
12	0	358	1
12	0	358	2
12	0	358	3
12	0	359	1
12	0	359	2
12	0	359	3
12	0	359	5
12	0	360	1
12	0	360	2
12	0	360	3
12	0	360	4
12	0	360	5
12	0	362	2
12	0	362	3
12	0	362	5
12	0	363	1
12	0	363	2
12	0	363	3
12	0	364	1
12	0	364	2
12	0	364	3
12	0	365	1
12	0	365	2
12	0	365	3
12	0	366	1
12	0	366	2
12	0	366	3
12	0	366	5
12	0	367	1
12	0	367	2
12	0	367	3
12	0	367	4
12	0	368	1
12	0	368	2
12	0	368	3
12	0	369	1
12	0	369	2
12	0	369	3
12	0	369	5
12	0	370	1
12	0	370	2
12	0	370	3
12	0	370	5
12	0	371	1
12	0	371	2
12	0	371	3
12	0	371	5
12	0	372	1
12	0	372	2
12	0	372	3
12	0	372	5
12	0	373	1
12	0	373	2
12	0	373	3
12	0	373	4
12	0	373	5
12	0	374	1
12	0	374	2
12	0	374	3
12	0	374	4
12	0	375	1
12	0	375	2
12	0	375	3
12	0	375	4
12	0	375	5
12	0	376	1
12	0	376	2
12	0	376	3
12	0	376	5
12	0	379	1
12	0	379	2
12	0	379	4
12	0	379	5
12	0	380	1
12	0	380	2
12	0	380	3
12	0	380	4
12	0	380	5
12	0	381	1
12	0	381	2
12	0	381	3
12	0	382	1
12	0	382	2
12	0	382	3
12	0	383	1
12	0	383	2
12	0	383	3
12	0	383	5
12	0	384	2
12	0	384	5
12	0	385	2
12	0	385	3
12	0	386	1
12	0	386	2
12	0	386	3
12	0	387	1
12	0	387	2
12	0	387	3
12	0	387	5
12	0	388	1
12	0	388	2
12	0	388	3
12	0	388	4
12	0	388	5
12	0	389	1
12	0	389	2
12	0	389	3
12	0	389	5
12	0	391	1
12	0	391	2
12	0	391	3
12	0	391	4
12	0	391	5
12	0	392	1
12	0	392	3
12	0	392	5
12	0	393	1
12	0	393	2
12	0	393	3
12	0	393	4
12	0	394	1
12	0	394	2
12	0	394	3
12	0	395	1
12	0	395	2
12	0	395	3
12	0	395	4
12	0	396	1
12	0	396	2
12	0	396	3
12	0	396	5
12	0	397	1
12	0	397	2
12	0	397	3
12	0	398	1
12	0	398	2
12	0	398	3
12	0	398	4
12	0	398	5
12	0	399	1
12	0	399	3
12	0	399	5
12	0	400	2
12	0	400	4
12	0	401	1
12	0	401	2
12	0	401	3
12	0	401	5
12	0	402	1
12	0	402	2
12	0	402	3
12	0	403	1
12	0	403	2
12	0	403	3
12	0	403	4
12	0	403	5
12	0	404	1
12	0	404	2
12	0	404	3
12	0	406	1
12	0	406	2
12	0	406	3
12	0	406	4
12	0	407	2
12	0	407	3
12	0	410	1
12	0	410	2
12	0	410	3
12	0	411	1
12	0	411	2
12	0	411	3
12	0	411	5
12	0	412	1
12	0	412	2
12	0	412	3
12	0	412	4
12	0	412	5
12	0	413	1
12	0	413	2
12	0	413	3
12	0	413	4
12	0	414	2
12	0	415	4
12	0	415	5
12	0	418	1
12	0	418	2
12	0	418	3
12	0	419	1
12	0	419	2
12	0	419	3
12	0	419	4
12	0	419	5
12	0	420	2
12	0	420	3
12	0	421	3
12	0	421	5
12	0	422	1
12	0	422	2
12	0	422	3
12	0	422	4
12	0	422	5
12	0	423	1
12	0	423	2
12	0	423	3
12	0	423	5
12	0	425	1
12	0	425	2
12	0	425	3
12	0	426	1
12	0	426	2
12	0	426	3
12	0	427	1
12	0	427	2
12	0	427	3
12	0	428	1
12	0	428	2
12	0	428	3
12	0	429	1
12	0	429	2
12	0	429	3
12	0	430	2
12	0	430	3
12	0	430	4
12	0	431	2
12	0	431	3
12	0	431	4
12	0	432	2
12	0	432	3
12	0	432	4
12	0	432	5
12	0	433	1
12	0	433	2
12	0	433	3
12	0	433	4
12	0	433	5
12	0	434	1
12	0	434	2
12	0	434	3
12	0	435	1
12	0	435	2
12	0	435	3
12	0	435	4
12	0	435	5
12	0	436	1
12	0	436	2
12	0	436	3
12	0	436	4
12	0	436	5
12	0	437	1
12	0	437	2
12	0	437	5
12	0	438	1
12	0	438	2
12	0	438	3
12	0	439	1
12	0	439	2
12	0	439	3
12	0	439	5
12	0	442	2
12	0	442	3
12	0	442	5
12	0	443	1
12	0	443	2
12	0	443	3
12	0	444	1
12	0	444	2
12	0	444	3
12	0	445	1
12	0	445	2
12	0	445	3
12	0	446	2
12	0	446	3
12	0	446	5
12	0	447	1
12	0	447	2
12	0	447	3
12	0	448	1
12	0	448	3
12	0	448	4
12	0	449	1
12	0	449	2
12	0	449	3
12	0	449	5
12	0	450	1
12	0	450	2
12	0	451	1
12	0	451	2
12	0	451	3
12	0	451	5
12	0	452	1
12	0	452	2
12	0	452	3
12	0	453	1
12	0	453	2
12	0	453	3
12	0	453	4
12	0	453	5
12	0	455	1
12	0	455	3
12	0	456	1
12	0	456	2
12	0	456	3
12	0	456	5
12	0	457	1
12	0	458	2
12	0	458	3
12	0	458	5
12	0	459	1
12	0	459	2
12	0	459	3
12	0	459	4
12	0	459	5
12	0	460	1
12	0	460	2
12	0	460	3
12	0	461	1
12	0	461	2
12	0	461	3
12	0	461	4
12	0	463	1
12	0	463	2
12	0	463	3
12	0	463	5
12	0	464	1
12	0	464	2
12	0	464	3
12	0	464	5
12	0	465	1
12	0	465	2
12	0	465	3
12	0	466	1
12	0	466	2
12	0	466	3
12	0	467	1
12	0	467	2
12	0	467	4
12	0	468	1
12	0	468	2
12	0	468	3
12	0	468	4
12	0	468	5
12	0	469	1
12	0	469	2
12	0	469	3
12	0	469	4
12	0	470	1
12	0	470	2
12	0	470	3
12	0	470	4
12	0	471	1
12	0	471	2
12	0	471	3
12	0	472	1
12	0	472	2
12	0	472	3
12	0	472	5
12	0	473	1
12	0	473	2
12	0	473	3
12	0	473	4
12	0	474	2
12	0	474	3
12	0	474	5
12	0	475	1
12	0	475	2
12	0	475	5
12	0	476	1
12	0	476	2
12	0	476	3
12	0	476	4
12	0	476	5
12	0	477	1
12	0	477	2
12	0	477	3
12	0	477	4
12	0	477	5
12	0	479	1
12	0	479	2
12	0	479	3
12	0	482	1
12	0	482	2
12	0	482	3
12	0	482	5
12	0	484	1
12	0	484	2
12	0	484	3
12	0	484	4
12	0	485	1
12	0	485	2
12	0	485	3
12	0	486	1
12	0	486	2
12	0	486	3
12	0	486	4
12	0	487	1
12	0	487	2
12	0	487	3
12	0	487	4
12	0	488	1
12	0	488	2
12	0	488	3
12	0	489	1
12	0	489	2
12	0	489	3
12	0	490	1
12	0	490	2
12	0	490	3
12	0	490	5
12	0	491	1
12	0	491	2
12	0	491	3
12	0	492	2
12	0	492	3
12	0	492	4
12	0	492	5
12	0	493	1
12	0	493	2
12	0	493	3
12	0	493	5
12	0	494	1
12	0	494	2
12	0	494	3
12	0	494	4
12	0	495	2
12	0	495	3
12	0	495	4
12	0	496	1
12	0	496	2
12	0	496	4
12	0	497	1
12	0	497	2
12	0	497	3
12	0	498	1
12	0	498	2
12	0	498	3
12	0	498	4
12	0	499	1
12	0	499	2
12	0	499	3
12	0	499	4
12	0	500	1
12	0	500	2
12	0	500	3
12	0	501	1
12	0	501	2
12	0	501	5
12	0	502	1
12	0	502	2
12	0	502	3
12	0	503	1
12	0	503	2
12	0	503	3
12	0	503	5
12	0	504	1
12	0	504	2
12	0	504	3
12	0	505	1
12	0	505	2
12	0	505	3
12	0	506	1
12	0	506	2
12	0	506	3
12	0	508	1
12	0	508	2
12	0	508	3
12	0	509	1
12	0	509	2
12	0	509	3
12	0	509	4
12	0	509	5
12	0	510	1
12	0	510	2
12	0	510	3
12	0	510	4
12	0	511	1
12	0	511	2
12	0	511	3
12	0	511	5
12	0	512	1
12	0	512	2
12	0	512	3
12	0	512	4
12	0	512	5
12	0	513	1
12	0	513	2
12	0	513	3
12	0	513	4
12	0	513	5
12	0	514	1
12	0	514	2
12	0	514	3
12	0	515	1
12	0	515	2
12	0	515	3
12	0	515	5
12	0	517	1
12	0	517	2
12	0	517	3
12	0	519	1
12	0	519	2
12	0	519	3
12	0	519	4
12	0	521	1
12	0	521	2
12	0	521	3
12	0	522	1
12	0	522	2
12	0	522	3
12	0	523	4
12	0	523	5
12	0	524	1
12	0	524	2
12	0	524	3
12	0	524	4
12	0	524	5
12	0	525	1
12	0	525	2
12	0	525	3
12	0	526	1
12	0	526	2
12	0	526	3
12	0	527	1
12	0	527	2
12	0	527	3
12	0	528	1
12	0	528	2
12	0	528	3
12	0	529	1
12	0	529	2
12	0	529	3
12	0	529	4
12	0	530	1
12	0	530	2
12	0	530	3
12	0	532	1
12	0	532	2
12	0	532	3
12	0	533	1
12	0	533	3
12	0	533	5
12	0	536	1
12	0	536	2
12	0	536	3
12	0	536	4
12	0	536	5
12	0	541	1
12	0	541	2
12	0	541	3
12	0	541	4
12	0	541	5
12	0	542	1
12	0	542	2
12	0	542	3
12	0	543	1
12	0	543	2
12	0	543	4
12	0	546	1
12	0	546	2
12	0	546	3
12	0	546	4
12	0	547	1
12	0	547	2
12	0	547	3
12	0	548	1
12	0	548	2
12	0	548	3
12	0	548	4
12	0	548	5
12	0	549	1
12	0	549	2
12	0	549	3
12	0	550	1
12	0	550	3
12	0	550	4
12	0	550	5
12	0	552	2
12	0	552	3
12	0	553	1
12	0	553	2
12	0	553	3
12	0	553	5
12	0	555	1
12	0	555	2
12	0	555	3
12	0	555	5
12	0	556	1
12	0	556	2
12	0	556	3
12	0	556	5
12	0	557	1
12	0	557	3
12	0	558	1
12	0	558	2
12	0	558	3
12	0	559	1
12	0	559	2
12	0	559	3
12	0	559	4
12	0	559	5
12	0	560	1
12	0	560	3
12	0	561	1
12	0	561	2
12	0	561	5
12	0	562	1
12	0	562	2
12	0	562	3
12	0	563	1
12	0	563	2
12	0	563	3
12	0	564	1
12	0	564	2
12	0	564	3
12	0	565	1
12	0	565	2
12	0	565	3
12	0	565	4
12	0	566	1
12	0	566	2
12	0	566	3
12	0	566	5
12	0	567	1
12	0	567	2
12	0	567	3
12	0	568	1
12	0	568	2
12	0	568	3
12	0	568	4
12	0	568	5
12	0	569	1
12	0	569	2
12	0	570	2
12	0	570	3
12	0	570	5
12	0	571	1
12	0	571	2
12	0	571	3
12	0	571	4
12	0	571	5
12	0	572	1
12	0	572	2
12	0	572	3
12	0	572	5
12	0	573	1
12	0	573	4
12	0	573	5
12	0	574	1
12	0	574	2
12	0	574	3
12	0	575	1
12	0	575	2
12	0	575	3
12	0	575	4
12	0	575	5
12	0	576	1
12	0	576	2
12	0	576	3
12	0	576	4
12	0	576	5
12	0	577	1
12	0	577	2
12	0	577	3
12	0	577	4
12	0	577	5
12	0	578	1
12	0	578	2
12	0	578	3
12	0	579	1
12	0	579	2
12	0	579	3
12	0	579	5
12	0	580	1
12	0	580	2
12	0	580	3
12	0	580	4
12	0	580	5
12	0	581	1
12	0	581	2
12	0	581	3
12	0	581	4
12	0	581	5
12	0	582	1
12	0	582	2
12	0	582	3
12	0	582	5
12	0	583	1
12	0	583	2
12	0	583	3
12	0	583	4
12	0	583	5
12	0	584	1
12	0	584	2
12	0	584	3
12	0	585	1
12	0	585	2
12	0	585	3
12	0	586	1
12	0	586	2
12	0	586	3
12	0	587	1
12	0	587	2
12	0	587	3
12	0	588	1
12	0	588	3
12	0	589	1
12	0	589	2
12	0	589	3
12	0	589	5
12	0	590	1
12	0	590	2
12	0	590	3
12	0	590	4
12	0	591	1
12	0	591	2
12	0	591	3
12	0	591	4
12	0	591	5
12	0	593	1
12	0	593	2
12	0	593	3
12	0	594	1
12	0	594	2
12	0	594	3
12	0	594	4
12	0	595	1
12	0	595	2
12	0	595	3
12	0	595	4
12	0	595	5
12	0	596	1
12	0	596	2
12	0	596	3
12	0	597	2
12	0	597	3
12	0	597	5
12	0	598	1
12	0	598	2
12	0	598	3
12	0	598	4
12	0	598	5
12	0	599	1
12	0	599	2
12	0	599	3
12	0	600	1
12	0	600	2
12	0	600	4
12	0	600	5
12	0	601	1
12	0	601	2
12	0	601	3
12	0	601	4
12	0	602	1
12	0	602	2
12	0	602	3
12	0	602	4
12	0	603	1
12	0	603	2
12	0	603	3
12	0	603	4
12	0	603	5
12	0	604	1
12	0	604	2
12	0	604	3
12	0	604	4
12	0	604	5
12	0	605	1
12	0	605	2
12	0	605	3
12	0	605	5
12	0	606	1
12	0	606	2
12	0	606	3
12	0	606	4
12	0	606	5
12	0	607	1
12	0	607	2
12	0	607	3
12	0	607	4
12	0	607	5
12	0	609	1
12	0	609	2
12	0	609	3
12	0	610	1
12	0	610	2
12	0	610	3
12	0	611	1
12	0	611	2
12	0	611	3
12	0	612	2
12	0	612	3
12	0	612	4
12	0	612	5
12	0	613	1
12	0	613	2
12	0	613	3
12	0	613	4
12	0	614	1
12	0	614	2
12	0	614	3
12	0	614	4
12	0	614	5
12	0	616	2
12	0	616	3
12	0	616	4
12	0	616	5
12	0	617	1
12	0	617	2
12	0	617	3
12	0	617	4
12	0	617	5
12	0	618	2
12	0	618	3
12	0	618	4
12	0	619	1
12	0	619	2
12	0	619	3
12	0	619	5
12	0	620	1
12	0	620	2
12	0	620	3
12	0	620	4
12	0	621	1
12	0	621	2
12	0	621	4
12	0	621	5
12	0	622	1
12	0	622	2
12	0	622	3
12	0	622	5
12	0	623	2
12	0	623	3
12	0	623	5
12	0	624	1
12	0	624	2
12	0	624	3
12	0	624	4
12	0	624	5
12	0	626	1
12	0	626	2
12	0	626	3
12	0	626	5
12	0	629	1
12	0	629	2
12	0	629	3
12	0	630	1
12	0	630	2
12	0	630	3
12	0	632	1
12	0	632	2
12	0	632	3
12	0	633	2
12	0	633	3
12	0	634	1
12	0	634	2
12	0	634	3
12	0	634	5
12	0	636	1
12	0	636	2
12	0	636	3
12	0	636	4
12	0	637	1
12	0	637	2
12	0	637	3
12	0	637	5
12	0	640	1
12	0	640	2
12	0	640	3
12	0	640	5
12	0	641	1
12	0	641	2
12	0	641	3
12	0	641	5
12	0	642	1
12	0	642	2
12	0	642	3
12	0	642	4
12	0	643	1
12	0	643	2
12	0	643	3
12	0	643	4
12	0	643	5
12	0	644	1
12	0	644	2
12	0	644	3
12	0	646	1
12	0	646	2
12	0	646	3
12	0	647	1
12	0	647	2
12	0	647	3
12	0	647	4
12	0	647	5
12	0	648	1
12	0	648	2
12	0	648	3
12	0	649	1
12	0	649	2
12	0	649	3
12	0	650	3
12	0	652	1
12	0	652	2
12	0	652	3
12	0	652	4
12	0	652	5
12	0	653	1
12	0	653	2
12	0	653	3
12	0	655	2
12	0	655	3
12	0	655	4
12	0	656	3
12	0	656	4
12	0	656	5
12	0	657	1
12	0	657	2
12	0	657	3
12	0	657	5
12	0	659	1
12	0	659	2
12	0	659	3
12	0	659	5
12	0	660	1
12	0	660	2
12	0	660	3
12	0	660	4
12	0	660	5
12	0	661	1
12	0	661	2
12	0	661	3
12	0	662	1
12	0	662	2
12	0	662	3
12	0	662	5
12	0	666	1
12	0	666	2
12	0	666	3
12	0	667	1
12	0	667	2
12	0	667	3
12	0	667	5
12	0	668	3
12	0	669	1
12	0	669	2
12	0	669	3
12	0	669	5
12	0	670	1
12	0	670	2
12	0	670	3
12	0	670	4
12	0	670	5
12	0	671	1
12	0	671	2
12	0	671	3
12	0	672	1
12	0	672	2
12	0	672	3
12	0	672	4
12	0	672	5
12	0	673	1
12	0	673	2
12	0	673	3
12	0	674	1
12	0	674	2
12	0	674	3
12	0	676	1
12	0	676	2
12	0	676	3
12	0	676	4
12	0	677	1
12	0	677	2
12	0	677	3
12	0	678	1
12	0	678	2
12	0	678	3
12	0	678	4
12	0	678	5
12	0	679	1
12	0	679	2
12	0	679	3
12	0	679	4
12	0	679	5
12	0	680	1
12	0	680	2
12	0	680	3
12	0	681	1
12	0	681	2
12	0	681	4
12	0	682	1
12	0	682	2
12	0	682	3
12	0	682	4
12	0	682	5
12	0	683	1
12	0	683	2
12	0	683	3
12	0	683	4
12	0	684	1
12	0	684	2
12	0	684	3
12	0	684	5
12	0	685	1
12	0	685	2
12	0	685	3
12	0	686	1
12	0	686	3
12	0	686	5
12	0	687	4
12	0	688	1
12	0	688	2
12	0	688	3
12	0	689	1
12	0	689	2
12	0	689	3
12	0	689	4
12	0	690	1
12	0	690	2
12	0	690	3
12	0	691	1
12	0	691	2
12	0	691	3
12	0	691	5
12	0	692	4
12	0	692	5
12	0	693	1
12	0	693	3
12	0	693	5
12	0	694	1
12	0	694	2
12	0	694	3
12	0	695	1
12	0	695	2
12	0	695	3
12	0	695	4
12	0	695	5
12	0	696	1
12	0	696	2
12	0	696	3
12	0	696	4
12	0	697	2
12	0	697	3
12	0	697	5
12	0	698	1
12	0	698	2
12	0	698	3
12	0	698	5
12	0	700	2
12	0	700	4
12	0	701	1
12	0	701	2
12	0	701	3
12	0	701	5
12	0	702	1
12	0	702	2
12	0	702	3
12	0	702	4
12	0	702	5
12	0	703	1
12	0	703	2
12	0	703	3
12	0	703	4
12	0	704	1
12	0	704	2
12	0	704	3
12	0	704	4
12	0	704	5
12	0	705	1
12	0	705	2
12	0	705	3
12	0	705	4
12	0	705	5
12	0	707	1
12	0	707	2
12	0	707	4
12	0	707	5
12	0	708	1
12	0	708	2
12	0	708	3
12	0	708	4
12	0	709	1
12	0	709	2
12	0	709	3
12	0	710	1
12	0	710	2
12	0	710	3
12	0	711	1
12	0	711	2
12	0	711	3
12	0	711	4
12	0	711	5
12	0	712	1
12	0	712	2
12	0	712	3
12	0	712	4
12	0	712	5
12	0	713	1
12	0	713	2
12	0	713	3
12	0	713	5
12	0	714	1
12	0	714	2
12	0	714	3
12	0	715	1
12	0	715	2
12	0	715	3
12	0	715	5
12	0	716	1
12	0	716	2
12	0	716	3
12	0	717	1
12	0	717	2
12	0	717	3
12	0	718	1
12	0	718	2
12	0	718	3
12	0	719	1
12	0	719	2
12	0	719	3
12	0	721	1
12	0	721	2
12	0	721	3
12	0	721	5
12	0	722	1
12	0	722	2
12	0	722	3
12	0	722	4
12	0	722	5
12	0	723	1
12	0	723	2
12	0	723	3
12	0	723	5
12	0	724	1
12	0	724	2
12	0	724	5
12	0	726	1
12	0	726	2
12	0	726	3
12	0	726	4
12	0	726	5
12	0	727	1
12	0	727	2
12	0	727	3
12	0	728	1
12	0	728	2
12	0	728	3
12	0	728	4
12	0	728	5
12	0	730	1
12	0	730	2
12	0	730	3
12	0	730	4
12	0	731	1
12	0	731	2
12	0	731	3
12	0	732	1
12	0	732	2
12	0	732	3
12	0	732	4
12	0	732	5
12	0	734	3
12	0	734	5
12	0	735	1
12	0	735	3
12	0	735	4
12	0	735	5
12	0	736	1
12	0	736	2
12	0	736	3
12	0	737	1
12	0	737	2
12	0	737	3
12	0	738	1
12	0	738	2
12	0	738	3
12	0	738	4
12	0	739	1
12	0	739	2
12	0	739	3
12	0	741	1
12	0	741	2
12	0	741	3
12	0	742	1
12	0	742	2
12	0	742	3
12	0	742	5
12	0	743	1
12	0	743	2
12	0	743	3
12	0	744	1
12	0	744	2
12	0	744	3
12	0	744	4
12	0	745	1
12	0	745	2
12	0	745	3
12	0	745	5
12	0	747	1
12	0	747	2
12	0	747	3
12	0	747	4
12	0	747	5
12	0	748	2
12	0	748	3
12	0	749	1
12	0	749	2
12	0	749	3
12	0	750	1
12	0	750	2
12	0	751	4
12	0	751	5
12	0	752	1
12	0	752	2
12	0	752	3
12	0	755	1
12	0	755	2
12	0	755	3
12	0	758	1
12	0	758	4
12	0	759	1
12	0	759	3
12	0	759	5
12	0	760	1
12	0	760	2
12	0	760	3
12	0	761	1
12	0	761	2
12	0	761	3
12	0	763	1
12	0	763	2
12	0	763	5
12	0	764	1
12	0	764	2
12	0	764	3
12	0	764	5
12	0	765	1
12	0	765	2
12	0	765	3
12	0	767	1
12	0	767	2
12	0	767	3
12	0	768	1
12	0	768	2
12	0	768	3
12	0	769	1
12	0	769	2
12	0	769	3
12	0	769	4
12	0	770	1
12	0	770	2
12	0	770	3
12	0	771	1
12	0	771	2
12	0	771	3
12	0	771	5
12	0	772	1
12	0	772	2
12	0	772	3
12	0	772	5
12	0	773	1
12	0	773	2
12	0	773	3
12	0	773	4
12	0	773	5
12	0	774	1
12	0	774	2
12	0	774	3
12	0	774	4
12	0	774	5
12	0	775	1
12	0	775	2
12	0	775	3
12	0	775	4
12	0	775	5
12	0	777	1
12	0	777	2
12	0	777	3
12	0	777	4
12	0	777	5
12	0	778	1
12	0	778	2
12	0	778	3
12	0	778	5
12	0	779	1
12	0	779	2
12	0	779	3
12	0	779	4
12	0	780	1
12	0	780	2
12	0	780	3
12	0	780	4
12	0	781	1
12	0	781	2
12	0	781	3
12	0	782	1
12	0	782	2
12	0	782	3
12	0	782	4
12	0	782	5
12	0	783	1
12	0	783	2
12	0	783	3
12	0	783	4
12	0	783	5
12	0	785	1
12	0	785	2
12	0	785	3
12	0	787	1
12	0	787	2
12	0	787	3
12	0	788	1
12	0	788	2
12	0	788	3
12	0	788	4
12	0	789	1
12	0	789	2
12	0	789	3
12	0	791	2
12	0	791	3
12	0	791	4
12	0	791	5
12	0	792	1
12	0	792	2
12	0	792	3
12	0	792	5
12	0	793	1
12	0	793	2
12	0	793	3
12	0	793	4
12	0	793	5
12	0	794	1
12	0	794	2
12	0	794	3
12	0	794	5
12	0	795	1
12	0	795	2
12	0	795	3
12	0	795	4
12	0	797	1
12	0	797	2
12	0	797	3
12	0	801	1
12	0	801	2
12	0	801	3
12	0	802	1
12	0	802	2
12	0	802	3
12	0	802	5
12	0	804	1
12	0	804	2
12	0	804	3
12	0	804	5
12	0	805	1
12	0	805	4
12	0	805	5
12	0	806	1
12	0	806	2
12	0	806	3
12	0	807	1
12	0	807	2
12	0	807	3
12	0	807	4
12	0	807	5
12	0	808	2
12	0	808	3
12	0	809	1
12	0	809	2
12	0	809	3
12	0	809	4
12	0	810	1
12	0	810	2
12	0	810	3
12	0	810	5
12	0	811	1
12	0	811	2
12	0	811	3
12	0	811	4
12	0	811	5
12	0	812	1
12	0	812	2
12	0	812	3
12	0	815	1
12	0	815	2
12	0	815	3
12	0	817	1
12	0	817	2
12	0	817	3
12	0	818	1
12	0	818	2
12	0	818	3
12	0	819	1
12	0	819	2
12	0	819	3
12	0	822	1
12	0	822	2
12	0	822	3
12	0	823	1
12	0	823	2
12	0	823	3
12	0	823	4
12	0	823	5
12	0	824	1
12	0	824	2
12	0	824	3
12	0	824	5
12	0	826	1
12	0	826	2
12	0	826	3
12	0	826	5
12	0	827	1
12	0	827	3
12	0	827	4
12	0	828	1
12	0	828	2
12	0	828	3
12	0	828	4
12	0	830	1
12	0	830	2
12	0	830	3
12	0	830	5
12	0	831	1
12	0	831	2
12	0	831	3
12	0	831	5
12	0	832	1
12	0	832	2
12	0	832	3
12	0	832	4
12	0	832	5
12	0	836	1
12	0	836	2
12	0	836	3
12	0	836	4
12	0	837	1
12	0	837	2
12	0	837	3
12	0	838	1
12	0	838	2
12	0	838	3
12	0	839	1
12	0	839	2
12	0	839	3
12	0	840	1
12	0	840	2
12	0	840	3
12	0	841	1
12	0	841	2
12	0	841	3
12	0	842	1
12	0	842	2
12	0	842	3
12	0	842	5
12	0	845	3
12	0	845	4
12	0	846	1
12	0	846	2
12	0	846	3
12	0	846	4
12	0	846	5
12	0	847	1
12	0	847	2
12	0	847	3
12	0	847	4
12	0	848	1
12	0	848	2
12	0	848	3
12	0	848	5
12	0	849	1
12	0	849	2
12	0	849	3
12	0	849	5
12	0	851	1
12	0	851	2
12	0	851	3
12	0	851	4
12	0	851	5
12	0	852	1
12	0	852	2
12	0	852	3
12	0	854	1
12	0	854	2
12	0	854	3
12	0	856	1
12	0	856	2
12	0	856	3
12	0	856	5
12	0	858	1
12	0	858	2
12	0	858	3
12	0	858	4
12	0	859	1
12	0	859	2
12	0	859	3
12	0	859	4
12	0	859	5
12	0	860	1
12	0	860	3
12	0	860	5
12	0	861	1
12	0	861	2
12	0	861	3
12	0	862	1
12	0	862	2
12	0	862	3
12	0	862	4
12	0	862	5
12	0	863	1
12	0	863	2
12	0	863	3
12	0	864	1
12	0	864	3
12	0	864	5
12	0	865	1
12	0	865	2
12	0	865	3
12	0	865	5
12	0	866	1
12	0	866	2
12	0	866	3
12	0	866	4
12	0	867	1
12	0	867	2
12	0	867	3
12	0	867	4
12	0	868	1
12	0	868	2
12	0	868	3
12	0	870	1
12	0	870	2
12	0	870	3
12	0	870	5
12	0	872	1
12	0	872	2
12	0	872	3
12	0	872	5
12	0	873	1
12	0	873	3
12	0	873	4
12	0	873	5
12	0	874	1
12	0	874	2
12	0	874	3
12	0	874	4
12	0	874	5
12	0	876	1
12	0	876	2
12	0	876	3
12	0	876	4
12	0	876	5
12	0	878	1
12	0	878	2
12	0	878	5
12	0	879	1
12	0	879	2
12	0	879	3
12	0	880	2
12	0	880	3
12	0	880	5
12	0	881	3
12	0	881	4
12	0	882	2
12	0	882	4
12	0	882	5
12	0	883	3
12	0	883	4
12	0	883	5
12	0	885	1
12	0	885	2
12	0	885	3
12	0	888	1
12	0	888	2
12	0	888	3
12	0	889	1
12	0	889	2
12	0	889	3
12	0	890	1
12	0	890	2
12	0	890	3
12	0	890	4
12	0	890	5
12	0	891	2
12	0	891	5
12	0	892	1
12	0	892	2
12	0	892	3
12	0	893	1
12	0	893	2
12	0	893	3
12	0	893	5
12	0	894	1
12	0	894	2
12	0	894	3
12	0	894	4
12	0	895	1
12	0	895	2
12	0	895	3
12	0	896	1
12	0	896	2
12	0	896	3
12	0	897	1
12	0	897	2
12	0	897	3
12	0	897	5
12	0	898	1
12	0	898	2
12	0	898	3
12	0	898	4
12	0	899	1
12	0	899	2
12	0	899	3
12	0	899	5
12	0	900	2
12	0	900	3
12	0	901	1
12	0	901	2
12	0	901	3
12	0	901	5
12	0	903	1
12	0	903	2
12	0	903	3
12	0	904	1
12	0	904	2
12	0	904	3
12	0	904	4
12	0	904	5
12	0	906	2
12	0	906	3
12	0	907	1
12	0	907	2
12	0	907	3
12	0	908	2
12	0	908	4
12	0	910	1
12	0	910	2
12	0	910	3
12	0	910	4
12	0	910	5
12	0	911	1
12	0	911	2
12	0	911	3
12	0	911	4
12	0	911	5
12	0	912	1
12	0	912	2
12	0	912	3
12	0	912	4
12	0	914	1
12	0	914	3
12	0	914	4
12	0	915	1
12	0	915	2
12	0	915	3
12	0	916	1
12	0	916	2
12	0	916	3
12	0	916	4
12	0	918	1
12	0	918	2
12	0	918	3
12	0	918	5
12	0	919	1
12	0	919	2
12	0	919	3
12	0	919	5
12	0	921	1
12	0	921	2
12	0	921	3
12	0	922	1
12	0	922	2
12	0	922	3
12	0	922	4
12	0	923	1
12	0	923	2
12	0	923	3
12	0	923	5
12	0	926	1
12	0	926	3
12	0	926	4
12	0	927	1
12	0	927	2
12	0	927	3
12	0	927	4
12	0	927	5
12	0	928	1
12	0	928	3
12	0	928	4
12	0	928	5
12	0	931	1
12	0	931	2
12	0	931	3
12	0	931	4
12	0	931	5
12	0	932	1
12	0	932	2
12	0	932	3
12	0	932	4
12	0	936	1
12	0	936	2
12	0	936	5
12	0	937	1
12	0	937	2
12	0	937	3
12	0	938	1
12	0	938	2
12	0	938	3
12	0	939	1
12	0	939	3
12	0	939	4
12	0	940	1
12	0	940	2
12	0	940	3
12	0	940	4
12	0	940	5
12	0	941	1
12	0	941	2
12	0	941	3
12	0	943	2
12	0	943	3
12	0	943	4
12	0	944	1
12	0	944	2
12	0	944	3
12	0	944	4
12	0	944	5
12	0	945	1
12	0	945	2
12	0	945	3
12	0	946	1
12	0	946	3
12	0	946	4
12	0	946	5
12	0	948	1
12	0	948	2
12	0	948	3
12	0	949	1
12	0	949	2
12	0	949	3
12	0	949	4
12	0	949	5
12	0	950	1
12	0	950	2
12	0	950	3
12	0	951	1
12	0	951	2
12	0	951	3
12	0	951	4
12	0	951	5
12	0	952	1
12	0	952	2
12	0	952	3
12	0	953	1
12	0	953	2
12	0	953	3
12	0	953	4
12	0	953	5
12	0	954	1
12	0	954	2
12	0	954	5
12	0	955	1
12	0	955	5
12	0	956	1
12	0	956	5
12	0	957	1
12	0	958	4
12	0	958	5
12	0	959	1
12	0	959	2
12	0	959	3
12	0	960	1
12	0	960	2
12	0	960	3
12	0	960	5
12	0	961	1
12	0	961	2
12	0	961	3
12	0	964	1
12	0	964	2
12	0	964	3
12	0	964	4
12	0	964	5
12	0	966	1
12	0	966	2
12	0	966	3
12	0	967	1
12	0	967	2
12	0	967	5
12	0	968	1
12	0	968	2
12	0	968	3
12	0	970	1
12	0	970	2
12	0	970	4
12	0	970	5
12	0	971	2
12	0	971	3
12	0	971	5
12	0	972	1
12	0	972	2
12	0	972	3
12	0	972	4
12	0	973	1
12	0	973	2
12	0	973	3
12	0	973	5
12	0	975	1
12	0	975	2
12	0	975	3
12	0	975	4
12	0	978	1
12	0	978	2
12	0	978	3
12	0	978	4
12	0	978	5
12	0	979	3
12	0	979	4
12	0	979	5
12	0	980	1
12	0	980	2
12	0	982	1
12	0	982	2
12	0	982	3
12	0	982	5
12	0	983	1
12	0	983	2
12	0	983	3
12	0	983	4
12	0	983	5
12	0	984	1
12	0	984	2
12	0	984	3
12	0	984	4
12	0	984	5
12	0	985	1
12	0	985	2
12	0	985	3
12	0	985	5
12	0	986	1
12	0	986	3
12	0	986	5
12	0	988	1
12	0	988	2
12	0	988	3
12	0	988	4
12	0	988	5
12	0	989	1
12	0	989	2
12	0	989	3
12	0	989	5
12	0	991	1
12	0	991	2
12	0	991	3
12	0	991	4
12	0	992	1
12	0	992	2
12	0	992	3
12	0	992	4
12	0	992	5
12	0	993	1
12	0	993	3
12	0	993	4
12	0	993	5
12	0	994	1
12	0	994	3
12	0	994	4
12	0	995	1
12	0	995	2
12	0	995	3
12	0	996	1
12	0	996	2
12	0	996	3
12	0	996	5
12	0	997	1
12	0	997	2
12	0	997	3
12	0	997	4
12	0	997	5
12	0	999	1
12	0	999	2
12	0	999	3
12	0	999	4
12	0	999	5
12	0	1000	1
12	0	1000	2
12	0	1000	3
12	0	1000	4
12	0	1001	2
12	0	1001	4
12	0	1001	5
12	0	1002	1
12	0	1002	2
12	0	1002	3
12	0	1002	5
12	0	1005	2
12	0	1005	3
12	0	1005	5
12	0	1006	1
12	0	1006	2
12	0	1006	3
12	0	1007	1
12	0	1007	2
12	0	1007	3
12	0	1008	1
12	0	1008	3
12	0	1009	1
12	0	1009	2
12	0	1009	3
12	0	1009	4
12	0	1009	5
12	0	1010	1
12	0	1010	2
12	0	1010	3
12	0	1010	4
12	0	1010	5
12	0	1011	2
12	0	1011	3
12	0	1011	5
12	0	1012	1
12	0	1012	2
12	0	1012	3
12	0	1013	1
12	0	1013	2
12	0	1013	3
12	0	1014	1
12	0	1014	2
12	0	1014	3
12	0	1014	4
12	0	1014	5
12	0	1015	1
12	0	1015	2
12	0	1015	3
12	0	1015	4
12	0	1016	1
12	0	1016	2
12	0	1016	3
12	0	1016	4
12	0	1017	1
12	0	1017	2
12	0	1017	3
12	0	1018	1
12	0	1018	2
12	0	1018	3
12	0	1019	1
12	0	1019	2
12	0	1019	3
12	0	1020	1
12	0	1020	2
12	0	1020	3
12	0	1021	1
12	0	1021	2
12	0	1021	3
12	0	1021	5
12	0	1022	1
12	0	1022	2
12	0	1022	3
12	0	1023	1
12	0	1023	2
12	0	1023	3
12	0	1023	5
12	0	1024	1
12	0	1024	3
12	0	1024	5
12	0	1026	1
12	0	1026	2
12	0	1026	3
12	0	1026	4
12	0	1027	1
12	0	1027	2
12	0	1027	3
12	0	1027	4
12	0	1029	1
12	0	1029	2
12	0	1029	3
12	0	1029	4
12	0	1029	5
12	0	1030	1
12	0	1030	4
12	0	1030	5
12	0	1031	1
12	0	1031	2
12	0	1031	3
12	0	1031	4
12	0	1032	1
12	0	1032	2
12	0	1032	3
12	0	1032	4
12	0	1033	1
12	0	1033	2
12	0	1033	3
12	0	1034	1
12	0	1034	2
12	0	1034	3
12	0	1034	4
12	0	1035	1
12	0	1035	2
12	0	1035	3
12	0	1035	5
12	0	1036	1
12	0	1036	2
12	0	1036	3
12	0	1036	4
12	0	1036	5
12	0	1037	1
12	0	1037	2
12	0	1037	3
12	0	1037	4
12	0	1037	5
12	0	1038	1
12	0	1038	2
12	0	1038	3
12	0	1038	4
12	0	1038	5
12	0	1039	1
12	0	1039	2
12	0	1039	5
12	0	1040	1
12	0	1040	2
12	0	1040	3
12	0	1041	1
12	0	1041	2
12	0	1041	3
12	0	1041	5
12	0	1042	1
12	0	1042	2
12	0	1042	3
12	0	1042	4
12	0	1042	5
12	0	1043	1
12	0	1043	2
12	0	1043	3
12	0	1043	4
12	0	1043	5
12	0	1044	1
12	0	1044	2
12	0	1044	3
12	0	1044	4
12	0	1044	5
12	0	1045	1
12	0	1045	2
12	0	1045	3
12	0	1045	5
12	0	1046	1
12	0	1046	3
12	0	1046	5
12	0	1047	2
12	0	1047	3
12	0	1047	4
12	0	1047	5
12	0	1049	1
12	0	1049	2
12	0	1049	4
12	0	1050	1
12	0	1050	2
12	0	1050	3
12	0	1050	4
12	0	1050	5
12	0	1051	2
12	0	1051	3
12	0	1051	5
12	0	1052	1
12	0	1052	2
12	0	1052	3
12	0	1054	1
12	0	1054	3
12	0	1054	4
12	0	1055	1
12	0	1055	2
12	0	1055	3
12	0	1056	1
12	0	1056	2
12	0	1056	3
12	0	1056	5
12	0	1057	1
12	0	1057	2
12	0	1057	3
12	0	1058	1
12	0	1058	2
12	0	1058	4
12	0	1059	1
12	0	1059	2
12	0	1059	3
12	0	1059	4
12	0	1059	5
12	0	1062	1
12	0	1062	2
12	0	1062	3
12	0	1063	1
12	0	1063	2
12	0	1063	3
12	0	1066	1
12	0	1066	3
12	0	1067	4
12	0	1067	5
12	0	1068	2
12	0	1068	3
12	0	1068	4
12	0	1069	1
12	0	1069	2
12	0	1069	3
12	0	1069	5
12	0	1070	4
12	0	1070	5
12	0	1071	1
12	0	1071	2
12	0	1071	3
12	0	1071	4
12	0	1071	5
12	0	1072	1
12	0	1072	2
12	0	1072	3
12	0	1072	5
12	0	1073	1
12	0	1073	2
12	0	1073	3
12	0	1074	1
12	0	1074	2
12	0	1074	3
12	0	1075	1
12	0	1075	2
12	0	1075	3
12	0	1075	4
12	0	1075	5
12	0	1076	1
12	0	1076	2
12	0	1076	3
12	0	1076	4
12	0	1076	5
12	0	1078	1
12	0	1078	2
12	0	1078	3
12	0	1078	4
12	0	1079	1
12	0	1079	2
12	0	1079	3
12	0	1079	4
12	0	1081	1
12	0	1081	2
12	0	1081	3
12	0	1081	4
12	0	1081	5
12	0	1083	1
12	0	1083	2
12	0	1083	3
12	0	1085	1
12	0	1085	2
12	0	1085	3
12	0	1086	1
12	0	1086	2
12	0	1086	3
12	0	1086	4
12	0	1087	1
12	0	1087	2
12	0	1087	3
12	0	1087	4
12	0	1089	1
12	0	1089	2
12	0	1089	3
12	0	1090	1
12	0	1090	2
12	0	1090	3
12	0	1090	4
12	0	1090	5
12	0	1091	1
12	0	1091	2
12	0	1091	3
12	0	1091	4
12	0	1091	5
12	0	1092	1
12	0	1092	2
12	0	1092	3
12	0	1093	1
12	0	1093	2
12	0	1093	3
12	0	1093	4
12	0	1093	5
12	0	1094	1
12	0	1094	2
12	0	1094	3
12	0	1095	1
12	0	1095	2
12	0	1095	3
12	0	1096	2
12	0	1096	3
12	0	1096	4
12	0	1097	1
12	0	1097	2
12	0	1097	3
12	0	1097	5
12	0	1098	1
12	0	1098	2
12	0	1098	3
12	0	1100	1
12	0	1100	2
12	0	1100	3
12	0	1103	1
12	0	1103	2
12	0	1103	3
12	0	1104	1
12	0	1104	2
12	0	1104	3
12	0	1104	4
12	0	1104	5
12	0	1106	1
12	0	1106	2
12	0	1106	3
12	0	1106	5
12	0	1107	2
12	0	1107	3
12	0	1108	1
12	0	1108	2
12	0	1108	3
12	0	1108	5
12	0	1109	1
12	0	1109	2
12	0	1109	3
12	0	1109	4
12	0	1109	5
12	0	1110	1
12	0	1110	2
12	0	1110	3
12	0	1110	4
12	0	1110	5
12	0	1111	1
12	0	1111	2
12	0	1111	3
12	0	1111	4
12	0	1111	5
12	0	1112	2
12	0	1113	1
12	0	1113	2
12	0	1113	3
12	0	1113	5
12	0	1115	1
12	0	1115	2
12	0	1115	3
12	0	1115	4
12	0	1115	5
12	0	1116	1
12	0	1116	2
12	0	1116	3
12	0	1117	1
12	0	1117	2
12	0	1117	4
12	0	1118	1
12	0	1118	2
12	0	1118	3
12	0	1119	1
12	0	1119	2
12	0	1119	3
12	0	1121	1
12	0	1121	2
12	0	1121	3
12	0	1121	4
12	0	1122	1
12	0	1122	2
12	0	1122	3
12	0	1123	1
12	0	1123	2
12	0	1123	3
12	0	1124	1
12	0	1124	2
12	0	1124	3
12	0	1126	1
12	0	1126	2
12	0	1126	4
12	0	1126	5
12	0	1127	1
12	0	1127	2
12	0	1127	3
12	0	1127	5
12	0	1128	1
12	0	1128	2
12	0	1128	3
12	0	1129	1
12	0	1129	2
12	0	1129	5
12	0	1130	1
12	0	1130	2
12	0	1130	3
12	0	1130	4
12	0	1130	5
12	0	1131	1
12	0	1131	2
12	0	1131	3
12	0	1131	4
12	0	1131	5
12	0	1132	1
12	0	1132	2
12	0	1132	3
12	0	1133	1
12	0	1133	3
12	0	1134	1
12	0	1134	2
12	0	1134	3
12	0	1134	4
12	0	1137	1
12	0	1137	2
12	0	1137	3
12	0	1138	1
12	0	1138	2
12	0	1138	3
12	0	1138	5
12	0	1139	1
12	0	1139	2
12	0	1139	3
12	0	1139	5
12	0	1140	1
12	0	1140	2
12	0	1140	3
12	0	1140	4
12	0	1140	5
12	0	1141	2
12	0	1141	3
12	0	1141	4
12	0	1141	5
12	0	1143	1
12	0	1143	2
12	0	1143	3
12	0	1144	1
12	0	1144	3
12	0	1144	4
12	0	1144	5
12	0	1145	1
12	0	1145	2
12	0	1145	3
12	0	1145	4
12	0	1145	5
12	0	1147	1
12	0	1147	2
12	0	1147	3
12	0	1147	4
12	0	1148	1
12	0	1148	2
12	0	1148	4
12	0	1149	1
12	0	1149	3
12	0	1150	1
12	0	1150	2
12	0	1150	3
12	0	1151	1
12	0	1151	2
12	0	1151	3
12	0	1152	1
12	0	1152	2
12	0	1153	1
12	0	1153	2
12	0	1153	3
12	0	1154	1
12	0	1154	2
12	0	1154	3
12	0	1155	1
12	0	1155	3
12	0	1159	1
12	0	1159	3
12	0	1159	4
12	0	1159	5
12	0	1160	1
12	0	1160	3
12	0	1161	1
12	0	1161	2
12	0	1161	3
12	0	1161	4
12	0	1161	5
12	0	1162	1
12	0	1162	2
12	0	1162	3
12	0	1163	1
12	0	1163	2
12	0	1163	3
12	0	1165	3
12	0	1165	4
12	0	1165	5
12	0	1166	1
12	0	1166	2
12	0	1166	3
12	0	1166	4
12	0	1167	1
12	0	1167	2
12	0	1167	3
12	0	1168	1
12	0	1168	2
12	0	1168	3
12	0	1170	1
12	0	1170	2
12	0	1170	3
12	0	1174	1
12	0	1174	2
12	0	1174	3
12	0	1177	2
12	0	1177	3
12	0	1177	5
12	0	1178	1
12	0	1178	2
12	0	1178	3
12	0	1178	4
12	0	1178	5
12	0	1179	3
12	0	1179	4
12	0	1180	1
12	0	1180	2
12	0	1180	3
12	0	1180	5
12	0	1181	1
12	0	1181	2
12	0	1181	3
12	0	1181	4
12	0	1181	5
12	0	1183	1
12	0	1183	2
12	0	1183	3
12	0	1183	4
12	0	1184	1
12	0	1184	2
12	0	1184	3
12	0	1185	1
12	0	1185	2
12	0	1185	4
12	0	1185	5
12	0	1186	1
12	0	1186	2
12	0	1186	3
12	0	1187	1
12	0	1187	2
12	0	1187	3
12	0	1187	4
12	0	1187	5
12	0	1188	1
12	0	1188	3
12	0	1189	1
12	0	1189	2
12	0	1189	3
12	0	1190	1
12	0	1190	2
12	0	1190	3
12	0	1190	4
12	0	1191	1
12	0	1191	2
12	0	1191	3
12	0	1191	4
12	0	1191	5
12	0	1192	1
12	0	1192	2
12	0	1192	3
12	0	1193	1
12	0	1193	2
12	0	1193	4
12	0	1194	1
12	0	1194	2
12	0	1194	3
12	0	1194	4
12	0	1195	1
12	0	1195	2
12	0	1195	3
12	0	1195	5
12	0	1196	1
12	0	1196	2
12	0	1196	4
12	0	1196	5
12	0	1197	1
12	0	1197	2
12	0	1197	3
12	0	1197	5
12	0	1198	2
12	0	1198	3
12	0	1199	1
12	0	1199	2
12	0	1199	3
12	0	1199	4
12	0	1199	5
12	0	1200	1
12	0	1200	2
12	0	1200	4
12	0	1200	5
12	0	1202	2
12	0	1202	3
12	0	1203	1
12	0	1203	2
12	0	1203	3
12	0	1204	1
12	0	1204	2
12	0	1204	3
12	0	1204	5
12	0	1205	1
12	0	1205	2
12	0	1205	3
12	0	1206	1
12	0	1206	2
12	0	1206	3
12	0	1206	4
12	0	1206	5
12	0	1207	1
12	0	1207	2
12	0	1207	4
12	0	1207	5
12	0	1208	1
12	0	1208	2
12	0	1208	3
12	0	1208	5
12	0	1209	1
12	0	1209	2
12	0	1209	3
12	0	1209	5
12	0	1210	1
12	0	1210	2
12	0	1210	3
12	0	1210	5
12	0	1211	1
12	0	1211	3
12	0	1212	2
12	0	1212	3
12	0	1212	5
12	0	1213	1
12	0	1213	2
12	0	1213	3
12	0	1213	5
12	0	1214	1
12	0	1214	2
12	0	1214	3
12	0	1215	1
12	0	1215	2
12	0	1215	3
12	0	1215	4
12	0	1215	5
12	0	1216	1
12	0	1216	2
12	0	1216	3
12	0	1216	5
12	0	1217	1
12	0	1217	2
12	0	1217	3
12	0	1217	5
12	0	1218	1
12	0	1218	2
12	0	1218	3
12	0	1218	5
12	0	1219	1
12	0	1219	2
12	0	1219	3
12	0	1219	5
12	0	1220	1
12	0	1220	2
12	0	1220	3
12	0	1220	4
12	0	1220	5
12	0	1221	1
12	0	1221	2
12	0	1221	3
12	0	1222	1
12	0	1222	2
12	0	1222	3
12	0	1222	4
12	0	1222	5
12	0	1223	1
12	0	1223	2
12	0	1223	4
12	0	1223	5
12	0	1224	3
12	0	1225	1
12	0	1225	2
12	0	1225	3
12	0	1225	5
12	0	1226	1
12	0	1226	2
12	0	1226	3
12	0	1226	4
12	0	1226	5
12	0	1227	1
12	0	1227	2
12	0	1227	3
12	0	1228	1
12	0	1228	2
12	0	1228	3
12	0	1228	5
12	0	1229	1
12	0	1229	2
12	0	1229	3
12	0	1231	1
12	0	1231	2
12	0	1231	3
12	0	1231	4
12	0	1231	5
12	0	1232	1
12	0	1232	2
12	0	1232	3
12	0	1233	1
12	0	1233	2
12	0	1233	3
12	0	1233	4
12	0	1234	1
12	0	1234	2
12	0	1234	3
12	0	1234	4
12	0	1234	5
12	0	1235	1
12	0	1235	2
12	0	1235	3
12	0	1236	1
12	0	1236	2
12	0	1236	3
12	0	1236	5
12	0	1237	1
12	0	1237	2
12	0	1237	5
12	0	1238	1
12	0	1238	2
12	0	1238	3
12	0	1241	1
12	0	1241	2
12	0	1241	3
12	0	1241	5
12	0	1243	1
12	0	1243	2
12	0	1243	3
12	0	1243	4
12	0	1243	5
12	0	1244	1
12	0	1244	2
12	0	1244	3
12	0	1244	4
12	0	1245	1
12	0	1245	2
12	0	1245	3
12	0	1246	1
12	0	1246	2
12	0	1246	3
12	0	1247	1
12	0	1247	2
12	0	1247	3
12	0	1247	5
12	0	1248	1
12	0	1248	2
12	0	1248	3
12	0	1248	4
12	0	1248	5
12	0	1249	1
12	0	1249	2
12	0	1249	4
12	0	1249	5
12	0	1250	1
12	0	1250	2
12	0	1250	3
12	0	1251	1
12	0	1251	2
12	0	1251	3
12	0	1252	1
12	0	1252	2
12	0	1252	3
12	0	1252	5
12	0	1253	1
12	0	1253	2
12	0	1253	3
12	0	1253	4
12	0	1254	2
12	0	1255	1
12	0	1255	3
12	0	1255	5
12	0	1256	1
12	0	1256	2
12	0	1256	3
12	0	1257	1
12	0	1257	2
12	0	1257	3
12	0	1257	4
12	0	1257	5
12	0	1258	1
12	0	1258	2
12	0	1258	3
12	0	1258	5
12	0	1259	1
12	0	1259	2
12	0	1259	3
12	0	1259	4
12	0	1259	5
12	0	1260	1
12	0	1260	3
12	0	1260	4
12	0	1261	1
12	0	1261	2
12	0	1261	3
12	0	1268	1
12	0	1268	2
12	0	1268	3
12	0	1269	1
12	0	1269	2
12	0	1269	3
12	0	1269	5
12	0	1270	1
12	0	1270	2
12	0	1270	3
12	0	1271	1
12	0	1271	2
12	0	1271	3
12	0	1272	1
12	0	1272	2
12	0	1272	3
12	0	1272	5
12	0	1273	1
12	0	1273	2
12	0	1273	3
12	0	1273	4
12	0	1274	2
12	0	1274	3
12	0	1274	5
12	0	1275	1
12	0	1275	2
12	0	1275	3
12	0	1275	4
12	0	1275	5
12	0	1277	1
12	0	1277	2
12	0	1277	3
12	0	1278	1
12	0	1278	2
12	0	1278	3
12	0	1278	4
12	0	1278	5
12	0	1279	1
12	0	1279	2
12	0	1279	3
12	0	1279	5
12	0	1282	1
12	0	1283	2
12	0	1283	3
12	0	1283	5
12	0	1284	1
12	0	1284	2
12	0	1284	3
12	0	1284	5
12	0	1285	1
12	0	1285	2
12	0	1285	3
12	0	1286	2
12	0	1286	3
12	0	1286	5
12	0	1287	1
12	0	1287	3
12	0	1287	5
12	0	1288	1
12	0	1288	2
12	0	1288	3
12	0	1289	1
12	0	1289	2
12	0	1289	3
12	0	1290	1
12	0	1290	3
12	0	1291	1
12	0	1291	2
12	0	1291	3
12	0	1291	4
12	0	1291	5
12	0	1293	1
12	0	1293	2
12	0	1293	3
12	0	1293	5
12	0	1294	1
12	0	1294	2
12	0	1294	3
12	0	1295	1
12	0	1295	2
12	0	1295	3
12	0	1295	4
12	0	1296	1
12	0	1296	2
12	0	1296	3
12	0	1297	1
12	0	1297	2
12	0	1297	3
12	0	1297	4
12	0	1299	1
12	0	1299	2
12	0	1299	3
12	0	1299	5
12	0	1300	1
12	0	1300	2
12	0	1300	3
12	0	1300	4
12	0	1300	5
12	0	1301	1
12	0	1301	4
12	0	1301	5
12	0	1302	1
12	0	1302	2
12	0	1302	3
12	0	1303	1
12	0	1303	2
12	0	1303	3
12	0	1303	4
12	0	1304	1
12	0	1304	2
12	0	1304	3
12	0	1304	4
12	0	1305	1
12	0	1305	2
12	0	1305	3
12	0	1307	1
12	0	1307	2
12	0	1307	3
12	0	1307	4
12	0	1308	1
12	0	1308	2
12	0	1308	3
12	0	1308	4
12	0	1308	5
12	0	1310	1
12	0	1310	2
12	0	1310	3
12	0	1311	1
12	0	1311	2
12	0	1311	3
12	0	1312	1
12	0	1312	2
12	0	1312	3
12	0	1312	4
12	0	1313	1
12	0	1313	2
12	0	1313	3
12	0	1313	4
12	0	1313	5
12	0	1314	1
12	0	1314	2
12	0	1314	3
12	0	1314	4
12	0	1314	5
12	0	1315	3
12	0	1315	4
12	0	1316	1
12	0	1316	2
12	0	1316	3
12	0	1318	1
12	0	1318	2
12	0	1318	3
12	0	1318	5
12	0	1319	1
12	0	1319	3
12	0	1319	4
12	0	1319	5
12	0	1320	1
12	0	1320	2
12	0	1320	3
12	0	1320	5
12	0	1321	1
12	0	1321	4
12	0	1322	1
12	0	1322	2
12	0	1322	3
12	0	1324	1
12	0	1324	2
12	0	1324	3
12	0	1324	4
12	0	1324	5
12	0	1325	1
12	0	1325	3
12	0	1326	1
12	0	1326	2
12	0	1326	3
12	0	1326	4
12	0	1327	1
12	0	1327	2
12	0	1327	3
12	0	1327	4
12	0	1328	1
12	0	1328	2
12	0	1328	3
12	0	1328	4
12	0	1329	2
12	0	1329	3
12	0	1330	1
12	0	1330	2
12	0	1330	3
12	0	1330	4
12	0	1331	1
12	0	1331	2
12	0	1331	3
12	0	1331	4
12	0	1331	5
12	0	1332	1
12	0	1332	2
12	0	1332	3
12	0	1332	5
12	0	1333	1
12	0	1333	2
12	0	1333	3
12	0	1333	4
12	0	1333	5
12	0	1334	1
12	0	1334	2
12	0	1334	3
12	0	1334	4
12	0	1334	5
12	0	1335	1
12	0	1335	2
12	0	1335	3
12	0	1336	1
12	0	1336	2
12	0	1336	3
12	0	1337	1
12	0	1337	2
12	0	1337	3
12	0	1337	4
12	0	1338	1
12	0	1338	2
12	0	1338	3
12	0	1338	5
12	0	1339	1
12	0	1339	2
12	0	1339	3
12	0	1340	1
12	0	1340	2
12	0	1340	3
12	0	1342	1
12	0	1342	2
12	0	1342	3
12	0	1343	1
12	0	1343	2
12	0	1343	3
12	0	1343	5
12	0	1344	1
12	0	1344	2
12	0	1344	3
12	0	1344	4
12	0	1345	1
12	0	1345	2
12	0	1345	3
12	0	1347	1
12	0	1347	2
12	0	1347	3
12	0	1347	4
12	0	1347	5
12	0	1348	2
12	0	1348	3
12	0	1348	4
12	0	1348	5
12	0	1349	1
12	0	1349	2
12	0	1349	3
12	0	1350	1
12	0	1350	2
12	0	1350	3
12	0	1351	1
12	0	1351	2
12	0	1351	3
12	0	1351	4
12	0	1352	1
12	0	1352	2
12	0	1352	3
12	0	1352	5
12	0	1353	1
12	0	1353	2
12	0	1353	3
12	0	1353	4
12	0	1353	5
12	0	1355	1
12	0	1355	2
12	0	1355	3
12	0	1356	2
12	0	1356	4
12	0	1357	1
12	0	1357	2
12	0	1357	3
12	0	1358	1
12	0	1358	2
12	0	1358	3
12	0	1358	4
12	0	1360	1
12	0	1360	2
12	0	1360	3
12	0	1361	1
12	0	1361	2
12	0	1361	3
12	0	1362	1
12	0	1362	2
12	0	1362	3
12	0	1363	1
12	0	1363	2
12	0	1363	3
12	0	1364	1
12	0	1364	2
12	0	1364	3
12	0	1365	1
12	0	1365	2
12	0	1365	3
12	0	1365	4
12	0	1366	1
12	0	1366	2
12	0	1366	3
12	0	1366	5
12	0	1367	2
12	0	1367	3
12	0	1368	1
12	0	1368	2
12	0	1368	3
12	0	1369	1
12	0	1369	3
12	0	1370	1
12	0	1370	2
12	0	1370	3
12	0	1371	1
12	0	1371	2
12	0	1371	3
12	0	1372	2
12	0	1372	3
12	0	1373	1
12	0	1373	2
12	0	1373	3
12	0	1374	1
12	0	1374	2
12	0	1374	3
12	0	1375	1
12	0	1375	2
12	0	1375	3
12	0	1377	1
12	0	1377	2
12	0	1377	3
12	0	1377	4
12	0	1377	5
12	0	1378	1
12	0	1378	2
12	0	1378	3
12	0	1378	5
12	0	1379	1
12	0	1379	2
12	0	1379	3
12	0	1379	4
12	0	1379	5
12	0	1380	1
12	0	1380	2
12	0	1380	3
12	0	1380	4
12	0	1380	5
12	0	1381	2
12	0	1381	3
12	0	1381	4
12	0	1381	5
12	0	1382	1
12	0	1382	3
12	0	1382	5
12	0	1383	1
12	0	1383	2
12	0	1383	3
12	0	1386	1
12	0	1386	2
12	0	1386	3
12	0	1386	4
12	0	1387	1
12	0	1387	2
12	0	1387	3
12	0	1388	1
12	0	1388	2
12	0	1388	3
12	0	1389	1
12	0	1389	2
12	0	1389	3
12	0	1390	1
12	0	1390	2
12	0	1390	3
12	0	1390	4
12	0	1391	1
12	0	1391	2
12	0	1391	3
12	0	1391	5
12	0	1392	1
12	0	1392	2
12	0	1392	3
12	0	1392	5
12	0	1393	1
12	0	1393	2
12	0	1393	3
12	0	1393	5
12	0	1394	1
12	0	1394	2
12	0	1394	4
12	0	1394	5
12	0	1395	1
12	0	1395	2
12	0	1395	3
12	0	1395	4
12	0	1395	5
12	0	1396	1
12	0	1396	2
12	0	1396	3
12	0	1397	1
12	0	1397	2
12	0	1397	3
12	0	1398	1
12	0	1398	2
12	0	1398	3
12	0	1399	1
12	0	1399	2
12	0	1399	3
12	0	1400	1
12	0	1400	2
12	0	1400	3
12	0	1400	5
12	0	1402	1
12	0	1402	2
12	0	1402	3
12	0	1403	1
12	0	1403	2
12	0	1403	3
12	0	1405	1
12	0	1405	2
12	0	1405	3
12	0	1407	1
12	0	1407	3
12	0	1408	1
12	0	1408	2
12	0	1408	3
12	0	1408	4
12	0	1408	5
12	0	1409	1
12	0	1409	2
12	0	1409	3
12	0	1409	5
12	0	1410	1
12	0	1410	2
12	0	1410	3
12	0	1410	4
12	0	1411	1
12	0	1411	2
12	0	1411	3
12	0	1411	5
12	0	1413	1
12	0	1413	2
12	0	1413	3
12	0	1414	1
12	0	1414	2
12	0	1414	3
12	0	1414	4
12	0	1415	1
12	0	1415	2
12	0	1415	3
12	0	1415	4
12	0	1415	5
12	0	1416	1
12	0	1416	2
12	0	1416	3
12	0	1417	1
12	0	1417	2
12	0	1417	3
12	0	1419	1
12	0	1419	2
12	0	1419	3
12	0	1420	1
12	0	1420	2
12	0	1420	3
12	0	1420	4
12	0	1420	5
12	0	1421	1
12	0	1421	2
12	0	1421	3
12	0	1422	1
12	0	1422	2
12	0	1422	3
12	0	1422	5
12	0	1423	1
12	0	1424	1
12	0	1424	2
12	0	1424	3
12	0	1425	1
12	0	1425	2
12	0	1425	3
12	0	1426	1
12	0	1426	2
12	0	1426	3
12	0	1426	4
12	0	1427	1
12	0	1427	2
12	0	1427	3
12	0	1427	4
12	0	1427	5
12	0	1428	2
12	0	1428	3
12	0	1428	4
12	0	1430	1
12	0	1430	2
12	0	1430	3
12	0	1431	1
12	0	1431	2
12	0	1431	3
12	0	1432	3
12	0	1432	4
12	0	1432	5
12	0	1434	1
12	0	1434	2
12	0	1434	3
12	0	1434	4
12	0	1435	1
12	0	1435	2
12	0	1435	3
12	0	1435	4
12	0	1435	5
12	0	1436	1
12	0	1436	2
12	0	1436	3
12	0	1436	5
12	0	1437	1
12	0	1437	2
12	0	1437	3
12	0	1438	1
12	0	1438	2
12	0	1438	3
12	0	1439	1
12	0	1439	2
12	0	1439	3
12	0	1439	5
12	0	1440	1
12	0	1440	2
12	0	1440	3
12	0	1440	4
12	0	1440	5
12	0	1441	1
12	0	1441	2
12	0	1441	3
12	0	1441	5
12	0	1442	2
12	0	1442	3
12	0	1443	1
12	0	1443	2
12	0	1443	3
12	0	1443	4
12	0	1444	1
12	0	1444	2
12	0	1444	3
12	0	1445	1
12	0	1445	2
12	0	1445	3
12	0	1446	1
12	0	1446	2
12	0	1446	3
12	0	1446	4
12	0	1446	5
12	0	1447	1
12	0	1447	2
12	0	1447	3
12	0	1448	1
12	0	1448	2
12	0	1448	3
12	0	1449	1
12	0	1449	2
12	0	1449	3
12	0	1449	5
12	0	1450	1
12	0	1450	2
12	0	1450	3
12	0	1450	4
12	0	1450	5
12	0	1451	1
12	0	1451	2
12	0	1451	3
12	0	1451	4
12	0	1451	5
12	0	1452	2
12	0	1452	3
12	0	1453	1
12	0	1453	2
12	0	1453	3
12	0	1454	1
12	0	1454	2
12	0	1454	3
12	0	1455	1
12	0	1455	2
12	0	1455	3
12	0	1455	4
12	0	1455	5
12	0	1456	1
12	0	1456	2
12	0	1456	3
12	0	1456	4
12	0	1457	1
12	0	1457	2
12	0	1457	3
12	0	1458	1
12	0	1458	2
12	0	1458	3
12	0	1459	1
12	0	1459	2
12	0	1459	3
12	0	1460	1
12	0	1460	2
12	0	1460	3
12	0	1460	5
12	0	1461	1
12	0	1461	2
12	0	1461	3
12	0	1462	1
12	0	1462	2
12	0	1462	3
12	0	1463	1
12	0	1463	4
12	0	1463	5
12	0	1464	1
12	0	1464	4
12	0	1465	3
12	0	1466	1
12	0	1466	2
12	0	1466	3
12	0	1466	4
12	0	1466	5
12	0	1467	2
12	0	1467	3
12	0	1467	4
12	0	1468	1
12	0	1468	2
12	0	1468	3
12	0	1468	4
12	0	1468	5
12	0	1469	1
12	0	1469	2
12	0	1469	3
12	0	1469	5
12	0	1470	1
12	0	1470	2
12	0	1470	3
12	0	1470	4
12	0	1470	5
12	0	1471	1
12	0	1471	2
12	0	1471	3
12	0	1471	4
12	0	1471	5
12	0	1472	1
12	0	1472	2
12	0	1472	3
12	0	1475	1
12	0	1475	2
12	0	1475	3
12	0	1477	1
12	0	1477	2
12	0	1477	3
12	0	1477	4
12	0	1478	1
12	0	1478	2
12	0	1478	3
12	0	1478	4
12	0	1479	1
12	0	1479	2
12	0	1479	3
12	0	1480	1
12	0	1480	2
12	0	1480	3
12	0	1480	4
12	0	1480	5
12	0	1481	1
12	0	1481	2
12	0	1481	3
12	0	1481	4
12	0	1481	5
12	0	1482	1
12	0	1482	2
12	0	1482	3
12	0	1482	5
12	0	1483	1
12	0	1483	2
12	0	1483	3
12	0	1484	1
12	0	1484	2
12	0	1484	3
12	0	1486	2
12	0	1486	3
12	0	1486	4
12	0	1486	5
12	0	1487	1
12	0	1487	2
12	0	1487	3
12	0	1487	5
12	0	1488	1
12	0	1488	2
12	0	1488	3
12	0	1488	4
12	0	1489	1
12	0	1489	2
12	0	1489	3
12	0	1489	4
12	0	1491	1
12	0	1491	2
12	0	1491	3
12	0	1491	5
12	0	1492	1
12	0	1492	2
12	0	1492	3
12	0	1492	4
12	0	1492	5
12	0	1493	2
12	0	1493	3
12	0	1494	2
12	0	1494	3
12	0	1495	1
12	0	1495	3
12	0	1496	1
12	0	1496	2
12	0	1496	3
12	0	1497	1
12	0	1497	2
12	0	1497	3
12	0	1497	4
12	0	1497	5
12	0	1498	1
12	0	1498	4
12	0	1499	1
12	0	1499	2
12	0	1499	3
12	0	1499	4
12	0	1499	5
12	0	1500	2
12	0	1500	3
12	0	1500	5
12	0	1501	1
12	0	1501	2
12	0	1501	3
12	0	1502	1
12	0	1502	2
12	0	1502	3
12	0	1502	4
12	0	1503	1
12	0	1503	2
12	0	1503	3
12	0	1503	5
12	0	1504	1
12	0	1504	2
12	0	1504	3
12	0	1504	5
12	0	1505	1
12	0	1505	2
12	0	1505	3
12	0	1506	1
12	0	1506	2
12	0	1506	3
12	0	1506	4
12	0	1506	5
12	0	1507	1
12	0	1507	2
12	0	1507	3
12	0	1507	4
12	0	1507	5
12	0	1508	1
12	0	1508	2
12	0	1508	3
12	0	1509	1
12	0	1509	2
12	0	1509	3
12	0	1509	5
12	0	1510	1
12	0	1510	2
12	0	1510	3
12	0	1510	5
12	0	1511	2
12	0	1511	3
12	0	1512	1
12	0	1512	2
12	0	1512	3
12	0	1512	5
12	0	1513	1
12	0	1513	2
12	0	1513	3
12	0	1513	4
12	0	1513	5
12	0	1515	1
12	0	1515	2
12	0	1515	3
12	0	1515	4
12	0	1517	1
12	0	1517	2
12	0	1517	3
12	0	1517	5
12	0	1519	1
12	0	1519	2
12	0	1519	3
12	0	1520	1
12	0	1520	2
12	0	1520	3
12	0	1522	1
12	0	1522	2
12	0	1522	3
12	0	1522	5
12	0	1523	1
12	0	1523	2
12	0	1523	3
12	0	1523	5
12	0	1524	1
12	0	1524	2
12	0	1524	3
12	0	1524	5
12	0	1525	1
12	0	1525	2
12	0	1525	3
12	0	1525	4
12	0	1525	5
12	0	1526	2
12	0	1526	3
12	0	1527	1
12	0	1527	2
12	0	1527	3
12	0	1531	1
12	0	1531	2
12	0	1531	3
12	0	1531	5
12	0	1532	1
12	0	1532	2
12	0	1532	3
12	0	1533	1
12	0	1533	2
12	0	1533	3
12	0	1533	4
12	0	1534	1
12	0	1534	2
12	0	1534	3
12	0	1534	4
12	0	1534	5
12	0	1535	1
12	0	1535	2
12	0	1535	3
12	0	1535	4
12	0	1536	1
12	0	1536	2
12	0	1536	4
12	0	1537	1
12	0	1537	2
12	0	1537	3
12	0	1538	5
12	0	1539	2
12	0	1539	3
12	0	1539	5
12	0	1540	1
12	0	1540	2
12	0	1540	3
12	0	1540	4
12	0	1541	1
12	0	1541	2
12	0	1541	3
12	0	1542	1
12	0	1542	2
12	0	1542	3
12	0	1543	1
12	0	1543	2
12	0	1543	3
12	0	1544	1
12	0	1544	2
12	0	1544	5
12	0	1545	1
12	0	1545	2
12	0	1546	1
12	0	1546	2
12	0	1546	3
12	0	1546	4
12	0	1547	2
12	0	1547	3
12	0	1548	1
12	0	1548	2
12	0	1549	1
12	0	1549	2
12	0	1549	3
12	0	1550	1
12	0	1550	3
12	0	1551	1
12	0	1551	3
12	0	1552	1
12	0	1552	2
12	0	1552	3
12	0	1552	5
12	0	1553	1
12	0	1553	2
12	0	1553	3
12	0	1554	1
12	0	1554	2
12	0	1554	3
12	0	1555	1
12	0	1555	3
12	0	1555	5
12	0	1556	5
12	0	1557	1
12	0	1557	2
12	0	1557	3
12	0	1557	5
12	0	1558	1
12	0	1558	2
12	0	1558	3
12	0	1558	4
12	0	1558	5
12	0	1559	1
12	0	1559	2
12	0	1559	3
12	0	1560	1
12	0	1560	2
12	0	1560	3
12	0	1562	1
12	0	1562	2
12	0	1562	3
12	0	1563	1
12	0	1563	3
12	0	1565	2
12	0	1565	3
12	0	1566	1
12	0	1566	2
12	0	1566	3
12	0	1567	1
12	0	1567	2
12	0	1567	3
12	0	1567	5
12	0	1568	1
12	0	1568	2
12	0	1568	3
12	0	1569	1
12	0	1569	2
12	0	1569	3
12	0	1570	1
12	0	1570	2
12	0	1570	3
12	0	1570	4
12	0	1570	5
12	0	1572	1
12	0	1572	2
12	0	1572	3
12	0	1572	4
12	0	1572	5
12	0	1573	1
12	0	1573	2
12	0	1573	3
12	0	1574	2
12	0	1574	5
12	0	1575	3
12	0	1575	4
12	0	1575	5
12	0	1576	1
12	0	1576	2
12	0	1576	3
12	0	1577	1
12	0	1577	2
12	0	1577	3
12	0	1577	4
12	0	1578	1
12	0	1578	3
12	0	1578	4
12	0	1578	5
12	0	1579	1
12	0	1579	2
12	0	1579	3
12	0	1579	5
12	0	1581	1
12	0	1581	2
12	0	1581	3
12	0	1582	1
12	0	1582	2
12	0	1582	3
12	0	1583	1
12	0	1583	2
12	0	1583	3
12	0	1584	1
12	0	1584	2
12	0	1584	3
12	0	1584	4
12	0	1584	5
12	0	1585	1
12	0	1585	2
12	0	1585	3
12	0	1586	1
12	0	1586	2
12	0	1586	3
12	0	1587	1
12	0	1587	2
12	0	1588	2
12	0	1588	3
12	0	1588	4
12	0	1588	5
12	0	1589	1
12	0	1589	2
12	0	1589	3
12	0	1590	1
12	0	1590	2
12	0	1590	3
12	0	1590	5
12	0	1591	1
12	0	1591	2
12	0	1591	3
12	0	1592	1
12	0	1592	2
12	0	1592	3
12	0	1593	3
12	0	1593	5
12	0	1594	1
12	0	1594	2
12	0	1594	3
12	0	1594	5
12	0	1595	1
12	0	1595	2
12	0	1595	3
12	0	1596	1
12	0	1596	2
12	0	1596	3
12	0	1597	1
12	0	1597	2
12	0	1597	3
12	0	1598	1
12	0	1598	2
12	0	1598	3
12	0	1598	4
12	0	1598	5
12	0	1599	1
12	0	1599	2
12	0	1599	3
12	0	1599	4
12	0	1601	1
12	0	1601	2
12	0	1601	3
12	0	1602	1
12	0	1602	3
12	0	1603	1
12	0	1603	2
12	0	1603	3
12	0	1605	1
12	0	1605	2
12	0	1605	5
12	0	1606	1
12	0	1606	2
12	0	1606	3
12	0	1606	4
12	0	1606	5
12	0	1607	1
12	0	1607	2
12	0	1607	3
12	0	1607	4
12	0	1608	1
12	0	1608	2
12	0	1608	3
12	0	1608	5
12	0	1609	2
12	0	1609	3
12	0	1610	1
12	0	1610	2
12	0	1610	3
12	0	1611	1
12	0	1611	2
12	0	1611	3
12	0	1612	1
12	0	1612	2
12	0	1612	3
12	0	1612	4
12	0	1612	5
12	0	1613	1
12	0	1613	2
12	0	1613	3
12	0	1613	5
12	0	1614	1
12	0	1614	2
12	0	1614	3
12	0	1614	5
12	0	1615	1
12	0	1615	2
12	0	1615	3
12	0	1616	1
12	0	1616	2
12	0	1616	3
12	0	1616	4
12	0	1616	5
12	0	1618	1
12	0	1618	2
12	0	1618	3
12	0	1618	4
12	0	1619	1
12	0	1619	2
12	0	1619	3
12	0	1619	5
12	0	1620	1
12	0	1620	5
12	0	1621	1
12	0	1621	2
12	0	1621	3
12	0	1622	1
12	0	1622	2
12	0	1622	3
12	0	1623	1
12	0	1623	2
12	0	1623	3
12	0	1624	3
12	0	1624	5
12	0	1625	1
12	0	1625	2
12	0	1625	3
12	0	1626	1
12	0	1626	2
12	0	1626	3
12	0	1627	1
12	0	1627	2
12	0	1627	3
12	0	1629	1
12	0	1629	2
12	0	1629	3
12	0	1629	4
12	0	1629	5
12	0	1631	1
12	0	1631	2
12	0	1631	3
12	0	1631	4
12	0	1632	1
12	0	1632	2
12	0	1632	3
12	0	1632	4
12	0	1633	1
12	0	1633	2
12	0	1633	3
12	0	1634	2
12	0	1634	3
12	0	1634	4
12	0	1636	1
12	0	1636	2
12	0	1636	3
12	0	1637	1
12	0	1637	2
12	0	1637	3
12	0	1638	3
12	0	1639	1
12	0	1639	2
12	0	1639	3
12	0	1639	5
12	0	1640	1
12	0	1640	2
12	0	1640	3
12	0	1640	4
12	0	1640	5
12	0	1641	1
12	0	1641	2
12	0	1641	3
12	0	1641	5
12	0	1642	1
12	0	1642	2
12	0	1642	3
12	0	1642	4
12	0	1642	5
12	0	1643	1
12	0	1643	2
12	0	1643	3
12	0	1643	4
12	0	1646	2
12	0	1646	4
12	0	1646	5
12	0	1647	1
12	0	1647	2
12	0	1647	3
12	0	1648	1
12	0	1648	2
12	0	1648	3
12	0	1649	2
12	0	1649	3
12	0	1649	4
12	0	1649	5
12	0	1650	3
12	0	1650	5
12	0	1651	1
12	0	1651	2
12	0	1651	3
12	0	1651	4
12	0	1651	5
12	0	1652	1
12	0	1652	2
12	0	1652	3
12	0	1652	4
12	0	1653	1
12	0	1653	2
12	0	1653	3
12	0	1654	2
12	0	1654	3
12	0	1655	1
12	0	1655	3
12	0	1655	5
12	0	1657	1
12	0	1657	2
12	0	1657	3
12	0	1657	4
12	0	1658	1
12	0	1658	2
12	0	1658	3
12	0	1659	1
12	0	1659	2
12	0	1659	3
12	0	1660	1
12	0	1660	2
12	0	1660	3
12	0	1660	4
12	0	1660	5
12	0	1661	1
12	0	1661	2
12	0	1661	3
12	0	1662	1
12	0	1662	2
12	0	1662	3
12	0	1663	1
12	0	1663	2
12	0	1663	3
12	0	1663	4
12	0	1664	1
12	0	1664	2
12	0	1664	3
12	0	1664	5
12	0	1665	1
12	0	1665	2
12	0	1665	3
12	0	1665	4
12	0	1665	5
12	0	1666	1
12	0	1666	2
12	0	1666	3
12	0	1667	1
12	0	1667	2
12	0	1667	3
12	0	1668	1
12	0	1668	2
12	0	1668	3
12	0	1669	4
12	0	1669	5
12	0	1670	1
12	0	1670	2
12	0	1670	3
12	0	1671	1
12	0	1671	2
12	0	1671	3
12	0	1671	4
12	0	1671	5
12	0	1672	1
12	0	1672	2
12	0	1672	3
12	0	1673	1
12	0	1673	2
12	0	1673	3
12	0	1673	5
12	0	1675	1
12	0	1675	2
12	0	1675	3
12	0	1675	4
12	0	1675	5
12	0	1676	1
12	0	1676	2
12	0	1676	3
12	0	1676	5
12	0	1677	1
12	0	1677	2
12	0	1677	3
12	0	1678	1
12	0	1678	2
12	0	1678	3
12	0	1679	1
12	0	1679	2
12	0	1679	3
12	0	1680	2
12	0	1680	3
12	0	1680	5
12	0	1681	2
12	0	1681	3
12	0	1681	5
12	0	1682	3
12	0	1682	4
12	0	1682	5
12	0	1684	1
12	0	1684	2
12	0	1684	3
12	0	1684	5
12	0	1685	1
12	0	1685	2
12	0	1685	3
12	0	1685	4
12	0	1685	5
12	0	1686	1
12	0	1686	2
12	0	1686	3
12	0	1686	5
12	0	1687	1
12	0	1687	2
12	0	1687	3
12	0	1687	5
12	0	1688	2
12	0	1688	3
12	0	1689	1
12	0	1689	2
12	0	1689	3
12	0	1689	4
12	0	1690	1
12	0	1690	2
12	0	1690	3
12	0	1690	4
12	0	1690	5
12	0	1691	1
12	0	1691	2
12	0	1691	3
12	0	1691	5
12	0	1692	1
12	0	1692	2
12	0	1692	3
12	0	1694	1
12	0	1694	2
12	0	1694	3
12	0	1695	1
12	0	1695	2
12	0	1695	3
12	0	1696	1
12	0	1696	2
12	0	1696	3
12	0	1697	3
12	0	1697	4
12	0	1698	1
12	0	1698	2
12	0	1698	3
12	0	1700	1
12	0	1700	2
12	0	1700	3
12	0	1700	4
12	0	1701	1
12	0	1701	2
12	0	1701	3
12	0	1701	4
12	0	1702	1
12	0	1702	2
12	0	1702	3
12	0	1704	1
12	0	1704	2
12	0	1704	3
12	0	1704	5
12	0	1705	1
12	0	1705	2
12	0	1705	3
12	0	1705	4
12	0	1705	5
12	0	1706	1
12	0	1706	2
12	0	1706	3
12	0	1707	1
12	0	1707	2
12	0	1707	3
12	0	1709	1
12	0	1709	2
12	0	1709	3
12	0	1710	2
12	0	1710	3
12	0	1710	5
12	0	1711	1
12	0	1711	2
12	0	1711	3
12	0	1711	4
12	0	1711	5
12	0	1714	1
12	0	1714	2
12	0	1714	3
12	0	1714	4
12	0	1714	5
12	0	1715	1
12	0	1715	2
12	0	1715	3
12	0	1716	1
12	0	1716	2
12	0	1716	3
12	0	1718	1
12	0	1718	3
12	0	1718	4
12	0	1718	5
12	0	1719	1
12	0	1719	2
12	0	1719	3
12	0	1719	4
12	0	1720	1
12	0	1720	2
12	0	1720	3
12	0	1720	5
12	0	1721	1
12	0	1721	2
12	0	1721	3
12	0	1721	4
12	0	1722	1
12	0	1722	2
12	0	1722	3
12	0	1723	1
12	0	1723	2
12	0	1723	3
12	0	1723	5
12	0	1724	1
12	0	1724	2
12	0	1724	3
12	0	1725	3
12	0	1726	1
12	0	1726	2
12	0	1727	1
12	0	1727	2
12	0	1727	3
12	0	1728	1
12	0	1728	2
12	0	1728	3
12	0	1728	4
12	0	1728	5
12	0	1729	1
12	0	1729	3
12	0	1729	4
12	0	1731	1
12	0	1731	2
12	0	1731	3
12	0	1731	4
12	0	1732	3
12	0	1733	1
12	0	1733	2
12	0	1733	3
12	0	1733	4
12	0	1733	5
12	0	1734	1
12	0	1734	2
12	0	1734	3
12	0	1735	1
12	0	1735	2
12	0	1735	3
12	0	1735	4
12	0	1735	5
12	0	1736	1
12	0	1736	2
12	0	1736	3
12	0	1737	1
12	0	1737	2
12	0	1737	3
12	0	1737	4
12	0	1738	1
12	0	1738	2
12	0	1738	3
12	0	1738	4
12	0	1741	1
12	0	1741	2
12	0	1741	3
12	0	1741	4
12	0	1741	5
12	0	1742	1
12	0	1742	2
12	0	1742	3
12	0	1742	4
12	0	1742	5
12	0	1743	1
12	0	1743	2
12	0	1743	3
12	0	1743	4
12	0	1743	5
12	0	1744	1
12	0	1744	2
12	0	1744	3
12	0	1744	5
12	0	1745	1
12	0	1745	2
12	0	1745	3
12	0	1745	4
12	0	1745	5
12	0	1746	1
12	0	1746	2
12	0	1746	3
12	0	1747	1
12	0	1747	2
12	0	1747	3
12	0	1748	1
12	0	1748	2
12	0	1748	3
12	0	1748	5
12	0	1749	1
12	0	1749	2
12	0	1749	3
12	0	1749	5
12	0	1750	1
12	0	1750	2
12	0	1750	3
12	0	1751	1
12	0	1751	2
12	0	1751	3
12	0	1751	5
12	0	1752	1
12	0	1752	2
12	0	1752	5
12	0	1753	1
12	0	1753	2
12	0	1753	3
12	0	1753	5
12	0	1754	1
12	0	1754	2
12	0	1754	3
12	0	1754	4
12	0	1754	5
12	0	1755	1
12	0	1755	2
12	0	1755	3
12	0	1756	1
12	0	1756	2
12	0	1756	3
12	0	1757	1
12	0	1757	2
12	0	1757	3
12	0	1757	4
12	0	1758	1
12	0	1758	2
12	0	1758	3
12	0	1759	1
12	0	1759	2
12	0	1759	3
12	0	1759	5
12	0	1761	1
12	0	1761	2
12	0	1761	3
12	0	1762	1
12	0	1762	2
12	0	1762	3
12	0	1764	1
12	0	1764	2
12	0	1764	3
12	0	1764	4
12	0	1764	5
12	0	1765	1
12	0	1765	2
12	0	1765	3
12	0	1765	4
12	0	1766	1
12	0	1766	2
12	0	1766	3
12	0	1767	1
12	0	1767	2
12	0	1767	3
12	0	1767	4
12	0	1768	1
12	0	1768	2
12	0	1768	3
12	0	1768	5
12	0	1769	1
12	0	1769	2
12	0	1769	3
12	0	1769	4
12	0	1770	1
12	0	1770	2
12	0	1770	3
12	0	1770	4
12	0	1771	1
12	0	1771	2
12	0	1771	3
12	0	1771	4
12	0	1771	5
12	0	1772	1
12	0	1772	2
12	0	1772	3
12	0	1773	1
12	0	1773	2
12	0	1773	3
12	0	1774	1
12	0	1774	2
12	0	1774	3
12	0	1775	1
12	0	1775	2
12	0	1775	3
12	0	1776	1
12	0	1776	2
12	0	1776	3
12	0	1776	4
12	0	1776	5
12	0	1777	1
12	0	1777	2
12	0	1777	3
12	0	1777	4
12	0	1777	5
12	0	1778	1
12	0	1778	2
12	0	1778	3
12	0	1779	1
12	0	1779	2
12	0	1779	3
12	0	1780	1
12	0	1780	2
12	0	1780	3
12	0	1780	5
12	0	1781	1
12	0	1781	2
12	0	1781	3
12	0	1781	5
12	0	1783	1
12	0	1783	2
12	0	1783	3
12	0	1783	4
12	0	1785	1
12	0	1785	2
12	0	1785	3
12	0	1785	4
12	0	1786	1
12	0	1786	2
12	0	1786	3
12	0	1787	1
12	0	1787	2
12	0	1787	3
12	0	1788	1
12	0	1788	2
12	0	1788	3
12	0	1789	1
12	0	1789	2
12	0	1789	3
12	0	1790	1
12	0	1790	2
12	0	1790	3
12	0	1791	1
12	0	1791	2
12	0	1791	3
12	0	1792	1
12	0	1792	2
12	0	1792	3
12	0	1792	4
12	0	1793	2
12	0	1793	3
12	0	1793	5
12	0	1794	1
12	0	1794	2
12	0	1794	3
12	0	1794	4
12	0	1794	5
12	0	1795	1
12	0	1795	2
12	0	1795	3
12	0	1795	4
12	0	1796	1
12	0	1796	2
12	0	1796	3
12	0	1796	4
12	0	1796	5
12	0	1798	4
12	0	1798	5
12	0	1799	1
12	0	1799	2
12	0	1799	3
12	0	1800	3
12	0	1800	4
12	0	1800	5
12	0	1801	1
12	0	1801	2
12	0	1801	3
12	0	1802	1
12	0	1802	3
12	0	1802	4
12	0	1802	5
12	0	1803	1
12	0	1803	2
12	0	1803	3
12	0	1803	4
12	0	1805	1
12	0	1805	2
12	0	1805	3
12	0	1806	1
12	0	1806	2
12	0	1806	3
12	0	1806	4
12	0	1808	1
12	0	1808	2
12	0	1808	3
12	0	1809	1
12	0	1809	2
12	0	1809	3
12	0	1809	5
12	0	1810	1
12	0	1810	2
12	0	1810	3
12	0	1811	1
12	0	1811	2
12	0	1811	3
12	0	1811	4
12	0	1811	5
12	0	1812	1
12	0	1812	2
12	0	1812	3
12	0	1813	1
12	0	1813	2
12	0	1813	3
12	0	1814	1
12	0	1814	2
12	0	1814	3
12	0	1814	4
12	0	1815	1
12	0	1815	2
12	0	1815	3
12	0	1817	1
12	0	1817	2
12	0	1817	3
12	0	1818	2
12	0	1818	3
12	0	1818	5
12	0	1820	1
12	0	1820	2
12	0	1820	3
12	0	1820	5
12	0	1821	1
12	0	1821	2
12	0	1821	3
12	0	1824	1
12	0	1824	2
12	0	1824	3
12	0	1824	5
12	0	1826	1
12	0	1826	2
12	0	1826	3
12	0	1827	3
12	0	1827	4
12	0	1827	5
12	0	1829	1
12	0	1829	2
12	0	1829	3
12	0	1829	5
12	0	1831	1
12	0	1831	2
12	0	1831	3
12	0	1831	4
12	0	1831	5
12	0	1832	2
12	0	1832	3
12	0	1833	1
12	0	1833	2
12	0	1833	3
12	0	1833	4
12	0	1834	1
12	0	1834	2
12	0	1834	3
12	0	1834	5
12	0	1835	1
12	0	1835	2
12	0	1835	3
12	0	1836	1
12	0	1836	2
12	0	1836	3
12	0	1836	4
12	0	1837	1
12	0	1837	2
12	0	1837	3
12	0	1837	5
12	0	1838	1
12	0	1838	2
12	0	1838	3
12	0	1838	4
12	0	1839	1
12	0	1839	2
12	0	1839	3
12	0	1839	4
12	0	1840	3
12	0	1840	5
12	0	1841	1
12	0	1841	2
12	0	1841	3
12	0	1841	4
12	0	1842	1
12	0	1842	2
12	0	1842	3
12	0	1842	4
12	0	1842	5
12	0	1843	1
12	0	1843	2
12	0	1843	3
12	0	1843	5
12	0	1844	1
12	0	1844	2
12	0	1844	3
12	0	1844	4
12	0	1845	1
12	0	1845	2
12	0	1845	3
12	0	1845	5
12	0	1848	1
12	0	1848	2
12	0	1848	3
12	0	1848	5
12	0	1849	1
12	0	1849	2
12	0	1849	3
12	0	1850	2
12	0	1850	3
12	0	1850	4
12	0	1850	5
12	0	1852	1
12	0	1852	2
12	0	1852	3
12	0	1852	4
12	0	1853	1
12	0	1853	2
12	0	1853	3
12	0	1853	4
12	0	1854	1
12	0	1854	2
12	0	1854	3
12	0	1854	4
12	0	1856	1
12	0	1856	2
12	0	1856	3
12	0	1857	5
12	0	1858	1
12	0	1858	2
12	0	1858	3
12	0	1859	1
12	0	1859	2
12	0	1859	3
12	0	1859	5
12	0	1861	1
12	0	1861	2
12	0	1861	3
12	0	1861	4
12	0	1862	1
12	0	1862	3
12	0	1863	1
12	0	1863	2
12	0	1863	3
12	0	1864	1
12	0	1864	2
12	0	1864	3
12	0	1864	4
12	0	1866	1
12	0	1866	2
12	0	1866	3
12	0	1867	1
12	0	1867	2
12	0	1867	3
12	0	1869	1
12	0	1869	2
12	0	1869	3
12	0	1870	1
12	0	1870	2
12	0	1870	3
12	0	1870	4
12	0	1870	5
12	0	1871	1
12	0	1871	2
12	0	1871	3
12	0	1871	4
12	0	1871	5
12	0	1872	1
12	0	1872	2
12	0	1872	3
12	0	1872	4
12	0	1873	1
12	0	1873	2
12	0	1873	3
12	0	1873	5
12	0	1874	1
12	0	1874	2
12	0	1874	3
12	0	1875	1
12	0	1875	2
12	0	1875	3
12	0	1876	1
12	0	1876	3
12	0	1876	4
12	0	1876	5
12	0	1877	1
12	0	1877	2
12	0	1877	3
12	0	1878	1
12	0	1878	2
12	0	1878	3
12	0	1879	1
12	0	1879	2
12	0	1879	3
12	0	1880	1
12	0	1880	2
12	0	1880	3
12	0	1881	1
12	0	1881	2
12	0	1881	3
12	0	1883	1
12	0	1883	2
12	0	1883	3
12	0	1884	1
12	0	1885	1
12	0	1885	2
12	0	1885	3
12	0	1885	4
12	0	1885	5
12	0	1886	1
12	0	1886	2
12	0	1886	3
12	0	1887	1
12	0	1887	2
12	0	1887	3
12	0	1888	1
12	0	1888	2
12	0	1888	3
12	0	1888	4
12	0	1889	1
12	0	1889	2
12	0	1889	3
12	0	1889	4
12	0	1890	1
12	0	1890	2
12	0	1890	3
12	0	1891	1
12	0	1891	2
12	0	1891	3
12	0	1892	1
12	0	1892	2
12	0	1892	3
12	0	1892	4
12	0	1892	5
12	0	1893	1
12	0	1893	2
12	0	1893	3
12	0	1893	4
12	0	1893	5
12	0	1894	1
12	0	1894	2
12	0	1894	3
12	0	1895	2
12	0	1895	3
12	0	1895	4
12	0	1895	5
12	0	1896	1
12	0	1896	2
12	0	1896	3
12	0	1898	1
12	0	1898	2
12	0	1898	3
12	0	1898	4
12	0	1898	5
12	0	1900	1
12	0	1900	2
12	0	1900	3
12	0	1901	1
12	0	1901	2
12	0	1901	3
12	0	1901	5
12	0	1903	1
12	0	1903	2
12	0	1903	3
12	0	1904	1
12	0	1904	2
12	0	1904	3
12	0	1904	5
12	0	1906	1
12	0	1906	2
12	0	1906	3
12	0	1907	1
12	0	1907	2
12	0	1907	3
12	0	1908	1
12	0	1908	2
12	0	1908	3
12	0	1909	1
12	0	1909	2
12	0	1909	3
12	0	1909	5
12	0	1910	1
12	0	1910	2
12	0	1910	3
12	0	1910	4
12	0	1911	1
12	0	1911	2
12	0	1911	3
12	0	1911	4
12	0	1913	1
12	0	1913	2
12	0	1913	3
12	0	1914	1
12	0	1914	2
12	0	1914	3
12	0	1914	4
12	0	1915	1
12	0	1915	2
12	0	1915	3
12	0	1916	1
12	0	1916	2
12	0	1916	3
12	0	1916	4
12	0	1917	1
12	0	1917	2
12	0	1917	3
12	0	1920	1
12	0	1920	2
12	0	1920	3
12	0	1922	1
12	0	1922	2
12	0	1922	3
12	0	1922	5
12	0	1923	1
12	0	1923	2
12	0	1923	3
12	0	1924	2
12	0	1924	3
12	0	1925	1
12	0	1925	3
12	0	1925	4
12	0	1926	1
12	0	1926	2
12	0	1926	3
12	0	1928	3
12	0	1928	5
12	0	1929	4
12	0	1930	1
12	0	1930	2
12	0	1930	3
12	0	1930	5
12	0	1931	1
12	0	1931	2
12	0	1931	3
12	0	1932	1
12	0	1932	2
12	0	1932	3
12	0	1933	1
12	0	1933	2
12	0	1933	3
12	0	1933	4
12	0	1933	5
12	0	1934	1
12	0	1934	2
12	0	1934	3
12	0	1934	4
12	0	1935	1
12	0	1935	2
12	0	1935	3
12	0	1935	4
12	0	1935	5
12	0	1936	1
12	0	1936	2
12	0	1936	3
12	0	1937	1
12	0	1937	2
12	0	1937	3
12	0	1938	1
12	0	1938	2
12	0	1938	3
12	0	1938	4
12	0	1938	5
12	0	1939	1
12	0	1939	2
12	0	1939	3
12	0	1939	4
12	0	1940	1
12	0	1940	2
12	0	1940	3
12	0	1941	1
12	0	1941	2
12	0	1941	3
12	0	1941	4
12	0	1941	5
12	0	1942	2
12	0	1942	3
12	0	1943	1
12	0	1943	2
12	0	1943	3
12	0	1943	4
12	0	1945	1
12	0	1945	2
12	0	1945	3
12	0	1946	1
12	0	1946	2
12	0	1946	3
12	0	1947	1
12	0	1947	2
12	0	1947	3
12	0	1947	5
12	0	1948	2
12	0	1948	3
12	0	1948	4
12	0	1948	5
12	0	1949	1
12	0	1949	2
12	0	1949	3
12	0	1950	1
12	0	1950	2
12	0	1950	3
12	0	1950	4
12	0	1950	5
12	0	1952	1
12	0	1952	2
12	0	1952	3
12	0	1952	4
12	0	1952	5
12	0	1954	1
12	0	1954	2
12	0	1954	3
12	0	1954	5
12	0	1955	1
12	0	1955	2
12	0	1955	3
12	0	1955	4
12	0	1955	5
12	0	1956	2
12	0	1956	3
12	0	1956	4
12	0	1956	5
12	0	1957	1
12	0	1957	2
12	0	1957	3
12	0	1958	1
12	0	1958	2
12	0	1958	3
12	0	1958	4
12	0	1958	5
12	0	1959	1
12	0	1959	3
12	0	1959	4
12	0	1959	5
12	0	1960	1
12	0	1960	2
12	0	1960	3
12	0	1960	4
12	0	1960	5
12	0	1962	1
12	0	1962	2
12	0	1962	3
12	0	1962	5
12	0	1963	1
12	0	1963	2
12	0	1963	3
12	0	1964	2
12	0	1964	4
12	0	1964	5
12	0	1965	3
12	0	1967	2
12	0	1967	3
12	0	1968	1
12	0	1968	2
12	0	1968	3
12	0	1969	1
12	0	1969	2
12	0	1969	3
12	0	1969	5
12	0	1970	1
12	0	1970	2
12	0	1970	3
12	0	1970	4
12	0	1970	5
12	0	1972	1
12	0	1972	2
12	0	1972	3
12	0	1973	1
12	0	1973	2
12	0	1973	3
12	0	1973	4
12	0	1976	1
12	0	1976	2
12	0	1976	3
12	0	1977	1
12	0	1977	2
12	0	1977	3
12	0	1977	5
12	0	1978	1
12	0	1978	2
12	0	1978	3
12	0	1981	1
12	0	1981	2
12	0	1981	3
12	0	1981	5
12	0	1982	1
12	0	1982	2
12	0	1982	3
12	0	1982	4
12	0	1983	1
12	0	1983	2
12	0	1983	3
12	0	1984	1
12	0	1984	2
12	0	1984	3
12	0	1985	1
12	0	1985	2
12	0	1985	3
12	0	1987	1
12	0	1987	2
12	0	1987	3
12	0	1988	1
12	0	1988	2
12	0	1988	3
12	0	1990	1
12	0	1990	2
12	0	1990	3
12	0	1991	1
12	0	1991	2
12	0	1991	4
12	0	1991	5
12	0	1995	1
12	0	1995	2
12	0	1995	3
12	0	1995	4
12	0	1995	5
12	0	1996	1
12	0	1996	2
12	0	1996	3
12	0	1998	1
12	0	1998	2
12	0	1998	3
12	0	2001	1
12	0	2001	4
12	0	2002	1
12	0	2002	3
12	0	2004	1
12	0	2004	2
12	0	2004	3
12	0	2004	5
12	0	2006	1
12	0	2006	2
12	0	2006	3
12	0	2009	1
12	0	2009	2
12	0	2009	3
12	0	2010	1
12	0	2010	2
12	0	2010	3
12	0	2011	1
12	0	2011	2
12	0	2011	3
12	0	2013	2
12	0	2014	1
12	0	2014	2
12	0	2014	3
12	0	2014	5
12	0	2015	1
12	0	2015	2
12	0	2015	3
12	0	2016	1
12	0	2016	2
12	0	2016	3
12	0	2018	1
12	0	2018	2
12	0	2018	3
12	0	2019	1
12	0	2019	2
12	0	2019	3
12	0	2019	5
12	0	2022	1
12	0	2022	2
12	0	2022	3
12	0	2023	1
12	0	2023	2
12	0	2023	3
12	0	2023	4
12	0	2023	5
12	0	2025	1
12	0	2025	2
12	0	2025	3
12	0	2026	1
12	0	2026	2
12	0	2026	3
12	0	2027	1
12	0	2027	2
12	0	2027	3
12	0	2028	2
12	0	2028	3
12	0	2029	1
12	0	2029	2
12	0	2029	3
12	0	2030	1
12	0	2030	2
12	0	2030	3
12	0	2031	1
12	0	2031	2
12	0	2031	3
12	0	2031	5
12	0	2032	1
12	0	2032	2
12	0	2032	3
12	0	2035	1
12	0	2035	2
12	0	2035	3
12	0	2036	1
12	0	2036	2
12	0	2036	3
12	0	2038	1
12	0	2038	2
12	0	2038	3
12	0	2041	1
12	0	2041	2
12	0	2041	3
12	0	2043	1
12	0	2043	2
12	0	2043	3
12	0	2044	1
12	0	2044	2
12	0	2044	3
12	0	2044	4
12	0	2044	5
12	0	2045	1
12	0	2045	2
12	0	2045	3
12	0	2046	1
12	0	2046	2
12	0	2046	3
12	0	2046	5
12	0	2047	1
12	0	2047	2
12	0	2047	3
12	0	2048	1
12	0	2048	2
12	0	2048	3
12	0	2048	4
12	0	2048	5
12	0	2050	1
12	0	2050	2
12	0	2050	3
12	0	2051	1
12	0	2051	2
12	0	2051	3
12	0	2052	1
12	0	2052	2
12	0	2052	3
12	0	2053	1
12	0	2053	2
12	0	2053	3
12	0	2055	1
12	0	2055	2
12	0	2055	3
12	0	2055	4
12	0	2055	5
12	0	2057	2
12	0	2057	3
12	0	2057	4
12	0	2059	1
12	0	2059	2
12	0	2059	3
12	0	2060	1
12	0	2060	2
12	0	2062	1
12	0	2062	2
12	0	2062	3
12	0	2065	1
12	0	2065	2
12	0	2065	3
12	0	2065	5
12	0	2067	1
12	0	2067	2
12	0	2067	3
12	0	2067	4
12	0	2069	1
12	0	2069	2
12	0	2069	3
12	0	2070	1
12	0	2070	2
12	0	2070	3
12	0	2072	1
12	0	2072	2
12	0	2072	3
12	0	2073	1
12	0	2073	2
12	0	2073	3
12	0	2073	4
12	0	2073	5
12	0	2075	1
12	0	2075	2
12	0	2075	3
12	0	2076	1
12	0	2076	2
12	0	2076	3
12	0	2076	4
12	0	2078	1
12	0	2078	2
12	0	2078	3
12	0	2078	5
12	0	2079	1
12	0	2079	2
12	0	2079	3
12	0	2079	5
12	0	2080	1
12	0	2080	2
12	0	2080	3
12	0	2081	1
12	0	2081	2
12	0	2081	3
12	0	2082	1
12	0	2082	2
12	0	2082	3
12	0	2084	1
12	0	2084	2
12	0	2084	3
12	0	2085	1
12	0	2085	2
12	0	2085	3
12	0	2086	1
12	0	2086	2
12	0	2086	3
12	0	2087	1
12	0	2087	2
12	0	2087	3
12	0	2088	1
12	0	2088	2
12	0	2088	3
12	0	2089	1
12	0	2089	2
12	0	2089	3
12	0	2090	1
12	0	2090	2
12	0	2090	3
12	0	2091	1
12	0	2091	2
12	0	2091	3
12	0	2091	5
12	0	2093	1
12	0	2093	2
12	0	2093	3
12	0	2093	4
12	0	2096	4
12	0	2096	5
12	0	2098	1
12	0	2098	2
12	0	2098	3
12	0	2100	1
12	0	2100	2
12	0	2100	3
12	0	2101	1
12	0	2101	2
12	0	2101	3
12	0	2102	1
12	0	2102	2
12	0	2102	3
12	0	2103	3
12	0	2103	4
12	0	2103	5
12	0	2106	1
12	0	2106	2
12	0	2106	3
12	0	2107	1
12	0	2107	2
12	0	2107	3
12	0	2107	5
12	0	2109	1
12	0	2109	2
12	0	2109	3
12	0	2111	1
12	0	2111	2
12	0	2111	3
12	0	2112	1
12	0	2112	2
12	0	2112	3
12	0	2114	1
12	0	2114	2
12	0	2114	3
12	0	2114	4
12	0	2114	5
12	0	2115	1
12	0	2115	2
12	0	2115	3
12	0	2117	1
12	0	2117	2
12	0	2117	3
12	0	2117	5
12	0	2118	1
12	0	2118	2
12	0	2118	3
12	0	2118	4
12	0	2118	5
12	0	2120	1
12	0	2120	2
12	0	2120	3
12	0	2120	5
12	0	2121	1
12	0	2121	2
12	0	2121	3
12	0	2121	5
12	0	2122	1
12	0	2122	2
12	0	2122	3
12	0	2122	4
12	0	2122	5
12	0	2125	1
12	0	2125	2
12	0	2125	3
12	0	2126	1
12	0	2126	2
12	0	2126	3
12	0	2127	1
12	0	2127	2
12	0	2127	3
12	0	2128	1
12	0	2128	2
12	0	2128	3
12	0	2129	1
12	0	2129	2
12	0	2129	3
12	0	2130	1
12	0	2130	2
12	0	2130	3
12	0	2130	5
12	0	2132	1
12	0	2132	2
12	0	2132	3
12	0	2132	5
12	0	2134	1
12	0	2134	2
12	0	2134	3
12	0	2135	1
12	0	2135	2
12	0	2135	3
12	0	2136	1
12	0	2136	2
12	0	2136	3
12	0	2137	1
12	0	2137	2
12	0	2137	3
12	0	2144	1
12	0	2144	2
12	0	2144	3
12	0	2144	4
12	0	2145	1
12	0	2145	2
12	0	2145	3
12	0	2145	5
12	0	2146	1
12	0	2146	2
12	0	2146	3
12	0	2147	1
12	0	2147	2
12	0	2147	3
12	0	2148	1
12	0	2148	2
12	0	2148	3
12	0	2148	4
12	0	2148	5
12	0	2149	1
12	0	2149	2
12	0	2149	3
12	0	2149	4
12	0	2149	5
12	0	2150	1
12	0	2150	2
12	0	2150	3
12	0	2150	4
12	0	2150	5
12	0	2151	1
12	0	2151	3
12	0	2151	4
12	0	2152	1
12	0	2152	2
12	0	2152	3
12	0	2153	1
12	0	2153	2
12	0	2153	3
12	0	2154	1
12	0	2154	3
12	0	2154	4
12	0	2155	1
12	0	2155	2
12	0	2155	3
12	0	2157	1
12	0	2157	2
12	0	2157	3
12	0	2158	1
12	0	2158	2
12	0	2158	3
12	0	2159	1
12	0	2159	2
12	0	2159	3
12	0	2160	1
12	0	2160	2
12	0	2160	3
12	0	2161	1
12	0	2161	2
12	0	2161	3
12	0	2162	1
12	0	2162	2
12	0	2162	3
12	0	2163	1
12	0	2163	2
12	0	2163	3
12	0	2163	4
12	0	2163	5
12	0	2164	1
12	0	2164	2
12	0	2164	3
12	0	2164	4
12	0	2164	5
12	0	2165	1
12	0	2165	2
12	0	2165	3
12	0	2167	1
12	0	2167	2
12	0	2167	3
12	0	2167	5
12	0	2168	1
12	0	2168	2
12	0	2168	3
12	0	2171	1
12	0	2171	2
12	0	2171	3
12	0	2173	1
12	0	2173	2
12	0	2173	3
12	0	2174	1
12	0	2174	2
12	0	2174	3
12	0	2175	1
12	0	2175	2
12	0	2175	3
12	0	2175	5
12	0	2176	1
12	0	2176	2
12	0	2176	3
12	0	2177	1
12	0	2177	2
12	0	2177	3
12	0	2178	1
12	0	2178	2
12	0	2178	3
12	0	2179	1
12	0	2179	2
12	0	2179	3
12	0	2181	3
12	0	2181	4
12	0	2181	5
12	0	2182	1
12	0	2182	2
12	0	2182	3
12	0	2184	2
12	0	2184	3
12	0	2184	4
12	0	2184	5
12	0	2185	1
12	0	2185	2
12	0	2185	3
12	0	2185	4
12	0	2186	1
12	0	2186	2
12	0	2186	3
12	0	2186	5
12	0	2188	1
12	0	2188	2
12	0	2188	3
12	0	2188	5
12	0	2189	1
12	0	2189	2
12	0	2189	3
12	0	2190	1
12	0	2190	2
12	0	2190	3
12	0	2190	5
12	0	2191	1
12	0	2191	2
12	0	2191	3
12	0	2193	1
12	0	2193	2
12	0	2193	3
12	0	2194	1
12	0	2194	2
12	0	2194	3
12	0	2194	5
12	0	2196	1
12	0	2196	2
12	0	2196	3
12	0	2196	4
12	0	2196	5
12	0	2198	1
12	0	2198	2
12	0	2198	3
12	0	2198	5
12	0	2199	1
12	0	2199	2
12	0	2199	3
12	0	2199	4
12	0	2200	1
12	0	2200	2
12	0	2200	3
12	0	2201	1
12	0	2201	3
12	0	2201	4
12	0	2209	1
12	0	2209	2
12	0	2209	3
12	0	2210	1
12	0	2210	2
12	0	2210	3
12	0	2214	1
12	0	2214	2
12	0	2214	3
12	0	2214	4
12	0	2215	1
12	0	2215	2
12	0	2215	3
12	0	2216	1
12	0	2216	2
12	0	2216	3
12	0	2218	1
12	0	2218	2
12	0	2218	3
12	0	2219	1
12	0	2219	2
12	0	2219	3
12	0	2219	4
12	0	2220	1
12	0	2220	2
12	0	2220	3
12	0	2220	4
12	0	2224	1
12	0	2224	3
12	0	2224	4
12	0	2225	1
12	0	2225	2
12	0	2225	3
12	0	2225	4
12	0	2227	1
12	0	2227	2
12	0	2227	3
12	0	2228	1
12	0	2228	2
12	0	2228	3
12	0	2229	2
12	0	2229	3
12	0	2229	4
12	0	2229	5
12	0	2230	1
12	0	2230	2
12	0	2230	3
12	0	2231	1
12	0	2231	2
12	0	2231	3
12	0	2235	1
12	0	2235	2
12	0	2235	3
12	0	2235	5
12	0	2236	1
12	0	2236	2
12	0	2236	3
12	0	2238	1
12	0	2238	2
12	0	2238	3
12	0	2239	1
12	0	2239	2
12	0	2239	3
12	0	2240	1
12	0	2240	2
12	0	2240	3
12	0	2241	1
12	0	2241	2
12	0	2241	3
12	0	2242	3
12	0	2243	1
12	0	2243	2
12	0	2243	3
12	0	2244	1
12	0	2244	2
12	0	2244	3
12	0	2245	2
12	0	2245	3
12	0	2246	1
12	0	2246	2
12	0	2246	3
12	0	2248	1
12	0	2248	2
12	0	2248	3
12	0	2248	4
12	0	2248	5
12	0	2249	1
12	0	2249	2
12	0	2249	3
12	0	2250	1
12	0	2250	2
12	0	2250	3
12	0	2250	4
12	0	2251	1
12	0	2251	2
12	0	2251	3
12	0	2251	4
12	0	2253	1
12	0	2253	2
12	0	2253	3
12	0	2255	1
12	0	2255	2
12	0	2255	3
12	0	2255	4
12	0	2255	5
12	0	2256	1
12	0	2256	2
12	0	2256	3
12	0	2257	1
12	0	2257	2
12	0	2257	3
12	0	2258	1
12	0	2258	2
12	0	2258	3
12	0	2259	1
12	0	2259	2
12	0	2259	3
12	0	2260	1
12	0	2260	2
12	0	2260	3
12	0	2261	1
12	0	2261	2
12	0	2261	3
12	0	2262	1
12	0	2262	2
12	0	2262	3
12	0	2263	1
12	0	2263	2
12	0	2263	3
12	0	2264	1
12	0	2264	2
12	0	2264	3
12	0	2264	4
12	0	2264	5
12	0	2265	1
12	0	2265	2
12	0	2265	3
12	0	2265	5
12	0	2266	1
12	0	2266	2
12	0	2266	3
12	0	2266	5
12	0	2267	1
12	0	2267	2
12	0	2267	3
12	0	2267	4
12	0	2270	1
12	0	2270	2
12	0	2270	3
12	0	2270	4
12	0	2270	5
12	0	2271	1
12	0	2271	2
12	0	2271	3
12	0	2273	1
12	0	2273	2
12	0	2273	3
12	0	2274	1
12	0	2274	2
12	0	2274	3
12	0	2274	4
12	0	2276	1
12	0	2276	2
12	0	2276	3
12	0	2277	1
12	0	2277	2
12	0	2277	3
12	0	2277	5
12	0	2278	1
12	0	2278	2
12	0	2278	3
12	0	2278	4
12	0	2279	1
12	0	2279	2
12	0	2279	3
12	0	2281	1
12	0	2281	2
12	0	2281	3
12	0	2281	5
12	0	2282	1
12	0	2282	2
12	0	2282	3
12	0	2282	5
12	0	2285	1
12	0	2285	2
12	0	2285	3
12	0	2287	1
12	0	2287	2
12	0	2287	3
12	0	2288	1
12	0	2288	2
12	0	2288	3
12	0	2288	5
12	0	2289	1
12	0	2289	2
12	0	2289	3
12	0	2290	1
12	0	2290	2
12	0	2290	3
12	0	2291	1
12	0	2291	2
12	0	2291	3
12	0	2291	4
12	0	2291	5
12	0	2292	1
12	0	2292	2
12	0	2292	3
12	0	2292	5
12	0	2293	1
12	0	2293	2
12	0	2293	3
12	0	2294	1
12	0	2294	2
12	0	2294	3
12	0	2295	1
12	0	2295	2
12	0	2295	3
12	0	2295	4
12	0	2296	1
12	0	2296	2
12	0	2296	3
12	0	2296	4
12	0	2296	5
12	0	2297	1
12	0	2297	2
12	0	2297	3
12	0	2298	1
12	0	2298	3
12	0	2300	1
12	0	2300	2
12	0	2300	3
12	0	2301	2
12	0	2301	4
12	0	2301	5
12	0	2302	1
12	0	2302	2
12	0	2302	3
12	0	2304	1
12	0	2304	2
12	0	2304	3
12	0	2304	4
12	0	2304	5
12	0	2305	1
12	0	2305	2
12	0	2305	3
12	0	2305	4
12	0	2305	5
12	0	2306	1
12	0	2306	2
12	0	2306	3
12	0	2306	4
12	0	2306	5
12	0	2307	1
12	0	2307	2
12	0	2307	3
12	0	2307	4
12	0	2307	5
12	0	2308	1
12	0	2308	2
12	0	2308	3
12	0	2308	4
12	0	2308	5
12	0	2309	1
12	0	2309	2
12	0	2309	3
12	0	2310	1
12	0	2310	2
12	0	2310	3
12	0	2311	1
12	0	2311	2
12	0	2311	3
12	0	2311	4
12	0	2311	5
12	0	2312	1
12	0	2312	2
12	0	2312	3
12	0	2313	1
12	0	2313	2
12	0	2313	3
12	0	2314	1
12	0	2314	2
12	0	2314	3
12	0	2314	4
12	0	2314	5
12	0	2315	1
12	0	2315	2
12	0	2315	3
12	0	2315	5
12	0	2316	1
12	0	2316	2
12	0	2316	3
12	0	2316	5
12	0	2317	2
12	0	2317	3
12	0	2317	4
12	0	2317	5
12	0	2318	1
12	0	2318	2
12	0	2318	3
12	0	2318	5
12	0	2319	1
12	0	2319	2
12	0	2319	3
12	0	2320	1
12	0	2320	2
12	0	2320	3
12	0	2321	1
12	0	2321	2
12	0	2321	3
12	0	2321	4
12	0	2322	1
12	0	2322	2
12	0	2322	3
12	0	2324	1
12	0	2324	2
12	0	2324	3
12	0	2324	4
12	0	2325	1
12	0	2325	2
12	0	2325	3
12	0	2325	4
12	0	2326	1
12	0	2326	2
12	0	2326	3
12	0	2326	4
12	0	2326	5
12	0	2327	1
12	0	2327	2
12	0	2327	3
12	0	2327	4
12	0	2327	5
12	0	2328	1
12	0	2328	2
12	0	2328	3
12	0	2329	1
12	0	2329	2
12	0	2329	3
12	0	2330	1
12	0	2330	2
12	0	2330	3
12	0	2331	1
12	0	2331	2
12	0	2331	3
12	0	2332	1
12	0	2332	2
12	0	2332	3
12	0	2333	1
12	0	2333	2
12	0	2333	3
12	0	2334	1
12	0	2334	2
12	0	2334	3
12	0	2335	1
12	0	2335	2
12	0	2335	3
12	0	2336	1
12	0	2336	2
12	0	2336	3
12	0	2337	1
12	0	2337	2
12	0	2337	3
12	0	2339	1
12	0	2339	2
12	0	2339	3
12	0	2340	1
12	0	2340	2
12	0	2340	3
12	0	2341	1
12	0	2341	2
12	0	2341	3
12	0	2342	1
12	0	2342	2
12	0	2342	3
12	0	2343	1
12	0	2343	2
12	0	2343	3
12	0	2344	1
12	0	2344	2
12	0	2344	3
12	0	2345	1
12	0	2345	2
12	0	2345	3
12	0	2346	1
12	0	2346	2
12	0	2346	3
12	0	2347	1
12	0	2347	2
12	0	2347	3
12	0	2347	4
12	0	2347	5
12	0	2348	1
12	0	2348	2
12	0	2348	3
12	0	2348	4
12	0	2349	1
12	0	2349	2
12	0	2349	3
12	0	2349	5
12	0	2350	1
12	0	2350	2
12	0	2350	3
12	0	2350	5
12	0	2351	1
12	0	2351	2
12	0	2351	3
12	0	2351	4
12	0	2352	1
12	0	2352	2
12	0	2352	3
12	0	2352	5
12	0	2353	1
12	0	2353	2
12	0	2353	3
12	0	2354	1
12	0	2354	2
12	0	2354	3
12	0	2355	1
12	0	2355	2
12	0	2355	3
12	0	2356	1
12	0	2356	2
12	0	2356	3
12	0	2357	1
12	0	2357	2
12	0	2357	3
12	0	2358	1
12	0	2358	2
12	0	2358	3
12	0	2359	1
12	0	2359	2
12	0	2359	3
12	0	2360	1
12	0	2360	2
12	0	2360	3
12	0	2361	1
12	0	2361	2
12	0	2361	3
12	0	2363	1
12	0	2363	2
12	0	2363	3
12	0	2363	5
12	0	2365	1
12	0	2365	2
12	0	2365	3
12	0	2365	5
12	0	2366	1
12	0	2366	2
12	0	2366	3
12	0	2367	1
12	0	2367	2
12	0	2367	3
12	0	2368	1
12	0	2368	2
12	0	2368	3
12	0	2368	4
12	0	2369	1
12	0	2369	2
12	0	2369	3
12	0	2370	1
12	0	2370	2
12	0	2370	3
12	0	2370	4
12	0	2371	1
12	0	2371	2
12	0	2371	3
12	0	2371	4
12	0	2372	1
12	0	2372	2
12	0	2372	3
12	0	2373	1
12	0	2373	2
12	0	2373	3
12	0	2373	4
12	0	2373	5
12	0	2374	1
12	0	2374	2
12	0	2374	3
12	0	2375	1
12	0	2375	2
12	0	2375	3
12	0	2375	4
12	0	2375	5
12	0	2376	1
12	0	2376	2
12	0	2376	3
12	0	2376	4
12	0	2376	5
12	0	2377	1
12	0	2377	2
12	0	2377	3
12	0	2378	1
12	0	2378	2
12	0	2378	3
12	0	2379	1
12	0	2379	2
12	0	2379	3
12	0	2381	1
12	0	2381	2
12	0	2381	3
12	0	2381	4
12	0	2381	5
12	0	2382	1
12	0	2382	2
12	0	2382	3
12	0	2382	4
12	0	2382	5
12	0	2383	1
12	0	2383	2
12	0	2383	3
12	0	2384	1
12	0	2384	2
12	0	2384	3
12	0	2385	1
12	0	2385	2
12	0	2385	3
12	0	2386	1
12	0	2386	2
12	0	2386	3
12	0	2387	1
12	0	2387	2
12	0	2387	3
12	0	2388	1
12	0	2388	2
12	0	2388	3
12	0	2388	4
12	0	2389	1
12	0	2389	2
12	0	2389	3
12	0	2390	1
12	0	2390	2
12	0	2390	3
12	0	2391	1
12	0	2391	2
12	0	2391	3
12	0	2392	1
12	0	2392	2
12	0	2392	3
12	0	2393	1
12	0	2393	2
12	0	2393	3
12	0	2395	1
12	0	2395	2
12	0	2395	3
12	0	2396	1
12	0	2396	2
12	0	2396	3
12	0	2397	1
12	0	2397	2
12	0	2397	3
12	0	2398	1
12	0	2398	2
12	0	2398	3
12	0	2399	1
12	0	2399	2
12	0	2399	3
12	0	2400	1
12	0	2400	2
12	0	2400	3
12	0	2401	1
12	0	2401	2
12	0	2401	3
12	0	2403	1
12	0	2403	2
12	0	2403	3
12	0	2403	4
12	0	2403	5
12	0	2404	1
12	0	2404	2
12	0	2404	3
12	0	2405	1
12	0	2405	2
12	0	2405	3
12	0	2406	1
12	0	2406	2
12	0	2406	3
12	0	2406	5
12	0	2407	1
12	0	2407	2
12	0	2407	3
12	0	2408	1
12	0	2408	2
12	0	2408	3
12	0	2408	4
12	0	2409	1
12	0	2409	2
12	0	2409	3
12	0	2410	1
12	0	2410	2
12	0	2410	3
12	0	2410	4
12	0	2411	1
12	0	2411	2
12	0	2411	3
12	0	2411	4
12	0	2411	5
12	0	2412	1
12	0	2412	2
12	0	2412	3
12	0	2412	4
12	0	2412	5
12	0	2413	1
12	0	2413	2
12	0	2413	3
12	0	2413	4
12	0	2414	1
12	0	2414	2
12	0	2414	3
12	0	2414	4
12	0	2414	5
12	0	2415	1
12	0	2415	2
12	0	2415	3
12	0	2416	1
12	0	2416	2
12	0	2416	3
12	0	2417	1
12	0	2417	2
12	0	2417	3
12	0	2418	1
12	0	2418	2
12	0	2418	3
12	0	2419	1
12	0	2419	2
12	0	2419	3
12	0	2419	4
12	0	2420	1
12	0	2420	2
12	0	2420	3
12	0	2421	1
12	0	2421	2
12	0	2421	3
12	0	2423	1
12	0	2423	2
12	0	2423	3
12	0	2423	5
12	0	2424	1
12	0	2424	2
12	0	2424	3
12	0	2425	1
12	0	2425	2
12	0	2425	3
12	0	2426	1
12	0	2426	2
12	0	2426	3
12	0	2427	1
12	0	2427	2
12	0	2427	3
12	0	2427	4
12	0	2428	1
12	0	2428	2
12	0	2428	3
12	0	2430	1
12	0	2430	2
12	0	2430	3
12	0	2431	1
12	0	2431	2
12	0	2431	3
12	0	2432	1
12	0	2432	2
12	0	2432	3
12	0	2433	1
12	0	2433	2
12	0	2433	3
12	0	2435	1
12	0	2435	2
12	0	2435	3
12	0	2436	1
12	0	2436	2
12	0	2436	3
12	0	2437	1
12	0	2437	2
12	0	2437	3
12	0	2438	1
12	0	2438	2
12	0	2438	3
12	0	2439	1
12	0	2439	2
12	0	2439	3
12	0	2440	1
12	0	2440	2
12	0	2440	3
12	0	2441	1
12	0	2441	2
12	0	2441	3
12	0	2443	1
12	0	2443	2
12	0	2443	3
12	0	2444	1
12	0	2444	2
12	0	2444	3
12	0	2446	1
12	0	2446	2
12	0	2446	3
12	0	2446	5
12	0	2447	1
12	0	2447	2
12	0	2447	3
12	0	2448	1
12	0	2448	2
12	0	2448	3
12	0	2449	1
12	0	2449	2
12	0	2449	3
12	0	2449	4
12	0	2450	1
12	0	2450	2
12	0	2450	3
12	0	2453	1
12	0	2453	2
12	0	2453	3
12	0	2453	5
12	0	2455	1
12	0	2455	2
12	0	2455	3
12	0	2456	1
12	0	2456	2
12	0	2456	3
12	0	2457	1
12	0	2457	2
12	0	2457	3
12	0	2460	1
12	0	2460	2
12	0	2460	3
12	0	2461	1
12	0	2461	2
12	0	2461	3
12	0	2462	1
12	0	2462	2
12	0	2462	3
12	0	2464	1
12	0	2464	2
12	0	2464	3
12	0	2465	1
12	0	2465	2
12	0	2465	3
12	0	2466	1
12	0	2466	2
12	0	2466	3
12	0	2467	1
12	0	2467	2
12	0	2467	3
12	0	2468	1
12	0	2468	2
12	0	2468	3
12	0	2469	1
12	0	2469	2
12	0	2469	3
12	0	2469	4
12	0	2470	1
12	0	2470	2
12	0	2470	3
12	0	2471	1
12	0	2471	2
12	0	2471	3
12	0	2472	1
12	0	2472	2
12	0	2472	3
12	0	2473	1
12	0	2473	2
12	0	2473	3
12	0	2473	4
12	0	2473	5
12	0	2474	1
12	0	2474	2
12	0	2474	3
12	0	2475	1
12	0	2475	2
12	0	2475	3
12	0	2476	1
12	0	2476	2
12	0	2476	3
12	0	2477	1
12	0	2477	2
12	0	2477	3
12	0	2477	5
12	0	2478	1
12	0	2478	2
12	0	2478	3
12	0	2479	1
12	0	2479	2
12	0	2479	3
12	0	2480	1
12	0	2480	2
12	0	2480	3
12	0	2481	1
12	0	2481	2
12	0	2481	3
12	0	2482	1
12	0	2482	2
12	0	2482	3
12	0	2483	1
12	0	2483	2
12	0	2483	3
12	0	2484	1
12	0	2484	2
12	0	2484	3
12	0	2484	5
12	0	2485	1
12	0	2485	2
12	0	2485	3
12	0	2486	1
12	0	2486	2
12	0	2486	3
12	0	2487	1
12	0	2487	2
12	0	2487	3
12	0	2488	1
12	0	2488	2
12	0	2488	3
12	0	2490	1
12	0	2490	2
12	0	2490	3
12	0	2491	1
12	0	2491	2
12	0	2491	3
12	0	2492	1
12	0	2492	2
12	0	2492	3
12	0	2493	1
12	0	2493	2
12	0	2493	3
12	0	2494	1
12	0	2494	2
12	0	2494	3
12	0	2495	1
12	0	2495	2
12	0	2495	3
12	0	2496	1
12	0	2496	2
12	0	2496	3
12	0	2497	1
12	0	2497	2
12	0	2497	3
12	0	2498	1
12	0	2498	2
12	0	2498	3
12	0	2499	1
12	0	2499	2
12	0	2499	3
12	0	2499	5
12	0	2500	1
12	0	2500	2
12	0	2500	3
12	0	2500	5
12	0	2501	1
12	0	2501	2
12	0	2501	3
12	0	2505	1
12	0	2505	2
12	0	2505	3
12	0	2506	1
12	0	2506	2
12	0	2506	3
12	0	2507	1
12	0	2507	2
12	0	2507	3
12	0	2508	1
12	0	2508	2
12	0	2508	3
12	0	2509	1
12	0	2509	2
12	0	2509	3
12	0	2510	1
12	0	2510	2
12	0	2510	3
12	0	2511	1
12	0	2511	2
12	0	2511	3
12	0	2512	1
12	0	2512	2
12	0	2512	3
12	0	2513	1
12	0	2513	2
12	0	2513	3
12	0	2514	1
12	0	2514	2
12	0	2514	3
12	0	2515	1
12	0	2515	2
12	0	2515	3
12	0	2516	1
12	0	2516	2
12	0	2516	3
12	0	2517	1
12	0	2517	2
12	0	2517	3
12	0	2518	1
12	0	2518	2
12	0	2518	3
12	0	2519	1
12	0	2519	2
12	0	2519	3
12	0	2520	1
12	0	2520	2
12	0	2520	3
12	0	2521	1
12	0	2521	2
12	0	2521	3
12	0	2523	1
12	0	2523	2
12	0	2523	3
12	0	2524	1
12	0	2524	2
12	0	2524	3
12	0	2525	1
12	0	2525	2
12	0	2525	3
12	0	2526	1
12	0	2526	2
12	0	2526	3
12	0	2527	1
12	0	2527	2
12	0	2527	3
12	0	2528	1
12	0	2528	2
12	0	2528	3
12	0	2529	1
12	0	2529	2
12	0	2529	3
12	0	2530	1
12	0	2530	2
12	0	2530	3
12	0	2531	1
12	0	2531	2
12	0	2531	3
12	0	2532	1
12	0	2532	2
12	0	2532	3
12	0	2533	1
12	0	2533	2
12	0	2533	3
12	0	2534	1
12	0	2534	2
12	0	2534	3
12	0	2535	1
12	0	2535	2
12	0	2535	3
12	0	2536	1
12	0	2536	2
12	0	2536	3
12	0	2537	1
12	0	2537	2
12	0	2537	3
12	0	2538	1
12	0	2538	2
12	0	2538	3
12	0	2539	1
12	0	2539	2
12	0	2539	3
12	0	2540	1
12	0	2540	2
12	0	2540	3
12	0	2541	1
12	0	2541	2
12	0	2541	3
12	0	2542	1
12	0	2542	2
12	0	2542	3
12	0	2543	1
12	0	2543	2
12	0	2543	3
12	0	2544	1
12	0	2544	2
12	0	2544	3
12	0	2545	1
12	0	2545	2
12	0	2545	3
12	0	2546	1
12	0	2546	2
12	0	2546	3
