result_no	generate_no	party_no	is_boss	enemy_id	
19	0	1	0	291
19	0	1	0	333
19	0	1	0	291
19	0	1	0	298
19	0	2	0	265
19	0	2	0	265
19	0	2	0	265
19	0	3	0	322
19	0	3	0	322
19	0	3	0	350
19	0	3	0	350
19	0	3	0	350
19	0	3	0	321
19	0	4	0	316
19	0	4	0	340
19	0	4	0	323
19	0	4	0	323
19	0	4	0	323
19	0	4	0	323
19	0	4	0	316
19	0	4	0	316
19	0	5	1	223
19	0	5	1	224
19	0	5	1	225
19	0	6	0	287
19	0	6	0	325
19	0	6	0	325
19	0	6	0	324
19	0	6	0	325
19	0	6	0	325
19	0	7	0	329
19	0	7	0	324
19	0	7	0	329
19	0	7	0	329
19	0	7	0	287
19	0	7	0	324
19	0	8	0	288
19	0	8	0	288
19	0	8	0	316
19	0	8	0	316
19	0	8	0	274
19	0	9	0	354
19	0	9	0	342
19	0	9	0	342
19	0	9	0	328
19	0	9	0	328
19	0	9	0	354
19	0	9	0	364
19	0	9	0	364
19	0	9	0	354
19	0	10	0	289
19	0	10	0	291
19	0	10	0	291
19	0	10	0	291
19	0	11	0	333
19	0	11	0	341
19	0	11	0	333
19	0	11	0	333
19	0	11	0	298
19	0	11	0	341
19	0	13	0	316
19	0	13	0	288
19	0	13	0	303
19	0	13	0	288
19	0	13	0	316
19	0	13	0	288
19	0	14	0	318
19	0	14	0	339
19	0	14	0	326
19	0	14	0	352
19	0	14	0	352
19	0	14	0	318
19	0	16	0	288
19	0	16	0	303
19	0	16	0	288
19	0	16	0	288
19	0	16	0	316
19	0	16	0	323
19	0	17	0	288
19	0	17	0	288
19	0	17	0	323
19	0	17	0	323
19	0	19	0	333
19	0	19	0	333
19	0	19	0	333
19	0	19	0	341
19	0	19	0	348
19	0	19	0	298
19	0	20	0	298
19	0	20	0	348
19	0	20	0	333
19	0	20	0	333
19	0	21	1	223
19	0	21	1	224
19	0	21	1	225
19	0	22	0	288
19	0	22	0	323
19	0	22	0	316
19	0	22	0	316
19	0	22	0	323
19	0	22	0	288
19	0	23	0	350
19	0	23	0	350
19	0	23	0	350
19	0	23	0	351
19	0	23	0	321
19	0	23	0	365
19	0	23	0	321
19	0	23	0	365
19	0	23	0	365
19	0	24	0	284
19	0	24	0	284
19	0	24	0	322
19	0	24	0	284
19	0	24	0	322
19	0	24	0	322
19	0	25	1	205
19	0	26	0	321
19	0	26	0	284
19	0	26	0	284
19	0	26	0	320
19	0	26	0	284
19	0	26	0	321
19	0	27	0	322
19	0	27	0	320
19	0	27	0	321
19	0	28	0	321
19	0	28	0	322
19	0	28	0	350
19	0	28	0	321
19	0	28	0	321
19	0	28	0	350
19	0	28	0	320
19	0	31	0	331
19	0	32	0	318
19	0	32	0	339
19	0	32	0	318
19	0	32	0	339
19	0	33	1	192
19	0	33	1	193
19	0	33	1	133
19	0	33	1	172
19	0	35	0	324
19	0	35	0	325
19	0	35	0	324
19	0	35	0	324
19	0	35	0	329
19	0	35	0	324
19	0	36	0	279
19	0	36	0	269
19	0	36	0	279
19	0	37	0	291
19	0	37	0	341
19	0	37	0	341
19	0	37	0	333
19	0	37	0	333
19	0	38	0	366
19	0	38	0	329
19	0	38	0	366
19	0	38	0	353
19	0	38	0	329
19	0	38	0	353
19	0	38	0	366
19	0	38	0	366
19	0	39	0	350
19	0	39	0	322
19	0	39	0	350
19	0	39	0	321
19	0	39	0	351
19	0	39	0	351
19	0	39	0	322
19	0	41	0	330
19	0	42	1	205
19	0	43	1	223
19	0	43	1	224
19	0	43	1	225
19	0	44	0	298
19	0	44	0	298
19	0	44	0	341
19	0	44	0	333
19	0	44	0	341
19	0	44	0	341
19	0	45	0	317
19	0	45	0	317
19	0	45	0	317
19	0	46	0	322
19	0	46	0	320
19	0	46	0	320
19	0	46	0	321
19	0	46	0	322
19	0	46	0	320
19	0	46	0	322
19	0	47	1	223
19	0	47	1	224
19	0	47	1	225
19	0	48	0	329
19	0	48	0	325
19	0	48	0	325
19	0	48	0	324
19	0	48	0	325
19	0	49	0	284
19	0	52	0	303
19	0	52	0	303
19	0	52	0	288
19	0	52	0	264
19	0	54	0	310
19	0	54	0	283
19	0	54	0	310
19	0	54	0	310
19	0	54	0	283
19	0	54	0	310
19	0	55	1	166
19	0	55	1	167
19	0	55	1	167
19	0	55	1	167
19	0	55	1	167
19	0	57	0	341
19	0	57	0	341
19	0	57	0	341
19	0	57	0	341
19	0	57	0	341
19	0	58	0	328
19	0	58	0	327
19	0	58	0	327
19	0	58	0	328
19	0	58	0	327
19	0	59	0	316
19	0	59	0	288
19	0	61	0	317
19	0	61	0	339
19	0	61	0	326
19	0	61	0	318
19	0	61	0	326
19	0	62	0	333
19	0	62	0	291
19	0	62	0	341
19	0	62	0	341
19	0	62	0	333
19	0	63	1	205
19	0	66	0	269
19	0	66	0	279
19	0	66	0	320
19	0	66	0	269
19	0	67	0	303
19	0	67	0	303
19	0	67	0	323
19	0	68	0	320
19	0	68	0	320
19	0	68	0	320
19	0	68	0	321
19	0	69	0	340
19	0	69	0	340
19	0	69	0	340
19	0	69	0	340
19	0	69	0	340
19	0	69	0	323
19	0	69	0	316
19	0	70	0	329
19	0	70	0	324
19	0	70	0	287
19	0	70	0	287
19	0	70	0	329
19	0	70	0	324
19	0	71	0	348
19	0	71	0	298
19	0	71	0	333
19	0	71	0	348
19	0	71	0	333
19	0	71	0	348
19	0	72	0	333
19	0	72	0	348
19	0	72	0	333
19	0	72	0	333
19	0	73	0	354
19	0	73	0	342
19	0	73	0	364
19	0	73	0	342
19	0	73	0	364
19	0	73	0	364
19	0	73	0	354
19	0	73	0	364
19	0	73	0	364
19	0	75	1	223
19	0	75	1	224
19	0	75	1	225
19	0	76	1	223
19	0	76	1	224
19	0	76	1	225
19	0	78	0	322
19	0	78	0	284
19	0	78	0	322
19	0	78	0	284
19	0	78	0	321
19	0	78	0	322
19	0	79	0	321
19	0	79	0	321
19	0	79	0	284
19	0	79	0	321
19	0	79	0	321
19	0	79	0	321
19	0	80	0	324
19	0	80	0	324
19	0	80	0	287
19	0	80	0	287
19	0	80	0	287
19	0	80	0	324
19	0	81	0	287
19	0	81	0	287
19	0	81	0	329
19	0	81	0	324
19	0	81	0	325
19	0	81	0	325
19	0	82	0	322
19	0	82	0	321
19	0	82	0	284
19	0	82	0	284
19	0	82	0	284
19	0	84	0	367
19	0	84	0	368
19	0	84	0	369
19	0	84	0	368
19	0	84	0	369
19	0	84	0	368
19	0	84	0	368
19	0	84	0	367
19	0	84	0	352
19	0	84	0	368
19	0	84	0	369
19	0	84	0	369
19	0	84	0	369
19	0	85	1	256
19	0	85	1	257
19	0	86	0	316
19	0	86	0	316
19	0	87	1	223
19	0	87	1	224
19	0	87	1	225
19	0	88	1	205
19	0	89	0	341
19	0	89	0	333
19	0	89	0	333
19	0	89	0	333
19	0	89	0	333
19	0	89	0	348
19	0	90	0	323
19	0	90	0	316
19	0	90	0	323
19	0	90	0	288
19	0	90	0	316
19	0	90	0	303
19	0	91	0	341
19	0	91	0	333
19	0	91	0	333
19	0	91	0	298
19	0	91	0	348
19	0	92	0	325
19	0	92	0	329
19	0	92	0	329
19	0	92	0	325
19	0	92	0	325
19	0	92	0	329
19	0	93	1	205
19	0	94	0	323
19	0	94	0	303
19	0	94	0	323
19	0	94	0	288
19	0	94	0	316
19	0	94	0	288
19	0	95	1	205
19	0	96	1	205
19	0	97	1	256
19	0	97	1	257
19	0	98	0	279
19	0	98	0	284
19	0	98	0	269
19	0	98	0	279
19	0	99	0	370
19	0	99	0	341
19	0	99	0	341
19	0	99	0	370
19	0	99	0	333
19	0	99	0	370
19	0	99	0	341
19	0	100	0	288
19	0	100	0	264
19	0	100	0	288
19	0	100	0	264
19	0	101	0	298
19	0	101	0	298
19	0	101	0	333
19	0	101	0	341
19	0	101	0	341
19	0	101	0	333
19	0	102	0	339
19	0	102	0	318
19	0	102	0	318
19	0	102	0	318
19	0	102	0	318
19	0	103	0	287
19	0	103	0	325
19	0	103	0	287
19	0	103	0	329
19	0	103	0	325
19	0	103	0	287
19	0	104	1	223
19	0	104	1	224
19	0	104	1	225
19	0	106	0	320
19	0	106	0	269
19	0	106	0	320
19	0	106	0	284
19	0	107	0	310
19	0	107	0	327
19	0	107	0	327
19	0	107	0	328
19	0	107	0	328
19	0	108	0	322
19	0	108	0	322
19	0	108	0	321
19	0	108	0	320
19	0	108	0	284
19	0	108	0	322
19	0	109	0	287
19	0	109	0	324
19	0	109	0	324
19	0	109	0	285
19	0	110	1	166
19	0	110	1	167
19	0	111	0	340
19	0	111	0	340
19	0	111	0	303
19	0	111	0	303
19	0	111	0	316
19	0	111	0	340
19	0	111	0	323
19	0	112	0	321
19	0	112	0	321
19	0	112	0	321
19	0	112	0	320
19	0	112	0	284
19	0	112	0	322
19	0	113	0	291
19	0	113	0	333
19	0	113	0	291
19	0	113	0	291
19	0	114	0	289
19	0	115	0	288
19	0	115	0	303
19	0	115	0	288
19	0	115	0	288
19	0	116	1	223
19	0	116	1	224
19	0	116	1	225
19	0	117	0	341
19	0	117	0	333
19	0	117	0	291
19	0	118	1	192
19	0	118	1	193
19	0	118	1	133
19	0	118	1	172
19	0	119	0	317
19	0	119	0	302
19	0	119	0	302
19	0	119	0	339
19	0	121	1	223
19	0	121	1	224
19	0	121	1	224
19	0	121	1	225
19	0	121	1	225
19	0	122	0	351
19	0	122	0	351
19	0	122	0	351
19	0	122	0	351
19	0	122	0	321
19	0	122	0	350
19	0	122	0	351
19	0	122	0	351
19	0	122	0	365
19	0	123	1	223
19	0	123	1	224
19	0	123	1	225
19	0	129	0	322
19	0	129	0	350
19	0	129	0	322
19	0	129	0	350
19	0	129	0	350
19	0	129	0	322
19	0	129	0	321
19	0	130	0	317
19	0	130	0	317
19	0	130	0	317
19	0	130	0	339
19	0	130	0	339
19	0	131	0	342
19	0	131	0	328
19	0	131	0	354
19	0	131	0	342
19	0	131	0	364
19	0	131	0	364
19	0	131	0	342
19	0	131	0	342
19	0	131	0	364
19	0	132	0	321
19	0	132	0	321
19	0	132	0	351
19	0	132	0	351
19	0	132	0	351
19	0	132	0	321
19	0	132	0	322
19	0	132	0	350
19	0	133	0	323
19	0	133	0	349
19	0	133	0	340
19	0	133	0	349
19	0	133	0	349
19	0	133	0	340
19	0	133	0	323
19	0	133	0	371
19	0	133	0	323
19	0	134	0	340
19	0	134	0	349
19	0	134	0	323
19	0	134	0	349
19	0	134	0	371
19	0	134	0	340
19	0	134	0	323
19	0	134	0	340
19	0	134	0	349
19	0	135	0	310
19	0	135	0	327
19	0	135	0	327
19	0	135	0	328
19	0	135	0	328
19	0	135	0	310
19	0	135	0	342
19	0	138	0	323
19	0	138	0	316
19	0	138	0	323
19	0	138	0	316
19	0	138	0	288
19	0	138	0	303
19	0	139	1	256
19	0	139	1	257
19	0	145	0	354
19	0	145	0	342
19	0	145	0	342
19	0	145	0	364
19	0	145	0	342
19	0	145	0	342
19	0	145	0	328
19	0	145	0	342
19	0	145	0	328
19	0	148	0	364
19	0	148	0	328
19	0	148	0	342
19	0	148	0	328
19	0	148	0	364
19	0	148	0	364
19	0	148	0	364
19	0	148	0	328
19	0	148	0	342
19	0	149	1	256
19	0	149	1	257
19	0	150	0	371
19	0	150	0	349
19	0	150	0	349
19	0	150	0	323
19	0	150	0	340
19	0	150	0	323
19	0	150	0	323
19	0	150	0	371
19	0	150	0	323
19	0	151	0	323
19	0	151	0	323
19	0	151	0	340
19	0	151	0	340
19	0	151	0	349
19	0	151	0	340
19	0	151	0	349
19	0	152	0	285
19	0	152	0	286
19	0	153	0	341
19	0	153	0	348
19	0	153	0	333
19	0	153	0	333
19	0	153	0	370
19	0	153	0	348
19	0	154	0	288
19	0	154	0	316
19	0	154	0	303
19	0	154	0	316
19	0	154	0	316
19	0	156	0	284
19	0	156	0	321
19	0	156	0	322
19	0	156	0	321
19	0	156	0	321
19	0	157	1	223
19	0	157	1	224
19	0	157	1	225
19	0	159	1	192
19	0	159	1	193
19	0	159	1	133
19	0	159	1	172
19	0	160	0	322
19	0	160	0	320
19	0	160	0	321
19	0	160	0	322
19	0	160	0	320
19	0	160	0	322
19	0	160	0	350
19	0	161	0	287
19	0	161	0	329
19	0	161	0	287
19	0	161	0	287
19	0	161	0	325
19	0	161	0	325
19	0	162	0	318
19	0	162	0	317
19	0	162	0	317
19	0	162	0	318
19	0	163	0	288
19	0	163	0	288
19	0	163	0	323
19	0	163	0	323
19	0	163	0	288
19	0	163	0	303
19	0	164	0	333
19	0	164	0	291
19	0	164	0	291
19	0	164	0	289
19	0	167	0	318
19	0	167	0	326
19	0	167	0	352
19	0	167	0	339
19	0	167	0	352
19	0	169	1	118
19	0	172	0	278
19	0	173	0	320
19	0	173	0	284
19	0	173	0	284
19	0	173	0	320
19	0	173	0	284
19	0	174	0	323
19	0	174	0	323
19	0	174	0	288
19	0	174	0	288
19	0	174	0	303
19	0	174	0	288
19	0	176	1	372
19	0	179	1	192
19	0	179	1	193
19	0	179	1	133
19	0	179	1	172
19	0	181	0	310
19	0	181	0	327
19	0	181	0	328
19	0	181	0	328
19	0	183	0	316
19	0	183	0	349
19	0	183	0	316
19	0	183	0	323
19	0	183	0	340
19	0	183	0	323
19	0	183	0	323
19	0	184	0	341
19	0	184	0	333
19	0	184	0	348
19	0	184	0	370
19	0	184	0	370
19	0	184	0	370
19	0	184	0	341
19	0	186	0	284
19	0	186	0	321
19	0	186	0	322
19	0	186	0	321
19	0	186	0	284
19	0	186	0	284
19	0	189	0	283
19	0	191	0	351
19	0	191	0	321
19	0	191	0	350
19	0	191	0	321
19	0	191	0	350
19	0	191	0	322
19	0	191	0	350
19	0	191	0	350
19	0	192	0	364
19	0	192	0	342
19	0	192	0	328
19	0	192	0	354
19	0	192	0	364
19	0	192	0	342
19	0	192	0	354
19	0	193	0	279
19	0	193	0	279
19	0	194	1	192
19	0	194	1	193
19	0	194	1	133
19	0	194	1	172
19	0	197	1	205
19	0	198	1	223
19	0	198	1	224
19	0	198	1	225
19	0	200	1	256
19	0	200	1	257
19	0	201	0	288
19	0	202	0	348
19	0	202	0	348
19	0	202	0	348
19	0	202	0	333
19	0	202	0	333
19	0	202	0	341
19	0	204	1	256
19	0	204	1	257
19	0	210	1	256
19	0	210	1	257
19	0	212	0	325
19	0	212	0	324
19	0	212	0	329
19	0	216	0	286
19	0	216	0	285
19	0	217	1	256
19	0	217	1	257
19	0	221	0	323
19	0	221	0	316
19	0	221	0	288
19	0	221	0	316
19	0	221	0	316
19	0	221	0	323
19	0	222	0	348
19	0	222	0	348
19	0	222	0	333
19	0	222	0	298
19	0	222	0	298
19	0	222	0	333
19	0	223	1	223
19	0	223	1	224
19	0	223	1	225
19	0	224	0	349
19	0	224	0	340
19	0	224	0	349
19	0	224	0	340
19	0	224	0	323
19	0	224	0	340
19	0	224	0	340
19	0	228	1	166
19	0	228	1	167
19	0	229	0	327
19	0	229	0	327
19	0	229	0	283
19	0	229	0	327
19	0	229	0	327
19	0	232	0	283
19	0	232	0	328
19	0	232	0	328
19	0	232	0	328
19	0	233	0	288
19	0	233	0	316
19	0	233	0	303
19	0	233	0	323
19	0	233	0	303
19	0	233	0	303
19	0	234	0	350
19	0	234	0	351
19	0	234	0	321
19	0	234	0	351
19	0	234	0	350
19	0	234	0	351
19	0	234	0	351
19	0	234	0	350
19	0	234	0	350
19	0	235	1	223
19	0	235	1	224
19	0	235	1	225
19	0	236	1	205
19	0	237	0	327
19	0	237	0	328
19	0	237	0	328
19	0	237	0	327
19	0	237	0	283
19	0	237	0	283
19	0	238	0	323
19	0	238	0	316
19	0	238	0	323
19	0	239	0	348
19	0	239	0	333
19	0	239	0	333
19	0	239	0	298
19	0	239	0	341
19	0	239	0	341
19	0	240	0	310
19	0	240	0	328
19	0	240	0	327
19	0	240	0	342
19	0	242	0	348
19	0	242	0	333
19	0	242	0	298
19	0	242	0	298
19	0	242	0	333
19	0	242	0	298
19	0	242	0	341
19	0	242	0	348
19	0	242	0	348
19	0	242	0	348
19	0	243	0	341
19	0	243	0	333
19	0	243	0	341
19	0	246	0	288
19	0	246	0	316
19	0	247	1	205
19	0	248	0	283
19	0	248	0	283
19	0	248	0	278
19	0	248	0	265
19	0	251	0	288
19	0	251	0	274
19	0	251	0	274
19	0	251	0	316
19	0	251	0	274
19	0	255	0	325
19	0	255	0	325
19	0	255	0	287
19	0	255	0	287
19	0	255	0	324
19	0	256	1	192
19	0	256	1	193
19	0	256	1	133
19	0	256	1	172
19	0	258	0	289
19	0	260	0	340
19	0	260	0	303
19	0	260	0	323
19	0	260	0	323
19	0	260	0	303
19	0	261	1	223
19	0	261	1	224
19	0	261	1	225
19	0	262	0	365
19	0	262	0	350
19	0	262	0	321
19	0	262	0	321
19	0	262	0	351
19	0	262	0	365
19	0	262	0	351
19	0	262	0	351
19	0	264	1	166
19	0	264	1	167
19	0	264	1	167
19	0	265	1	166
19	0	265	1	167
19	0	267	1	166
19	0	267	1	167
19	0	269	1	256
19	0	269	1	257
19	0	272	0	265
19	0	273	0	303
19	0	273	0	303
19	0	273	0	274
19	0	276	0	310
19	0	276	0	310
19	0	276	0	310
19	0	276	0	310
19	0	277	0	279
19	0	277	0	284
19	0	282	0	287
19	0	282	0	286
19	0	283	0	323
19	0	283	0	323
19	0	283	0	323
19	0	283	0	316
19	0	283	0	316
19	0	283	0	303
19	0	283	0	316
19	0	285	0	324
19	0	285	0	285
19	0	287	1	205
19	0	290	0	320
19	0	290	0	321
19	0	290	0	322
19	0	290	0	320
19	0	290	0	284
19	0	290	0	320
19	0	294	1	223
19	0	294	1	224
19	0	294	1	224
19	0	294	1	224
19	0	294	1	224
19	0	294	1	225
19	0	294	1	225
19	0	294	1	225
19	0	294	1	225
19	0	297	0	287
19	0	297	0	325
19	0	297	0	286
19	0	297	0	287
19	0	299	0	286
19	0	299	0	286
19	0	299	0	287
19	0	299	0	286
19	0	299	0	286
19	0	301	0	274
19	0	301	0	303
19	0	301	0	303
19	0	304	0	303
19	0	307	0	285
19	0	308	0	341
19	0	308	0	341
19	0	309	0	303
19	0	309	0	316
19	0	309	0	303
19	0	309	0	303
19	0	309	0	288
19	0	309	0	303
19	0	311	0	348
19	0	311	0	341
19	0	311	0	298
19	0	311	0	341
19	0	311	0	341
19	0	314	0	322
19	0	314	0	351
19	0	314	0	322
19	0	314	0	350
19	0	314	0	350
19	0	314	0	322
19	0	314	0	351
19	0	314	0	351
19	0	317	0	291
19	0	317	0	333
19	0	317	0	289
19	0	317	0	289
19	0	318	0	298
19	0	318	0	298
19	0	318	0	341
19	0	318	0	298
19	0	321	0	323
19	0	321	0	288
19	0	321	0	323
19	0	321	0	323
19	0	321	0	323
19	0	321	0	316
19	0	323	1	205
19	0	325	1	305
19	0	325	1	306
19	0	327	0	342
19	0	327	0	327
19	0	327	0	327
19	0	327	0	327
19	0	327	0	310
19	0	327	0	327
19	0	327	0	328
19	0	330	0	341
19	0	330	0	348
19	0	330	0	370
19	0	330	0	333
19	0	330	0	341
19	0	330	0	348
19	0	330	0	370
19	0	331	0	287
19	0	331	0	287
19	0	331	0	287
19	0	334	0	285
19	0	334	0	324
19	0	335	0	320
19	0	335	0	284
19	0	335	0	322
19	0	335	0	320
19	0	335	0	322
19	0	335	0	320
19	0	337	1	223
19	0	337	1	224
19	0	337	1	225
19	0	339	0	325
19	0	339	0	329
19	0	339	0	329
19	0	339	0	324
19	0	339	0	329
19	0	340	0	269
19	0	340	0	279
19	0	340	0	279
19	0	340	0	279
19	0	343	1	166
19	0	343	1	167
19	0	343	1	167
19	0	344	0	264
19	0	344	0	274
19	0	344	0	303
19	0	344	0	303
19	0	346	1	205
19	0	347	0	279
19	0	348	0	303
19	0	348	0	340
19	0	348	0	340
19	0	348	0	323
19	0	348	0	316
19	0	354	0	322
19	0	354	0	322
19	0	354	0	320
19	0	354	0	321
19	0	354	0	320
19	0	354	0	284
19	0	355	0	339
19	0	355	0	326
19	0	355	0	352
19	0	355	0	352
19	0	359	0	287
19	0	359	0	329
19	0	359	0	329
19	0	359	0	324
19	0	359	0	287
19	0	362	0	323
19	0	362	0	316
19	0	362	0	316
19	0	362	0	288
19	0	362	0	303
19	0	362	0	316
19	0	365	0	278
19	0	365	0	310
19	0	365	0	265
19	0	365	0	265
19	0	367	0	279
19	0	367	0	279
19	0	367	0	279
19	0	367	0	279
19	0	369	0	328
19	0	369	0	327
19	0	369	0	283
19	0	369	0	283
19	0	369	0	328
19	0	369	0	327
19	0	374	0	324
19	0	376	0	303
19	0	376	0	316
19	0	376	0	323
19	0	376	0	303
19	0	376	0	323
19	0	379	0	329
19	0	379	0	329
19	0	379	0	325
19	0	379	0	324
19	0	379	0	329
19	0	379	0	287
19	0	380	0	364
19	0	380	0	354
19	0	380	0	364
19	0	380	0	354
19	0	380	0	328
19	0	380	0	354
19	0	380	0	354
19	0	380	0	342
19	0	380	0	364
19	0	388	0	325
19	0	388	0	324
19	0	389	0	320
19	0	389	0	322
19	0	389	0	320
19	0	389	0	321
19	0	392	0	323
19	0	392	0	323
19	0	392	0	316
19	0	392	0	323
19	0	392	0	323
19	0	394	0	274
19	0	394	0	264
19	0	394	0	303
19	0	394	0	303
19	0	395	1	205
19	0	396	0	298
19	0	398	0	269
19	0	400	0	322
19	0	400	0	320
19	0	400	0	322
19	0	400	0	322
19	0	406	0	316
19	0	406	0	274
19	0	406	0	303
19	0	410	1	166
19	0	410	1	167
19	0	411	0	291
19	0	411	0	298
19	0	411	0	298
19	0	411	0	291
19	0	412	0	278
19	0	413	0	325
19	0	413	0	325
19	0	413	0	324
19	0	413	0	286
19	0	414	0	352
19	0	414	0	352
19	0	414	0	318
19	0	414	0	352
19	0	414	0	318
19	0	419	0	316
19	0	419	0	288
19	0	419	0	303
19	0	419	0	316
19	0	419	0	323
19	0	419	0	303
19	0	421	1	223
19	0	421	1	224
19	0	421	1	225
19	0	422	0	288
19	0	422	0	316
19	0	422	0	316
19	0	422	0	316
19	0	425	1	223
19	0	425	1	224
19	0	425	1	224
19	0	425	1	224
19	0	425	1	224
19	0	425	1	225
19	0	425	1	225
19	0	425	1	225
19	0	425	1	225
19	0	426	1	192
19	0	426	1	193
19	0	426	1	133
19	0	426	1	172
19	0	427	0	285
19	0	428	0	303
19	0	428	0	323
19	0	428	0	340
19	0	428	0	323
19	0	428	0	303
19	0	428	0	340
19	0	432	0	323
19	0	432	0	316
19	0	432	0	316
19	0	432	0	316
19	0	432	0	316
19	0	432	0	288
19	0	434	1	166
19	0	434	1	167
19	0	435	0	288
19	0	435	0	264
19	0	435	0	288
19	0	435	0	288
19	0	437	1	120
19	0	439	1	308
19	0	442	0	316
19	0	442	0	316
19	0	442	0	323
19	0	442	0	323
19	0	443	1	166
19	0	443	1	167
19	0	443	1	167
19	0	443	1	167
19	0	445	0	339
19	0	445	0	339
19	0	445	0	318
19	0	445	0	352
19	0	445	0	339
19	0	445	0	352
19	0	446	1	223
19	0	446	1	224
19	0	446	1	225
19	0	450	1	192
19	0	450	1	193
19	0	450	1	133
19	0	450	1	172
19	0	451	0	298
19	0	451	0	333
19	0	451	0	333
19	0	451	0	333
19	0	453	0	303
19	0	453	0	288
19	0	453	0	274
19	0	453	0	274
19	0	455	0	279
19	0	455	0	320
19	0	455	0	279
19	0	455	0	279
19	0	461	0	354
19	0	461	0	342
19	0	461	0	354
19	0	461	0	342
19	0	461	0	342
19	0	461	0	354
19	0	461	0	364
19	0	466	1	166
19	0	466	1	167
19	0	467	0	269
19	0	467	0	269
19	0	467	0	269
19	0	467	0	279
19	0	469	0	325
19	0	469	0	324
19	0	469	0	287
19	0	469	0	287
19	0	469	0	286
19	0	470	0	303
19	0	470	0	303
19	0	470	0	274
19	0	470	0	303
19	0	470	0	303
19	0	471	0	333
19	0	471	0	289
19	0	471	0	291
19	0	473	0	339
19	0	473	0	326
19	0	473	0	326
19	0	473	0	318
19	0	473	0	318
19	0	473	0	318
19	0	476	0	264
19	0	482	0	283
19	0	482	0	283
19	0	482	0	327
19	0	489	1	223
19	0	489	1	224
19	0	489	1	225
19	0	491	0	279
19	0	491	0	279
19	0	491	0	284
19	0	493	0	320
19	0	496	0	340
19	0	496	0	323
19	0	496	0	316
19	0	496	0	340
19	0	496	0	340
19	0	496	0	316
19	0	497	0	316
19	0	497	0	303
19	0	497	0	340
19	0	497	0	340
19	0	497	0	316
19	0	497	0	316
19	0	497	0	303
19	0	500	1	223
19	0	500	1	224
19	0	500	1	225
19	0	503	0	288
19	0	503	0	288
19	0	503	0	316
19	0	503	0	316
19	0	503	0	316
19	0	504	0	322
19	0	504	0	284
19	0	504	0	284
19	0	504	0	321
19	0	505	1	223
19	0	505	1	224
19	0	505	1	225
19	0	506	0	265
19	0	506	0	265
19	0	506	0	310
19	0	506	0	278
19	0	513	0	283
19	0	513	0	283
19	0	513	0	265
19	0	513	0	278
19	0	514	0	278
19	0	515	0	279
19	0	517	1	223
19	0	517	1	224
19	0	517	1	225
19	0	519	0	320
19	0	519	0	284
19	0	519	0	322
19	0	519	0	320
19	0	519	0	321
19	0	519	0	320
19	0	525	0	310
19	0	528	0	279
19	0	528	0	279
19	0	528	0	279
19	0	528	0	320
19	0	528	0	279
19	0	529	0	324
19	0	529	0	324
19	0	529	0	286
19	0	529	0	285
19	0	530	0	264
19	0	530	0	264
19	0	532	0	279
19	0	533	0	339
19	0	533	0	352
19	0	533	0	369
19	0	533	0	352
19	0	533	0	352
19	0	536	1	205
19	0	542	1	166
19	0	542	1	167
19	0	542	1	167
19	0	542	1	167
19	0	547	0	288
19	0	547	0	303
19	0	547	0	323
19	0	547	0	316
19	0	547	0	316
19	0	547	0	303
19	0	548	1	223
19	0	548	1	224
19	0	548	1	225
19	0	549	1	192
19	0	549	1	193
19	0	549	1	133
19	0	549	1	172
19	0	552	1	192
19	0	552	1	193
19	0	552	1	133
19	0	552	1	172
19	0	557	1	192
19	0	557	1	193
19	0	557	1	133
19	0	557	1	172
19	0	559	1	166
19	0	559	1	167
19	0	560	1	205
19	0	562	1	166
19	0	562	1	167
19	0	564	0	288
19	0	564	0	264
19	0	564	0	288
19	0	566	0	284
19	0	568	0	288
19	0	568	0	316
19	0	568	0	303
19	0	568	0	323
19	0	568	0	288
19	0	568	0	316
19	0	569	1	192
19	0	569	1	193
19	0	569	1	133
19	0	569	1	172
19	0	570	1	192
19	0	570	1	193
19	0	570	1	133
19	0	570	1	172
19	0	576	1	166
19	0	576	1	167
19	0	583	1	205
19	0	587	0	348
19	0	587	0	348
19	0	587	0	333
19	0	587	0	298
19	0	587	0	333
19	0	591	0	310
19	0	591	0	310
19	0	591	0	283
19	0	591	0	283
19	0	593	0	287
19	0	596	1	192
19	0	596	1	193
19	0	596	1	133
19	0	596	1	172
19	0	600	0	342
19	0	600	0	328
19	0	600	0	342
19	0	600	0	328
19	0	600	0	327
19	0	600	0	354
19	0	600	0	354
19	0	600	0	342
19	0	604	0	284
19	0	604	0	279
19	0	606	0	303
19	0	606	0	303
19	0	606	0	288
19	0	606	0	323
19	0	606	0	288
19	0	610	0	324
19	0	610	0	325
19	0	612	1	205
19	0	613	0	316
19	0	613	0	303
19	0	613	0	288
19	0	613	0	288
19	0	613	0	303
19	0	613	0	288
19	0	614	0	352
19	0	614	0	339
19	0	614	0	318
19	0	614	0	326
19	0	614	0	326
19	0	614	0	339
19	0	616	0	324
19	0	616	0	325
19	0	616	0	324
19	0	616	0	325
19	0	616	0	287
19	0	623	0	298
19	0	623	0	298
19	0	623	0	333
19	0	626	0	284
19	0	626	0	320
19	0	626	0	279
19	0	629	1	166
19	0	629	1	167
19	0	641	0	298
19	0	642	0	285
19	0	643	0	316
19	0	643	0	303
19	0	643	0	323
19	0	643	0	340
19	0	643	0	303
19	0	643	0	316
19	0	644	1	166
19	0	644	1	167
19	0	646	0	339
19	0	647	0	316
19	0	647	0	323
19	0	647	0	303
19	0	647	0	316
19	0	647	0	323
19	0	647	0	340
19	0	649	1	166
19	0	649	1	167
19	0	650	0	284
19	0	650	0	320
19	0	650	0	322
19	0	650	0	284
19	0	650	0	284
19	0	652	0	287
19	0	652	0	287
19	0	652	0	287
19	0	652	0	325
19	0	652	0	325
19	0	652	0	329
19	0	655	1	256
19	0	655	1	257
19	0	656	0	303
19	0	656	0	303
19	0	656	0	316
19	0	656	0	303
19	0	656	0	316
19	0	656	0	323
19	0	657	1	118
19	0	661	1	256
19	0	661	1	257
19	0	662	0	339
19	0	662	0	326
19	0	662	0	317
19	0	662	0	317
19	0	667	1	192
19	0	667	1	193
19	0	667	1	133
19	0	667	1	172
19	0	669	1	223
19	0	669	1	224
19	0	669	1	225
19	0	671	0	279
19	0	671	0	269
19	0	671	0	279
19	0	673	1	166
19	0	673	1	167
19	0	677	0	285
19	0	677	0	286
19	0	677	0	285
19	0	677	0	285
19	0	678	0	287
19	0	678	0	329
19	0	678	0	329
19	0	678	0	329
19	0	678	0	324
19	0	678	0	287
19	0	680	0	279
19	0	680	0	320
19	0	680	0	320
19	0	681	0	323
19	0	681	0	288
19	0	681	0	288
19	0	681	0	303
19	0	681	0	288
19	0	682	0	279
19	0	682	0	320
19	0	683	1	205
19	0	684	1	223
19	0	684	1	224
19	0	684	1	225
19	0	685	0	284
19	0	685	0	284
19	0	685	0	279
19	0	686	0	322
19	0	686	0	284
19	0	691	1	192
19	0	691	1	193
19	0	691	1	133
19	0	691	1	172
19	0	693	1	223
19	0	693	1	224
19	0	693	1	225
19	0	694	0	279
19	0	694	0	279
19	0	694	0	284
19	0	696	0	320
19	0	696	0	320
19	0	696	0	322
19	0	696	0	320
19	0	696	0	284
19	0	703	0	264
19	0	704	0	287
19	0	704	0	324
19	0	705	0	324
19	0	705	0	324
19	0	705	0	325
19	0	705	0	287
19	0	705	0	324
19	0	705	0	325
19	0	707	1	256
19	0	707	1	257
19	0	709	0	289
19	0	709	0	333
19	0	710	0	321
19	0	710	0	284
19	0	710	0	322
19	0	710	0	320
19	0	713	0	316
19	0	713	0	316
19	0	713	0	340
19	0	713	0	323
19	0	713	0	303
19	0	713	0	340
19	0	713	0	303
19	0	714	0	283
19	0	716	0	286
19	0	717	0	284
19	0	718	1	166
19	0	718	1	167
19	0	719	0	333
19	0	723	0	287
19	0	723	0	287
19	0	726	0	302
19	0	726	0	318
19	0	727	0	324
19	0	727	0	324
19	0	727	0	325
19	0	727	0	353
19	0	727	0	325
19	0	727	0	325
19	0	730	0	291
19	0	730	0	298
19	0	730	0	298
19	0	732	0	317
19	0	732	0	317
19	0	736	1	118
19	0	736	1	118
19	0	736	1	118
19	0	736	1	118
19	0	741	1	166
19	0	741	1	167
19	0	743	1	166
19	0	743	1	167
19	0	744	0	342
19	0	744	0	310
19	0	744	0	327
19	0	744	0	328
19	0	744	0	328
19	0	749	0	303
19	0	749	0	316
19	0	761	0	339
19	0	761	0	317
19	0	761	0	317
19	0	761	0	318
19	0	768	0	374
19	0	772	0	333
19	0	772	0	333
19	0	772	0	298
19	0	773	0	284
19	0	773	0	269
19	0	773	0	269
19	0	773	0	284
19	0	775	0	342
19	0	775	0	342
19	0	775	0	342
19	0	775	0	342
19	0	775	0	328
19	0	775	0	342
19	0	775	0	328
19	0	779	0	341
19	0	779	0	341
19	0	779	0	341
19	0	779	0	333
19	0	779	0	348
19	0	779	0	298
19	0	780	1	166
19	0	780	1	167
19	0	783	0	320
19	0	783	0	321
19	0	783	0	321
19	0	783	0	322
19	0	783	0	320
19	0	784	1	223
19	0	784	1	224
19	0	784	1	225
19	0	785	0	303
19	0	785	0	288
19	0	785	0	316
19	0	785	0	303
19	0	785	0	274
19	0	792	1	166
19	0	792	1	167
19	0	793	0	285
19	0	793	0	286
19	0	793	0	324
19	0	793	0	287
19	0	804	1	223
19	0	804	1	224
19	0	804	1	225
19	0	805	1	256
19	0	805	1	257
19	0	808	1	223
19	0	808	1	224
19	0	808	1	225
19	0	810	1	256
19	0	810	1	257
19	0	811	0	269
19	0	817	0	318
19	0	818	0	321
19	0	818	0	284
19	0	818	0	320
19	0	818	0	320
19	0	818	0	320
19	0	818	0	322
19	0	822	0	285
19	0	822	0	324
19	0	822	0	287
19	0	822	0	285
19	0	824	0	324
19	0	824	0	324
19	0	830	0	302
19	0	830	0	339
19	0	830	0	302
19	0	831	0	303
19	0	831	0	316
19	0	831	0	316
19	0	832	1	205
19	0	838	1	256
19	0	838	1	257
19	0	840	0	324
19	0	840	0	324
19	0	841	0	269
19	0	841	0	269
19	0	841	0	269
19	0	841	0	269
19	0	845	0	287
19	0	845	0	325
19	0	845	0	329
19	0	845	0	329
19	0	845	0	287
19	0	847	1	166
19	0	847	1	167
19	0	850	1	192
19	0	850	1	193
19	0	850	1	133
19	0	850	1	172
19	0	852	1	166
19	0	852	1	167
19	0	854	0	320
19	0	854	0	284
19	0	854	0	284
19	0	858	0	287
19	0	858	0	329
19	0	858	0	324
19	0	858	0	324
19	0	860	0	322
19	0	860	0	322
19	0	860	0	321
19	0	860	0	320
19	0	860	0	350
19	0	860	0	320
19	0	860	0	320
19	0	867	0	278
19	0	876	1	205
19	0	878	1	256
19	0	878	1	257
19	0	880	0	320
19	0	880	0	284
19	0	880	0	322
19	0	880	0	321
19	0	880	0	284
19	0	880	0	284
19	0	888	0	320
19	0	888	0	284
19	0	888	0	321
19	0	888	0	284
19	0	890	1	256
19	0	890	1	257
19	0	891	0	288
19	0	891	0	288
19	0	891	0	323
19	0	891	0	316
19	0	901	0	265
19	0	903	0	283
19	0	908	0	303
19	0	908	0	323
19	0	908	0	303
19	0	908	0	303
19	0	914	0	333
19	0	914	0	298
19	0	914	0	298
19	0	914	0	348
19	0	921	0	329
19	0	921	0	325
19	0	921	0	329
19	0	921	0	325
19	0	921	0	329
19	0	921	0	287
19	0	922	1	166
19	0	922	1	167
19	0	922	1	167
19	0	927	0	328
19	0	927	0	327
19	0	927	0	328
19	0	927	0	327
19	0	927	0	328
19	0	927	0	328
19	0	932	1	256
19	0	932	1	257
19	0	936	0	322
19	0	936	0	321
19	0	936	0	322
19	0	936	0	321
19	0	936	0	320
19	0	936	0	320
19	0	937	1	166
19	0	937	1	167
19	0	937	1	167
19	0	937	1	167
19	0	939	1	205
19	0	946	1	205
19	0	948	0	328
19	0	948	0	328
19	0	948	0	327
19	0	948	0	354
19	0	948	0	328
19	0	948	0	327
19	0	948	0	327
19	0	949	1	166
19	0	949	1	167
19	0	966	0	341
19	0	966	0	298
19	0	966	0	298
19	0	966	0	298
19	0	966	0	333
19	0	967	1	205
19	0	975	0	291
19	0	975	0	291
19	0	978	0	298
19	0	978	0	333
19	0	978	0	348
19	0	978	0	333
19	0	978	0	333
19	0	979	1	256
19	0	979	1	257
19	0	984	0	288
19	0	984	0	323
19	0	984	0	323
19	0	984	0	303
19	0	984	0	316
19	0	991	0	323
19	0	991	0	288
19	0	991	0	288
19	0	991	0	288
19	0	991	0	303
19	0	991	0	323
19	0	997	1	223
19	0	997	1	224
19	0	997	1	225
19	0	1005	1	256
19	0	1005	1	257
19	0	1006	1	299
19	0	1006	1	300
19	0	1009	0	339
19	0	1009	0	339
19	0	1009	0	339
19	0	1009	0	339
19	0	1010	1	305
19	0	1010	1	306
19	0	1012	0	284
19	0	1016	0	317
19	0	1016	0	318
19	0	1017	1	166
19	0	1017	1	167
19	0	1018	1	192
19	0	1018	1	193
19	0	1018	1	133
19	0	1018	1	172
19	0	1023	0	339
19	0	1023	0	326
19	0	1023	0	326
19	0	1023	0	339
19	0	1024	1	256
19	0	1024	1	257
19	0	1026	1	223
19	0	1026	1	224
19	0	1026	1	225
19	0	1029	1	166
19	0	1029	1	167
19	0	1029	1	167
19	0	1029	1	167
19	0	1029	1	167
19	0	1031	0	322
19	0	1031	0	284
19	0	1032	0	320
19	0	1032	0	284
19	0	1032	0	320
19	0	1041	0	288
19	0	1041	0	316
19	0	1041	0	303
19	0	1041	0	316
19	0	1041	0	303
19	0	1041	0	316
19	0	1046	0	288
19	0	1046	0	288
19	0	1046	0	274
19	0	1047	0	287
19	0	1047	0	325
19	0	1047	0	287
19	0	1047	0	324
19	0	1047	0	329
19	0	1047	0	329
19	0	1051	0	375
19	0	1051	0	370
19	0	1051	0	348
19	0	1051	0	375
19	0	1051	0	376
19	0	1051	0	376
19	0	1052	0	303
19	0	1055	0	324
19	0	1068	1	192
19	0	1068	1	193
19	0	1068	1	133
19	0	1068	1	172
19	0	1071	0	284
19	0	1071	0	320
19	0	1071	0	284
19	0	1071	0	279
19	0	1072	1	166
19	0	1072	1	167
19	0	1073	1	205
19	0	1075	0	289
19	0	1078	1	192
19	0	1078	1	193
19	0	1078	1	133
19	0	1078	1	172
19	0	1079	0	288
19	0	1079	0	303
19	0	1079	0	288
19	0	1081	1	120
19	0	1083	0	320
19	0	1083	0	320
19	0	1083	0	322
19	0	1083	0	322
19	0	1083	0	321
19	0	1085	1	166
19	0	1085	1	167
19	0	1087	0	354
19	0	1087	0	342
19	0	1087	0	342
19	0	1087	0	364
19	0	1087	0	328
19	0	1087	0	328
19	0	1087	0	342
19	0	1087	0	364
19	0	1087	0	328
19	0	1090	0	324
19	0	1090	0	324
19	0	1090	0	329
19	0	1090	0	329
19	0	1093	0	329
19	0	1093	0	329
19	0	1093	0	329
19	0	1093	0	324
19	0	1093	0	287
19	0	1093	0	329
19	0	1094	0	279
19	0	1094	0	269
19	0	1094	0	269
19	0	1094	0	284
19	0	1095	0	279
19	0	1095	0	269
19	0	1096	0	317
19	0	1103	1	166
19	0	1103	1	167
19	0	1109	1	192
19	0	1109	1	193
19	0	1109	1	133
19	0	1109	1	172
19	0	1110	1	223
19	0	1110	1	224
19	0	1110	1	225
19	0	1112	1	205
19	0	1113	1	205
19	0	1119	1	166
19	0	1119	1	167
19	0	1122	1	192
19	0	1122	1	193
19	0	1122	1	133
19	0	1122	1	172
19	0	1129	1	192
19	0	1129	1	193
19	0	1129	1	133
19	0	1129	1	172
19	0	1130	0	348
19	0	1130	0	298
19	0	1130	0	333
19	0	1132	0	286
19	0	1132	0	286
19	0	1132	0	286
19	0	1139	0	298
19	0	1139	0	291
19	0	1139	0	289
19	0	1141	1	223
19	0	1141	1	224
19	0	1141	1	225
19	0	1144	0	316
19	0	1144	0	349
19	0	1144	0	316
19	0	1144	0	316
19	0	1144	0	323
19	0	1144	0	323
19	0	1144	0	316
19	0	1145	0	310
19	0	1150	0	322
19	0	1150	0	320
19	0	1150	0	284
19	0	1150	0	320
19	0	1150	0	321
19	0	1150	0	284
19	0	1151	0	279
19	0	1154	1	166
19	0	1154	1	167
19	0	1155	1	205
19	0	1160	0	302
19	0	1162	1	205
19	0	1174	0	324
19	0	1179	0	340
19	0	1179	0	323
19	0	1179	0	340
19	0	1179	0	303
19	0	1179	0	340
19	0	1180	1	308
19	0	1183	0	341
19	0	1183	0	341
19	0	1183	0	348
19	0	1183	0	370
19	0	1183	0	333
19	0	1183	0	333
19	0	1183	0	370
19	0	1185	0	366
19	0	1185	0	325
19	0	1185	0	366
19	0	1185	0	329
19	0	1185	0	366
19	0	1185	0	366
19	0	1188	0	284
19	0	1188	0	320
19	0	1188	0	320
19	0	1188	0	284
19	0	1191	0	289
19	0	1192	0	288
19	0	1198	0	269
19	0	1198	0	320
19	0	1199	0	288
19	0	1199	0	303
19	0	1199	0	288
19	0	1199	0	288
19	0	1199	0	323
19	0	1199	0	303
19	0	1205	1	166
19	0	1205	1	167
19	0	1206	1	120
19	0	1211	0	316
19	0	1211	0	303
19	0	1211	0	303
19	0	1211	0	316
19	0	1211	0	316
19	0	1211	0	303
19	0	1213	0	303
19	0	1213	0	288
19	0	1216	0	288
19	0	1216	0	303
19	0	1216	0	288
19	0	1216	0	274
19	0	1216	0	274
19	0	1224	1	118
19	0	1226	1	166
19	0	1226	1	167
19	0	1226	1	167
19	0	1228	0	325
19	0	1228	0	286
19	0	1229	0	269
19	0	1229	0	284
19	0	1229	0	284
19	0	1229	0	320
19	0	1231	1	192
19	0	1231	1	193
19	0	1231	1	133
19	0	1231	1	172
19	0	1233	1	166
19	0	1233	1	167
19	0	1234	0	324
19	0	1236	0	288
19	0	1236	0	288
19	0	1236	0	323
19	0	1236	0	323
19	0	1236	0	316
19	0	1238	0	289
19	0	1238	0	298
19	0	1238	0	298
19	0	1243	0	318
19	0	1248	0	322
19	0	1248	0	321
19	0	1248	0	320
19	0	1248	0	320
19	0	1250	0	320
19	0	1250	0	322
19	0	1251	0	287
19	0	1252	0	316
19	0	1252	0	303
19	0	1252	0	288
19	0	1252	0	288
19	0	1252	0	288
19	0	1252	0	316
19	0	1254	0	340
19	0	1254	0	371
19	0	1254	0	323
19	0	1254	0	349
19	0	1254	0	340
19	0	1254	0	371
19	0	1255	0	323
19	0	1255	0	288
19	0	1255	0	316
19	0	1255	0	316
19	0	1255	0	323
19	0	1257	0	348
19	0	1257	0	333
19	0	1257	0	348
19	0	1257	0	341
19	0	1268	0	287
19	0	1268	0	285
19	0	1268	0	287
19	0	1268	0	287
19	0	1270	0	264
19	0	1270	0	274
19	0	1273	0	303
19	0	1274	0	323
19	0	1274	0	288
19	0	1274	0	323
19	0	1274	0	323
19	0	1275	0	352
19	0	1275	0	318
19	0	1275	0	352
19	0	1275	0	318
19	0	1275	0	326
19	0	1278	0	333
19	0	1283	0	298
19	0	1283	0	341
19	0	1283	0	341
19	0	1288	0	284
19	0	1291	0	286
19	0	1299	0	284
19	0	1303	0	328
19	0	1303	0	310
19	0	1303	0	328
19	0	1303	0	283
19	0	1307	0	264
19	0	1310	0	317
19	0	1318	0	316
19	0	1318	0	316
19	0	1320	0	354
19	0	1320	0	354
19	0	1320	0	327
19	0	1320	0	354
19	0	1320	0	327
19	0	1320	0	327
19	0	1320	0	328
19	0	1325	0	324
19	0	1328	0	274
19	0	1330	0	322
19	0	1330	0	284
19	0	1330	0	279
19	0	1331	0	274
19	0	1332	1	223
19	0	1332	1	224
19	0	1332	1	225
19	0	1337	1	166
19	0	1337	1	167
19	0	1338	0	316
19	0	1338	0	340
19	0	1338	0	316
19	0	1338	0	349
19	0	1338	0	349
19	0	1338	0	316
19	0	1338	0	323
19	0	1338	0	323
19	0	1342	1	166
19	0	1342	1	167
19	0	1347	0	333
19	0	1347	0	291
19	0	1348	1	205
19	0	1350	1	205
19	0	1351	1	205
19	0	1352	0	318
19	0	1352	0	339
19	0	1352	0	302
19	0	1352	0	339
19	0	1357	1	166
19	0	1357	1	167
19	0	1360	0	287
19	0	1361	0	291
19	0	1361	0	298
19	0	1363	0	286
19	0	1363	0	286
19	0	1363	0	324
19	0	1369	0	269
19	0	1373	1	205
19	0	1374	0	288
19	0	1375	1	166
19	0	1375	1	167
19	0	1375	1	167
19	0	1377	0	298
19	0	1377	0	333
19	0	1379	1	256
19	0	1379	1	257
19	0	1387	0	278
19	0	1391	1	223
19	0	1391	1	224
19	0	1391	1	225
19	0	1394	0	324
19	0	1394	0	287
19	0	1394	0	324
19	0	1394	0	287
19	0	1394	0	329
19	0	1419	0	283
19	0	1421	0	265
19	0	1423	1	205
19	0	1426	1	166
19	0	1426	1	167
19	0	1430	0	333
19	0	1430	0	298
19	0	1430	0	348
19	0	1430	0	341
19	0	1430	0	348
19	0	1430	0	341
19	0	1435	1	223
19	0	1435	1	224
19	0	1435	1	225
19	0	1437	0	310
19	0	1437	0	310
19	0	1438	1	166
19	0	1438	1	167
19	0	1442	0	303
19	0	1442	0	323
19	0	1442	0	303
19	0	1442	0	303
19	0	1442	0	288
19	0	1442	0	288
19	0	1447	1	205
19	0	1451	0	279
19	0	1452	0	341
19	0	1452	0	298
19	0	1452	0	341
19	0	1452	0	298
19	0	1452	0	298
19	0	1452	0	341
19	0	1453	0	320
19	0	1454	0	320
19	0	1462	1	205
19	0	1464	1	223
19	0	1464	1	224
19	0	1464	1	225
19	0	1477	0	274
19	0	1477	0	264
19	0	1477	0	303
19	0	1484	0	269
19	0	1486	0	341
19	0	1486	0	341
19	0	1486	0	333
19	0	1488	0	323
19	0	1488	0	323
19	0	1488	0	323
19	0	1488	0	323
19	0	1488	0	303
19	0	1491	1	223
19	0	1491	1	224
19	0	1491	1	225
19	0	1495	0	323
19	0	1495	0	340
19	0	1495	0	323
19	0	1495	0	323
19	0	1495	0	349
19	0	1495	0	323
19	0	1495	0	323
19	0	1501	0	316
19	0	1501	0	288
19	0	1501	0	288
19	0	1501	0	316
19	0	1501	0	303
19	0	1501	0	288
19	0	1504	0	298
19	0	1504	0	298
19	0	1504	0	333
19	0	1509	1	223
19	0	1509	1	224
19	0	1509	1	225
19	0	1512	0	279
19	0	1512	0	320
19	0	1512	0	269
19	0	1514	0	323
19	0	1514	0	316
19	0	1514	0	340
19	0	1514	0	303
19	0	1514	0	303
19	0	1524	1	166
19	0	1524	1	167
19	0	1526	0	317
19	0	1526	0	326
19	0	1527	0	329
19	0	1527	0	325
19	0	1527	0	287
19	0	1533	0	289
19	0	1536	1	223
19	0	1536	1	224
19	0	1536	1	225
19	0	1537	1	166
19	0	1537	1	167
19	0	1537	1	167
19	0	1538	1	299
19	0	1538	1	300
19	0	1543	0	310
19	0	1543	0	327
19	0	1543	0	283
19	0	1543	0	283
19	0	1543	0	310
19	0	1545	1	205
19	0	1546	1	118
19	0	1549	1	308
19	0	1550	0	348
19	0	1550	0	341
19	0	1550	0	348
19	0	1550	0	341
19	0	1559	0	269
19	0	1568	0	274
19	0	1568	0	288
19	0	1568	0	288
19	0	1568	0	274
19	0	1575	0	303
19	0	1575	0	303
19	0	1575	0	316
19	0	1575	0	316
19	0	1577	1	166
19	0	1577	1	167
19	0	1579	1	205
19	0	1584	1	166
19	0	1584	1	167
19	0	1587	1	205
19	0	1593	0	322
19	0	1593	0	350
19	0	1593	0	320
19	0	1593	0	322
19	0	1593	0	320
19	0	1593	0	322
19	0	1594	0	320
19	0	1594	0	279
19	0	1602	0	316
19	0	1602	0	274
19	0	1602	0	316
19	0	1609	1	192
19	0	1609	1	193
19	0	1609	1	133
19	0	1609	1	172
19	0	1611	1	192
19	0	1611	1	193
19	0	1611	1	133
19	0	1611	1	172
19	0	1612	0	316
19	0	1612	0	316
19	0	1612	0	274
19	0	1615	0	333
19	0	1620	1	223
19	0	1620	1	224
19	0	1620	1	224
19	0	1620	1	225
19	0	1620	1	225
19	0	1622	1	166
19	0	1622	1	167
19	0	1622	1	167
19	0	1622	1	167
19	0	1622	1	167
19	0	1624	1	223
19	0	1624	1	224
19	0	1624	1	225
19	0	1625	0	284
19	0	1629	1	192
19	0	1629	1	193
19	0	1629	1	133
19	0	1629	1	172
19	0	1632	0	287
19	0	1636	1	205
19	0	1638	0	291
19	0	1638	0	291
19	0	1639	1	192
19	0	1639	1	193
19	0	1639	1	133
19	0	1639	1	172
19	0	1642	0	323
19	0	1642	0	288
19	0	1642	0	316
19	0	1642	0	288
19	0	1642	0	316
19	0	1642	0	303
19	0	1647	0	286
19	0	1651	0	324
19	0	1654	0	322
19	0	1654	0	284
19	0	1654	0	284
19	0	1657	0	288
19	0	1657	0	264
19	0	1657	0	274
19	0	1657	0	303
19	0	1662	1	223
19	0	1662	1	224
19	0	1662	1	225
19	0	1663	0	324
19	0	1663	0	287
19	0	1666	0	288
19	0	1666	0	303
19	0	1666	0	274
19	0	1666	0	288
19	0	1672	0	325
19	0	1672	0	286
19	0	1677	1	120
19	0	1680	1	192
19	0	1680	1	193
19	0	1680	1	133
19	0	1680	1	172
19	0	1686	0	274
19	0	1687	1	166
19	0	1687	1	167
19	0	1690	1	256
19	0	1690	1	257
19	0	1692	0	291
19	0	1692	0	298
19	0	1692	0	291
19	0	1697	1	205
19	0	1701	0	341
19	0	1701	0	348
19	0	1701	0	341
19	0	1701	0	341
19	0	1701	0	348
19	0	1715	1	223
19	0	1715	1	224
19	0	1715	1	225
19	0	1716	0	291
19	0	1718	1	192
19	0	1718	1	193
19	0	1718	1	133
19	0	1718	1	172
19	0	1720	0	324
19	0	1720	0	325
19	0	1720	0	325
19	0	1722	1	205
19	0	1723	1	205
19	0	1725	0	303
19	0	1725	0	323
19	0	1725	0	303
19	0	1725	0	303
19	0	1727	0	283
19	0	1729	1	205
19	0	1732	0	274
19	0	1732	0	274
19	0	1733	0	328
19	0	1733	0	327
19	0	1733	0	283
19	0	1733	0	328
19	0	1733	0	283
19	0	1733	0	283
19	0	1737	1	223
19	0	1737	1	224
19	0	1737	1	225
19	0	1742	0	303
19	0	1742	0	303
19	0	1742	0	303
19	0	1742	0	274
19	0	1742	0	303
19	0	1746	1	192
19	0	1746	1	193
19	0	1746	1	133
19	0	1746	1	172
19	0	1748	1	223
19	0	1748	1	224
19	0	1748	1	225
19	0	1751	0	287
19	0	1751	0	286
19	0	1753	1	205
19	0	1757	0	318
19	0	1757	0	339
19	0	1757	0	317
19	0	1757	0	302
19	0	1761	0	339
19	0	1764	0	339
19	0	1764	0	318
19	0	1764	0	317
19	0	1764	0	318
19	0	1764	0	339
19	0	1766	0	287
19	0	1768	0	298
19	0	1768	0	333
19	0	1768	0	333
19	0	1768	0	341
19	0	1768	0	341
19	0	1773	0	341
19	0	1773	0	333
19	0	1773	0	348
19	0	1773	0	333
19	0	1775	0	269
19	0	1778	0	324
19	0	1778	0	324
19	0	1778	0	324
19	0	1779	0	286
19	0	1780	0	322
19	0	1780	0	320
19	0	1780	0	322
19	0	1780	0	284
19	0	1780	0	320
19	0	1788	0	298
19	0	1789	0	310
19	0	1795	1	192
19	0	1795	1	193
19	0	1795	1	133
19	0	1795	1	172
19	0	1802	1	192
19	0	1802	1	193
19	0	1802	1	133
19	0	1802	1	172
19	0	1808	0	278
19	0	1809	0	323
19	0	1809	0	323
19	0	1809	0	316
19	0	1809	0	316
19	0	1809	0	303
19	0	1809	0	323
19	0	1817	1	166
19	0	1817	1	167
19	0	1826	0	320
19	0	1829	1	223
19	0	1829	1	224
19	0	1829	1	224
19	0	1829	1	224
19	0	1829	1	225
19	0	1829	1	225
19	0	1829	1	225
19	0	1835	1	120
19	0	1836	1	166
19	0	1836	1	167
19	0	1836	1	167
19	0	1836	1	167
19	0	1836	1	167
19	0	1839	0	265
19	0	1839	0	310
19	0	1839	0	283
19	0	1850	1	205
19	0	1853	0	286
19	0	1853	0	286
19	0	1857	0	287
19	0	1857	0	286
19	0	1857	0	324
19	0	1858	1	166
19	0	1858	1	167
19	0	1858	1	167
19	0	1862	1	223
19	0	1862	1	224
19	0	1862	1	225
19	0	1867	1	166
19	0	1867	1	167
19	0	1877	1	223
19	0	1877	1	224
19	0	1877	1	224
19	0	1877	1	225
19	0	1877	1	225
19	0	1878	0	287
19	0	1884	0	288
19	0	1884	0	288
19	0	1885	0	264
19	0	1885	0	264
19	0	1887	1	166
19	0	1887	1	167
19	0	1888	1	205
19	0	1889	0	324
19	0	1895	1	205
19	0	1896	1	166
19	0	1896	1	167
19	0	1909	0	286
19	0	1911	0	288
19	0	1911	0	288
19	0	1915	0	284
19	0	1917	0	283
19	0	1923	1	205
19	0	1928	1	192
19	0	1928	1	193
19	0	1928	1	133
19	0	1928	1	172
19	0	1929	0	303
19	0	1929	0	274
19	0	1930	0	323
19	0	1930	0	316
19	0	1930	0	288
19	0	1931	0	285
19	0	1934	0	286
19	0	1936	1	166
19	0	1936	1	167
19	0	1938	1	205
19	0	1942	1	205
19	0	1947	1	205
19	0	1948	0	320
19	0	1948	0	320
19	0	1949	1	192
19	0	1949	1	193
19	0	1949	1	133
19	0	1949	1	172
19	0	1950	0	303
19	0	1952	0	286
19	0	1955	0	327
19	0	1955	0	328
19	0	1955	0	283
19	0	1956	1	205
19	0	1960	0	288
19	0	1960	0	274
19	0	1960	0	264
19	0	1962	0	302
19	0	1963	0	288
19	0	1965	1	192
19	0	1965	1	193
19	0	1965	1	133
19	0	1965	1	172
19	0	1967	0	332
19	0	1969	0	333
19	0	1969	0	333
19	0	1970	0	302
19	0	1984	1	166
19	0	1984	1	167
19	0	1990	1	166
19	0	1990	1	167
19	0	1995	0	283
19	0	2004	0	279
19	0	2009	0	284
19	0	2011	0	274
19	0	2013	0	352
19	0	2013	0	352
19	0	2013	0	352
19	0	2022	1	120
19	0	2030	0	265
19	0	2032	0	269
19	0	2032	0	279
19	0	2043	1	166
19	0	2043	1	167
19	0	2044	1	166
19	0	2044	1	167
19	0	2047	0	269
19	0	2050	0	253
19	0	2050	0	274
19	0	2050	0	274
19	0	2050	0	253
19	0	2055	0	317
19	0	2055	0	318
19	0	2060	1	166
19	0	2060	1	167
19	0	2062	1	166
19	0	2062	1	167
19	0	2067	0	274
19	0	2067	0	303
19	0	2070	0	269
19	0	2073	0	275
19	0	2076	0	264
19	0	2076	0	303
19	0	2080	1	166
19	0	2080	1	167
19	0	2080	1	167
19	0	2085	1	192
19	0	2085	1	193
19	0	2085	1	133
19	0	2085	1	172
19	0	2086	1	166
19	0	2086	1	167
19	0	2087	0	327
19	0	2087	0	278
19	0	2087	0	278
19	0	2091	0	279
19	0	2091	0	279
19	0	2091	0	279
19	0	2101	0	264
19	0	2107	0	269
19	0	2107	0	284
19	0	2111	0	302
19	0	2111	0	277
19	0	2115	0	317
19	0	2117	0	260
19	0	2118	0	279
19	0	2118	0	279
19	0	2121	1	166
19	0	2121	1	167
19	0	2125	1	166
19	0	2125	1	167
19	0	2129	1	166
19	0	2129	1	167
19	0	2130	0	291
19	0	2130	0	298
19	0	2130	0	291
19	0	2135	0	288
19	0	2135	0	253
19	0	2135	0	274
19	0	2135	0	253
19	0	2148	0	285
19	0	2148	0	324
19	0	2148	0	286
19	0	2148	0	285
19	0	2153	0	285
19	0	2154	0	276
19	0	2160	1	166
19	0	2160	1	167
19	0	2161	0	289
19	0	2161	0	289
19	0	2163	1	166
19	0	2163	1	167
19	0	2164	1	192
19	0	2164	1	193
19	0	2164	1	133
19	0	2164	1	172
19	0	2165	1	166
19	0	2165	1	167
19	0	2167	1	166
19	0	2167	1	167
19	0	2171	1	166
19	0	2171	1	167
19	0	2177	1	166
19	0	2177	1	167
19	0	2179	1	118
19	0	2181	1	192
19	0	2181	1	193
19	0	2181	1	133
19	0	2181	1	172
19	0	2186	1	296
19	0	2189	0	265
19	0	2189	0	247
19	0	2193	1	166
19	0	2193	1	167
19	0	2194	1	166
19	0	2194	1	167
19	0	2198	1	205
19	0	2210	1	192
19	0	2210	1	193
19	0	2210	1	133
19	0	2210	1	172
19	0	2214	0	254
19	0	2214	0	255
19	0	2214	0	255
19	0	2228	0	254
19	0	2229	0	248
19	0	2229	0	248
19	0	2229	0	277
19	0	2229	0	277
19	0	2230	1	166
19	0	2230	1	167
19	0	2230	1	167
19	0	2239	0	275
19	0	2239	0	255
19	0	2239	0	254
19	0	2239	0	275
19	0	2242	0	264
19	0	2242	0	262
19	0	2245	0	233
19	0	2250	0	246
19	0	2250	0	253
19	0	2250	0	264
19	0	2253	0	248
19	0	2255	0	265
19	0	2255	0	265
19	0	2255	0	265
19	0	2255	0	265
19	0	2256	1	166
19	0	2256	1	167
19	0	2258	0	237
19	0	2259	0	255
19	0	2259	0	255
19	0	2261	1	192
19	0	2261	1	193
19	0	2261	1	133
19	0	2261	1	172
19	0	2262	0	289
19	0	2262	0	289
19	0	2262	0	291
19	0	2262	0	254
19	0	2262	0	289
19	0	2262	0	291
19	0	2270	0	317
19	0	2270	0	302
19	0	2270	0	318
19	0	2270	0	302
19	0	2270	0	302
19	0	2271	0	233
19	0	2271	0	209
19	0	2271	0	233
19	0	2271	0	232
19	0	2273	1	205
19	0	2274	0	276
19	0	2274	0	272
19	0	2274	0	272
19	0	2274	0	276
19	0	2274	0	248
19	0	2276	0	199
19	0	2279	0	232
19	0	2279	0	232
19	0	2285	0	233
19	0	2285	0	233
19	0	2285	0	212
19	0	2285	0	233
19	0	2285	0	233
19	0	2288	0	237
19	0	2289	0	271
19	0	2289	0	260
19	0	2291	0	244
19	0	2291	0	271
19	0	2291	0	259
19	0	2291	0	244
19	0	2292	0	237
19	0	2292	0	247
19	0	2294	0	234
19	0	2297	0	243
19	0	2302	1	166
19	0	2302	1	167
19	0	2306	0	243
19	0	2306	0	254
19	0	2306	0	255
19	0	2306	0	255
19	0	2310	0	236
19	0	2310	0	253
19	0	2314	0	310
19	0	2314	0	283
19	0	2314	0	278
19	0	2314	0	278
19	0	2314	0	283
19	0	2314	0	278
19	0	2314	0	265
19	0	2314	0	265
19	0	2314	0	278
19	0	2318	0	250
19	0	2318	0	233
19	0	2318	0	250
19	0	2320	1	118
19	0	2325	0	247
19	0	2325	0	238
19	0	2325	0	247
19	0	2326	0	255
19	0	2327	0	276
19	0	2327	0	272
19	0	2327	0	248
19	0	2327	0	248
19	0	2327	0	272
19	0	2327	0	248
19	0	2335	0	259
19	0	2337	1	166
19	0	2337	1	167
19	0	2340	0	233
19	0	2340	0	209
19	0	2340	0	212
19	0	2344	0	233
19	0	2345	0	214
19	0	2345	0	181
19	0	2345	0	214
19	0	2347	0	276
19	0	2347	0	272
19	0	2347	0	277
19	0	2347	0	272
19	0	2350	1	118
19	0	2351	1	120
19	0	2352	0	302
19	0	2352	0	277
19	0	2352	0	277
19	0	2352	0	277
19	0	2355	0	272
19	0	2355	0	272
19	0	2355	0	276
19	0	2355	0	277
19	0	2355	0	276
19	0	2355	0	272
19	0	2361	1	166
19	0	2361	1	167
19	0	2373	0	248
19	0	2373	0	248
19	0	2373	0	272
19	0	2373	0	245
19	0	2373	0	215
19	0	2381	0	211
19	0	2381	0	211
19	0	2384	0	207
19	0	2389	0	233
19	0	2389	0	209
19	0	2389	0	212
19	0	2392	0	185
19	0	2392	0	185
19	0	2393	0	221
19	0	2393	0	221
19	0	2393	0	221
19	0	2393	0	196
19	0	2398	0	238
19	0	2398	0	214
19	0	2398	0	199
19	0	2400	0	197
19	0	2400	0	211
19	0	2403	0	175
19	0	2403	0	214
19	0	2403	0	181
19	0	2405	0	185
19	0	2405	0	212
19	0	2405	0	212
19	0	2406	0	222
19	0	2406	0	244
19	0	2406	0	259
19	0	2406	0	259
19	0	2407	0	197
19	0	2407	0	194
19	0	2410	0	233
19	0	2410	0	209
19	0	2410	0	232
19	0	2410	0	209
19	0	2410	0	232
19	0	2410	0	232
19	0	2411	0	197
19	0	2411	0	244
19	0	2411	0	222
19	0	2411	0	211
19	0	2411	0	222
19	0	2415	0	185
19	0	2415	0	165
19	0	2416	0	185
19	0	2419	1	205
19	0	2421	1	166
19	0	2421	1	167
19	0	2425	1	166
19	0	2425	1	167
19	0	2428	0	221
19	0	2428	0	196
19	0	2431	1	120
19	0	2432	0	209
19	0	2432	0	165
19	0	2432	0	209
19	0	2433	0	185
19	0	2433	0	185
19	0	2435	0	185
19	0	2435	0	209
19	0	2435	0	185
19	0	2436	0	152
19	0	2436	0	165
19	0	2436	0	185
19	0	2437	0	196
19	0	2438	0	164
19	0	2449	0	227
19	0	2449	0	196
19	0	2450	0	191
19	0	2453	0	234
19	0	2453	0	207
19	0	2453	0	210
19	0	2456	0	221
19	0	2456	0	221
19	0	2456	0	227
19	0	2456	0	227
19	0	2456	0	221
19	0	2456	0	243
19	0	2456	0	221
19	0	2457	1	120
19	0	2460	0	221
19	0	2460	0	227
19	0	2464	0	165
19	0	2465	0	165
19	0	2471	0	152
19	0	2472	0	191
19	0	2475	0	221
19	0	2476	0	152
19	0	2477	1	192
19	0	2477	1	193
19	0	2477	1	133
19	0	2477	1	172
19	0	2480	0	196
19	0	2481	0	232
19	0	2481	0	233
19	0	2481	0	232
19	0	2481	0	232
19	0	2481	0	232
19	0	2481	0	232
19	0	2482	0	175
19	0	2483	1	166
19	0	2483	1	167
19	0	2483	1	167
19	0	2483	1	167
19	0	2485	0	184
19	0	2485	0	184
19	0	2486	1	166
19	0	2486	1	167
19	0	2487	0	204
19	0	2487	0	204
19	0	2487	0	204
19	0	2487	0	204
19	0	2490	0	164
19	0	2490	0	185
19	0	2490	0	165
19	0	2490	0	209
19	0	2491	0	194
19	0	2494	0	206
19	0	2495	1	166
19	0	2495	1	167
19	0	2498	1	166
19	0	2498	1	167
19	0	2498	1	167
19	0	2499	0	206
19	0	2499	0	173
19	0	2506	0	173
19	0	2508	1	166
19	0	2508	1	167
19	0	2510	0	227
19	0	2510	0	204
19	0	2510	0	221
19	0	2510	0	196
19	0	2512	0	164
19	0	2513	1	120
19	0	2514	0	207
19	0	2514	0	173
19	0	2514	0	173
19	0	2514	0	207
19	0	2514	0	207
19	0	2520	1	166
19	0	2520	1	167
19	0	2521	0	176
19	0	2521	0	176
19	0	2521	0	176
19	0	2524	0	174
19	0	2528	0	164
19	0	2528	0	139
19	0	2528	0	139
19	0	2528	0	152
19	0	2528	0	164
19	0	2529	1	166
19	0	2529	1	167
19	0	2534	0	132
19	0	2534	0	140
19	0	2534	0	132
19	0	2534	0	140
19	0	2534	0	175
19	0	2535	0	158
19	0	2535	0	158
19	0	2538	1	192
19	0	2538	1	193
19	0	2538	1	133
19	0	2538	1	172
19	0	2539	0	201
19	0	2539	0	215
19	0	2539	0	201
19	0	2540	0	144
19	0	2549	0	191
19	0	2549	0	191
19	0	2549	0	113
19	0	2550	0	184
19	0	2550	0	196
19	0	2550	0	196
19	0	2550	0	184
19	0	2554	0	171
19	0	2554	0	158
19	0	2554	0	171
19	0	2555	0	144
19	0	2556	1	166
19	0	2556	1	167
19	0	2557	0	140
19	0	2557	0	141
19	0	2557	0	141
19	0	2557	0	175
19	0	2557	0	140
19	0	2557	0	141
19	0	2562	0	131
19	0	2569	0	132
19	0	2569	0	103
19	0	2569	0	103
19	0	2569	0	132
19	0	2577	0	139
19	0	2577	0	127
19	0	2579	0	194
19	0	2579	0	194
19	0	2579	0	171
19	0	2579	0	171
19	0	2581	1	120
19	0	2586	0	184
19	0	2586	0	176
19	0	2586	0	184
19	0	2588	1	118
19	0	2588	1	118
19	0	2589	0	171
19	0	2589	0	143
19	0	2593	0	196
19	0	2593	0	184
19	0	2593	0	196
19	0	2593	0	196
19	0	2593	0	176
19	0	2593	0	204
19	0	2594	1	166
19	0	2594	1	167
19	0	2603	1	120
19	0	2609	0	116
19	0	2609	0	116
19	0	2611	0	106
19	0	2611	0	158
19	0	2611	0	143
19	0	2611	0	106
19	0	2612	0	103
19	0	2614	1	118
19	0	2615	1	120
19	0	2617	1	166
19	0	2617	1	167
19	0	2620	1	118
19	0	2622	0	97
19	0	2623	0	105
19	0	2624	0	144
19	0	2625	1	118
19	0	2627	0	116
19	0	2627	0	107
19	0	2628	1	166
19	0	2628	1	167
19	0	2632	1	118
19	0	2633	0	116
19	0	2634	0	114
19	0	2634	0	112
19	0	2635	0	116
19	0	2635	0	139
19	0	2635	0	116
19	0	2635	0	127
19	0	2637	0	115
19	0	2637	0	113
19	0	2637	0	115
19	0	2637	0	114
19	0	2639	1	118
19	0	2640	0	129
19	0	2640	0	144
19	0	2640	0	176
19	0	2640	0	129
19	0	2644	0	127
19	0	2644	0	116
19	0	2644	0	116
19	0	2645	0	105
19	0	2646	0	141
19	0	2646	0	141
19	0	2646	0	141
19	0	2646	0	140
19	0	2647	1	120
19	0	2649	0	95
19	0	2650	0	114
19	0	2651	0	95
19	0	2652	0	97
19	0	2653	1	118
19	0	2659	0	105
19	0	2660	0	129
19	0	2660	0	133
19	0	2660	0	176
19	0	2660	0	176
19	0	2660	0	129
19	0	2660	0	129
19	0	2662	1	118
19	0	2665	0	131
19	0	2665	0	131
19	0	2665	0	105
19	0	2666	0	103
19	0	2666	0	105
19	0	2667	1	118
19	0	2670	0	144
19	0	2670	0	129
19	0	2671	1	118
19	0	2672	0	105
19	0	2675	1	118
19	0	2678	1	118
19	0	2679	0	99
19	0	2679	0	102
19	0	2680	0	105
19	0	2684	0	107
19	0	2685	1	118
19	0	2685	1	118
19	0	2685	1	118
19	0	2685	1	118
19	0	2687	1	118
19	0	2689	0	101
19	0	2689	0	106
19	0	2690	0	102
19	0	2694	1	118
19	0	2696	0	102
19	0	2696	0	102
19	0	2696	0	127
19	0	2696	0	127
19	0	2696	0	102
19	0	2696	0	102
19	0	2700	1	118
19	0	2701	0	105
19	0	2702	1	118
19	0	2705	0	95
19	0	2706	0	94
19	0	2708	1	118
19	0	2710	1	118
19	0	2711	0	292
19	0	2711	0	156
19	0	2711	0	156
19	0	2711	0	292
19	0	2714	1	118
19	0	2715	0	99
19	0	2716	1	118
19	0	2716	1	118
19	0	2716	1	118
19	0	2717	1	118
19	0	2718	0	95
19	0	2719	0	108
19	0	2719	0	101
19	0	2724	0	103
19	0	2724	0	131
19	0	2724	0	131
19	0	2724	0	97
19	0	2724	0	131
19	0	2725	1	118
19	0	2726	0	109
19	0	2727	1	118
19	0	2728	1	118
19	0	2730	0	97
19	0	2730	0	97
19	0	2730	0	103
19	0	2733	1	118
19	0	2733	1	118
19	0	2736	1	118
19	0	2738	0	116
19	0	2738	0	99
19	0	2738	0	116
19	0	2739	1	118
19	0	2740	1	118
19	0	2741	0	110
19	0	2742	1	118
19	0	2743	0	98
19	0	2743	0	98
19	0	2743	0	99
19	0	2743	0	102
19	0	2743	0	99
19	0	2744	0	104
19	0	2744	0	104
19	0	2749	0	97
19	0	2750	0	107
19	0	2750	0	107
19	0	2752	0	102
19	0	2754	1	118
19	0	2755	0	129
19	0	2755	0	128
19	0	2755	0	144
19	0	2755	0	129
19	0	2755	0	144
19	0	2756	1	120
19	0	2757	0	97
19	0	2757	0	95
19	0	2757	0	105
19	0	2758	1	118
19	0	2762	0	94
19	0	2762	0	94
19	0	2763	0	94
19	0	2764	0	97
19	0	2764	0	94
19	0	2764	0	97
19	0	2764	0	95
19	0	2765	0	109
19	0	2766	0	98
19	0	2767	0	94
19	0	2768	0	94
19	0	2772	0	111
19	0	2772	0	111
19	0	2773	0	94
19	0	2775	0	110
19	0	2775	0	111
19	0	2776	0	94
19	0	2776	0	97
19	0	2777	0	94
19	0	2778	0	94
19	0	2779	0	95
19	0	2779	0	94
19	0	2780	0	95
19	0	2781	0	98
19	0	2783	0	100
19	0	2784	0	100
19	0	2787	0	94
19	0	2789	0	98
19	0	2790	0	105
19	0	2790	0	94
19	0	2790	0	97
19	0	2790	0	97
19	0	2790	0	95
19	0	2790	0	95
