result_no	generate_no	e_no	party_type	party_no	
48	0	1	0	1
48	0	1	1	1
48	0	2	0	2
48	0	2	1	2
48	0	3	0	3
48	0	3	1	3
48	0	3	10	3
48	0	3	11	3
48	0	4	0	4
48	0	4	1	4
48	0	5	0	5
48	0	5	1	5
48	0	5	10	5
48	0	5	11	5
48	0	6	0	5
48	0	6	1	5
48	0	6	10	5
48	0	6	11	5
48	0	7	0	7
48	0	7	1	7
48	0	8	0	8
48	0	8	1	8
48	0	9	0	9
48	0	9	1	9
48	0	9	10	9
48	0	9	11	9
48	0	10	0	10
48	0	10	1	10
48	0	11	0	11
48	0	11	1	11
48	0	11	11	11
48	0	12	0	12
48	0	12	1	12
48	0	13	0	13
48	0	13	1	13
48	0	13	10	13
48	0	13	11	13
48	0	16	0	16
48	0	16	1	16
48	0	17	0	17
48	0	17	1	17
48	0	19	0	19
48	0	19	1	19
48	0	19	10	19
48	0	20	0	20
48	0	20	1	20
48	0	20	11	20
48	0	21	0	21
48	0	21	1	5
48	0	21	11	5
48	0	23	0	23
48	0	23	1	23
48	0	23	10	23
48	0	23	11	23
48	0	24	0	24
48	0	24	1	24
48	0	24	10	24
48	0	24	11	24
48	0	25	0	25
48	0	25	1	25
48	0	25	10	25
48	0	25	11	25
48	0	26	0	20
48	0	26	1	20
48	0	26	11	20
48	0	27	0	27
48	0	27	1	27
48	0	28	0	28
48	0	28	1	28
48	0	28	10	28
48	0	28	11	28
48	0	29	0	24
48	0	29	1	24
48	0	29	10	24
48	0	29	11	24
48	0	30	0	30
48	0	30	1	30
48	0	32	0	32
48	0	32	1	32
48	0	33	0	33
48	0	33	1	33
48	0	34	0	19
48	0	34	1	19
48	0	34	10	19
48	0	36	0	36
48	0	36	1	36
48	0	36	10	36
48	0	36	11	36
48	0	37	0	37
48	0	37	1	37
48	0	38	0	38
48	0	38	1	38
48	0	38	10	38
48	0	39	0	39
48	0	39	1	39
48	0	40	0	32
48	0	40	1	32
48	0	42	0	42
48	0	42	1	42
48	0	43	0	43
48	0	43	1	43
48	0	43	11	43
48	0	44	0	44
48	0	44	1	44
48	0	46	0	46
48	0	46	1	46
48	0	46	11	46
48	0	47	0	47
48	0	47	1	43
48	0	47	11	43
48	0	48	0	48
48	0	48	1	48
48	0	49	0	49
48	0	49	1	49
48	0	50	0	50
48	0	50	1	17
48	0	52	0	52
48	0	52	1	52
48	0	52	11	52
48	0	53	0	16
48	0	53	1	16
48	0	54	0	54
48	0	54	1	54
48	0	54	11	54
48	0	55	0	55
48	0	55	1	55
48	0	55	11	55
48	0	57	0	57
48	0	57	1	57
48	0	58	0	58
48	0	58	1	58
48	0	58	11	58
48	0	59	0	59
48	0	59	1	59
48	0	59	10	59
48	0	59	11	59
48	0	61	0	61
48	0	61	1	38
48	0	61	10	61
48	0	63	0	63
48	0	63	1	63
48	0	65	0	44
48	0	65	1	65
48	0	66	0	66
48	0	66	1	66
48	0	67	0	67
48	0	67	1	67
48	0	68	0	68
48	0	68	1	68
48	0	69	0	69
48	0	69	1	69
48	0	70	0	70
48	0	70	1	70
48	0	71	0	71
48	0	71	1	71
48	0	71	10	71
48	0	72	0	72
48	0	72	1	72
48	0	73	0	73
48	0	73	1	73
48	0	73	10	73
48	0	73	11	73
48	0	75	0	43
48	0	75	1	75
48	0	76	0	76
48	0	76	1	75
48	0	78	0	78
48	0	78	1	78
48	0	79	0	24
48	0	79	1	79
48	0	79	10	79
48	0	79	11	79
48	0	80	0	80
48	0	80	1	80
48	0	80	11	80
48	0	81	0	81
48	0	81	1	81
48	0	83	0	73
48	0	83	1	73
48	0	83	10	73
48	0	83	11	73
48	0	84	0	50
48	0	84	1	17
48	0	85	0	85
48	0	85	1	85
48	0	86	0	86
48	0	86	1	86
48	0	86	11	86
48	0	87	0	87
48	0	87	1	87
48	0	88	0	88
48	0	88	1	42
48	0	89	0	89
48	0	89	1	89
48	0	89	10	89
48	0	90	0	90
48	0	90	1	90
48	0	90	10	90
48	0	90	11	90
48	0	91	0	38
48	0	91	1	38
48	0	91	10	38
48	0	92	0	92
48	0	92	1	92
48	0	93	0	42
48	0	93	1	42
48	0	94	0	94
48	0	94	1	94
48	0	94	10	94
48	0	94	11	94
48	0	96	0	63
48	0	96	1	63
48	0	97	0	97
48	0	97	1	97
48	0	98	0	98
48	0	98	1	98
48	0	99	0	99
48	0	99	1	99
48	0	99	10	99
48	0	99	11	99
48	0	100	0	100
48	0	100	1	8
48	0	101	0	97
48	0	101	1	97
48	0	103	0	103
48	0	103	1	103
48	0	104	0	55
48	0	104	1	104
48	0	104	11	104
48	0	105	0	32
48	0	105	1	32
48	0	106	0	106
48	0	106	1	106
48	0	107	0	90
48	0	107	1	90
48	0	107	10	90
48	0	107	11	90
48	0	108	0	108
48	0	108	1	108
48	0	108	10	108
48	0	109	0	109
48	0	109	1	109
48	0	110	0	110
48	0	110	1	110
48	0	111	0	111
48	0	111	1	111
48	0	112	0	112
48	0	112	1	112
48	0	112	10	112
48	0	112	11	112
48	0	113	0	113
48	0	113	1	113
48	0	114	0	114
48	0	114	1	114
48	0	115	0	115
48	0	115	1	115
48	0	116	0	76
48	0	116	1	43
48	0	116	11	43
48	0	117	0	117
48	0	117	1	117
48	0	118	0	33
48	0	118	1	118
48	0	118	11	118
48	0	120	0	24
48	0	120	1	24
48	0	120	10	24
48	0	120	11	24
48	0	121	0	121
48	0	121	1	121
48	0	122	0	122
48	0	122	1	122
48	0	122	10	122
48	0	123	0	123
48	0	123	1	75
48	0	127	0	24
48	0	127	1	24
48	0	127	10	24
48	0	127	11	24
48	0	129	0	129
48	0	129	1	129
48	0	130	0	112
48	0	130	1	112
48	0	130	10	112
48	0	130	11	112
48	0	131	0	131
48	0	131	1	131
48	0	131	11	131
48	0	132	0	132
48	0	132	1	132
48	0	132	10	132
48	0	132	11	132
48	0	133	0	133
48	0	133	1	133
48	0	134	0	134
48	0	134	1	134
48	0	134	11	134
48	0	135	0	135
48	0	135	1	135
48	0	135	11	135
48	0	138	0	13
48	0	138	1	13
48	0	138	10	13
48	0	138	11	13
48	0	139	0	139
48	0	139	1	139
48	0	139	11	139
48	0	140	0	140
48	0	140	1	78
48	0	143	0	32
48	0	143	1	32
48	0	144	0	135
48	0	144	1	112
48	0	144	11	112
48	0	145	0	145
48	0	145	1	145
48	0	145	10	145
48	0	145	11	145
48	0	146	0	28
48	0	146	1	28
48	0	146	10	28
48	0	146	11	28
48	0	147	0	133
48	0	147	1	147
48	0	148	0	148
48	0	148	1	148
48	0	148	11	148
48	0	149	0	149
48	0	149	1	149
48	0	149	10	149
48	0	149	11	149
48	0	150	0	150
48	0	150	1	150
48	0	150	10	150
48	0	150	11	150
48	0	151	0	151
48	0	151	1	151
48	0	151	11	151
48	0	153	0	153
48	0	153	1	153
48	0	154	0	154
48	0	154	1	154
48	0	155	0	155
48	0	155	1	65
48	0	156	0	156
48	0	156	1	156
48	0	157	0	157
48	0	157	1	157
48	0	157	10	157
48	0	157	11	157
48	0	158	0	158
48	0	158	1	154
48	0	159	0	159
48	0	159	1	159
48	0	160	0	160
48	0	160	1	160
48	0	160	10	160
48	0	160	11	160
48	0	161	0	161
48	0	161	1	161
48	0	162	0	162
48	0	162	1	65
48	0	163	0	148
48	0	163	1	163
48	0	163	11	163
48	0	164	0	158
48	0	164	1	164
48	0	167	0	167
48	0	167	1	129
48	0	169	0	169
48	0	169	1	169
48	0	170	0	170
48	0	170	1	170
48	0	171	0	20
48	0	171	1	20
48	0	171	11	20
48	0	173	0	173
48	0	173	1	173
48	0	174	0	174
48	0	174	1	4
48	0	176	0	72
48	0	176	1	176
48	0	176	11	176
48	0	178	0	158
48	0	178	1	164
48	0	179	0	179
48	0	179	1	179
48	0	179	10	179
48	0	179	11	179
48	0	180	0	24
48	0	180	1	79
48	0	180	10	79
48	0	180	11	79
48	0	183	0	183
48	0	183	1	183
48	0	183	10	183
48	0	183	11	183
48	0	184	0	149
48	0	184	1	184
48	0	184	10	149
48	0	185	0	42
48	0	185	1	185
48	0	186	0	186
48	0	186	1	186
48	0	186	10	186
48	0	188	0	173
48	0	188	1	173
48	0	189	0	189
48	0	189	1	189
48	0	190	0	68
48	0	190	1	68
48	0	191	0	132
48	0	191	1	132
48	0	191	10	132
48	0	191	11	132
48	0	192	0	192
48	0	192	1	192
48	0	194	0	33
48	0	194	1	33
48	0	195	0	195
48	0	195	1	13
48	0	195	10	195
48	0	195	11	195
48	0	196	0	196
48	0	196	1	196
48	0	197	0	197
48	0	197	1	197
48	0	198	0	47
48	0	198	1	43
48	0	198	11	43
48	0	200	0	186
48	0	200	1	200
48	0	200	10	186
48	0	201	0	81
48	0	201	1	81
48	0	204	0	204
48	0	204	1	204
48	0	205	0	73
48	0	205	1	73
48	0	205	10	73
48	0	205	11	73
48	0	206	0	10
48	0	206	1	10
48	0	209	0	183
48	0	209	1	183
48	0	209	10	183
48	0	209	11	183
48	0	210	0	210
48	0	210	1	210
48	0	212	0	212
48	0	212	1	212
48	0	213	0	213
48	0	213	1	131
48	0	213	11	131
48	0	215	0	44
48	0	215	1	44
48	0	217	0	217
48	0	217	1	217
48	0	217	10	217
48	0	218	0	28
48	0	218	1	28
48	0	218	10	28
48	0	218	11	28
48	0	221	0	221
48	0	221	1	221
48	0	222	0	222
48	0	222	1	200
48	0	223	0	223
48	0	223	1	223
48	0	223	10	223
48	0	223	11	223
48	0	224	0	151
48	0	224	1	151
48	0	224	11	151
48	0	225	0	225
48	0	225	1	3
48	0	225	10	225
48	0	225	11	3
48	0	226	0	89
48	0	226	1	89
48	0	226	10	89
48	0	227	0	10
48	0	227	1	10
48	0	228	0	228
48	0	228	1	228
48	0	228	10	228
48	0	232	0	232
48	0	232	1	232
48	0	232	10	232
48	0	232	11	232
48	0	233	0	233
48	0	233	1	163
48	0	233	10	233
48	0	233	11	163
48	0	234	0	234
48	0	234	1	234
48	0	234	10	234
48	0	234	11	234
48	0	235	0	235
48	0	235	1	235
48	0	236	0	236
48	0	236	1	236
48	0	237	0	237
48	0	237	1	237
48	0	237	10	237
48	0	237	11	237
48	0	238	0	238
48	0	238	1	238
48	0	238	11	238
48	0	240	0	240
48	0	240	1	240
48	0	241	0	237
48	0	241	1	237
48	0	241	10	237
48	0	241	11	237
48	0	242	0	242
48	0	242	1	242
48	0	242	11	242
48	0	243	0	243
48	0	243	1	243
48	0	243	10	243
48	0	243	11	243
48	0	244	0	244
48	0	244	1	244
48	0	244	11	244
48	0	245	0	245
48	0	245	1	245
48	0	245	11	245
48	0	246	0	246
48	0	246	1	246
48	0	246	10	246
48	0	246	11	246
48	0	247	0	247
48	0	247	1	247
48	0	248	0	248
48	0	248	1	248
48	0	251	0	251
48	0	251	1	251
48	0	253	0	253
48	0	253	1	253
48	0	253	11	253
48	0	255	0	255
48	0	255	1	255
48	0	255	11	255
48	0	256	0	256
48	0	256	1	256
48	0	256	10	256
48	0	256	11	256
48	0	259	0	19
48	0	259	1	259
48	0	259	10	19
48	0	260	0	186
48	0	260	1	260
48	0	260	10	186
48	0	260	11	260
48	0	261	0	174
48	0	261	1	261
48	0	262	0	183
48	0	262	1	183
48	0	262	10	183
48	0	262	11	183
48	0	264	0	264
48	0	264	1	264
48	0	266	0	158
48	0	266	1	164
48	0	269	0	269
48	0	269	1	269
48	0	270	0	2
48	0	270	1	2
48	0	271	0	145
48	0	271	1	145
48	0	271	10	145
48	0	271	11	145
48	0	273	0	273
48	0	273	1	273
48	0	273	11	273
48	0	274	0	274
48	0	274	1	274
48	0	275	0	275
48	0	275	1	3
48	0	275	11	3
48	0	276	0	276
48	0	276	1	276
48	0	277	0	277
48	0	277	1	277
48	0	280	0	5
48	0	280	1	104
48	0	280	10	5
48	0	280	11	104
48	0	281	0	115
48	0	281	1	115
48	0	283	0	283
48	0	283	1	283
48	0	286	0	233
48	0	286	1	148
48	0	286	10	233
48	0	286	11	148
48	0	287	0	63
48	0	287	1	63
48	0	288	0	9
48	0	288	1	9
48	0	288	10	9
48	0	288	11	9
48	0	289	0	174
48	0	289	1	261
48	0	290	0	290
48	0	290	1	290
48	0	290	10	290
48	0	290	11	290
48	0	291	0	291
48	0	291	1	135
48	0	291	11	135
48	0	297	0	297
48	0	297	1	297
48	0	297	11	297
48	0	300	0	69
48	0	300	1	300
48	0	300	11	300
48	0	301	0	301
48	0	301	1	301
48	0	308	0	308
48	0	308	1	308
48	0	309	0	309
48	0	309	1	309
48	0	309	10	309
48	0	309	11	309
48	0	310	0	269
48	0	310	1	310
48	0	311	0	311
48	0	311	1	311
48	0	311	11	311
48	0	312	0	312
48	0	312	1	312
48	0	313	0	313
48	0	313	1	313
48	0	314	0	314
48	0	314	1	314
48	0	315	0	196
48	0	315	1	315
48	0	317	0	317
48	0	317	1	317
48	0	317	10	317
48	0	317	11	317
48	0	318	0	318
48	0	318	1	318
48	0	319	0	115
48	0	319	1	115
48	0	320	0	109
48	0	320	1	109
48	0	321	0	321
48	0	321	1	321
48	0	323	0	323
48	0	323	1	323
48	0	324	0	151
48	0	324	1	151
48	0	324	11	151
48	0	325	0	325
48	0	325	1	325
48	0	327	0	3
48	0	327	1	327
48	0	327	10	3
48	0	329	0	48
48	0	329	1	48
48	0	330	0	330
48	0	330	1	330
48	0	330	10	330
48	0	330	11	330
48	0	333	0	162
48	0	333	1	333
48	0	334	0	334
48	0	334	1	334
48	0	335	0	255
48	0	335	1	335
48	0	336	0	103
48	0	336	1	103
48	0	337	0	337
48	0	337	1	337
48	0	337	10	337
48	0	337	11	337
48	0	339	0	245
48	0	339	1	339
48	0	340	0	340
48	0	340	1	340
48	0	341	0	109
48	0	341	1	109
48	0	342	0	340
48	0	342	1	340
48	0	344	0	344
48	0	344	1	27
48	0	344	10	344
48	0	345	0	113
48	0	345	1	113
48	0	346	0	197
48	0	346	1	346
48	0	348	0	348
48	0	348	1	348
48	0	349	0	348
48	0	349	1	348
48	0	350	0	350
48	0	350	1	350
48	0	350	10	350
48	0	351	0	340
48	0	351	1	340
48	0	354	0	354
48	0	354	1	354
48	0	354	10	354
48	0	354	11	354
48	0	355	0	355
48	0	355	1	260
48	0	355	11	260
48	0	357	0	149
48	0	357	1	274
48	0	357	10	149
48	0	358	0	340
48	0	358	1	340
48	0	359	0	359
48	0	359	1	359
48	0	359	10	359
48	0	360	0	237
48	0	360	1	237
48	0	360	10	237
48	0	360	11	237
48	0	363	0	37
48	0	363	1	37
48	0	365	0	365
48	0	365	1	365
48	0	366	0	98
48	0	366	1	98
48	0	367	0	367
48	0	367	1	346
48	0	368	0	255
48	0	368	1	350
48	0	369	0	369
48	0	369	1	369
48	0	369	11	369
48	0	370	0	318
48	0	370	1	318
48	0	371	0	317
48	0	371	1	317
48	0	371	10	317
48	0	371	11	317
48	0	372	0	52
48	0	372	1	52
48	0	372	11	52
48	0	376	0	376
48	0	376	1	376
48	0	379	0	379
48	0	379	1	379
48	0	379	10	379
48	0	380	0	380
48	0	380	1	380
48	0	380	10	380
48	0	381	0	381
48	0	381	1	381
48	0	382	0	382
48	0	382	1	369
48	0	382	10	382
48	0	382	11	369
48	0	383	0	383
48	0	383	1	383
48	0	384	0	384
48	0	384	1	19
48	0	384	10	384
48	0	385	0	385
48	0	385	1	385
48	0	385	10	385
48	0	386	0	384
48	0	386	1	386
48	0	386	10	384
48	0	387	0	237
48	0	387	1	237
48	0	387	10	237
48	0	387	11	237
48	0	389	0	389
48	0	389	1	389
48	0	391	0	162
48	0	391	1	333
48	0	392	0	392
48	0	392	1	392
48	0	392	11	392
48	0	393	0	355
48	0	393	1	393
48	0	394	0	394
48	0	394	1	394
48	0	394	10	394
48	0	394	11	394
48	0	395	0	88
48	0	395	1	42
48	0	396	0	396
48	0	396	1	396
48	0	397	0	222
48	0	397	1	200
48	0	399	0	97
48	0	399	1	97
48	0	400	0	400
48	0	400	1	400
48	0	401	0	109
48	0	401	1	109
48	0	403	0	133
48	0	403	1	133
48	0	404	0	394
48	0	404	1	394
48	0	404	10	394
48	0	404	11	394
48	0	406	0	406
48	0	406	1	406
48	0	407	0	406
48	0	407	1	406
48	0	408	0	183
48	0	408	1	183
48	0	408	10	183
48	0	408	11	183
48	0	410	0	410
48	0	410	1	410
48	0	411	0	411
48	0	411	1	235
48	0	412	0	412
48	0	412	1	412
48	0	412	10	412
48	0	412	11	412
48	0	413	0	413
48	0	413	1	413
48	0	413	11	413
48	0	414	0	414
48	0	414	1	414
48	0	414	10	414
48	0	414	11	414
48	0	415	0	19
48	0	415	1	415
48	0	415	10	19
48	0	418	0	418
48	0	418	1	418
48	0	419	0	419
48	0	419	1	419
48	0	419	10	419
48	0	419	11	419
48	0	420	0	359
48	0	420	1	359
48	0	420	10	359
48	0	421	0	421
48	0	421	1	421
48	0	422	0	422
48	0	422	1	422
48	0	422	11	422
48	0	423	0	46
48	0	423	1	46
48	0	423	11	46
48	0	425	0	425
48	0	425	1	425
48	0	427	0	427
48	0	427	1	427
48	0	428	0	428
48	0	428	1	269
48	0	429	0	429
48	0	429	1	429
48	0	429	10	429
48	0	430	0	71
48	0	430	1	71
48	0	430	10	71
48	0	431	0	431
48	0	431	1	431
48	0	431	11	431
48	0	432	0	432
48	0	432	1	432
48	0	432	10	432
48	0	432	11	432
48	0	433	0	433
48	0	433	1	433
48	0	433	10	433
48	0	433	11	433
48	0	434	0	434
48	0	434	1	434
48	0	435	0	435
48	0	435	1	435
48	0	436	0	432
48	0	436	1	436
48	0	436	10	432
48	0	436	11	436
48	0	437	0	437
48	0	437	1	437
48	0	438	0	365
48	0	438	1	365
48	0	439	0	439
48	0	439	1	439
48	0	442	0	442
48	0	442	1	442
48	0	443	0	443
48	0	443	1	443
48	0	444	0	111
48	0	444	1	111
48	0	445	0	445
48	0	445	1	445
48	0	445	10	445
48	0	445	11	445
48	0	446	0	123
48	0	446	1	75
48	0	447	0	37
48	0	447	1	37
48	0	448	0	355
48	0	448	1	260
48	0	448	11	260
48	0	449	0	449
48	0	449	1	449
48	0	450	0	256
48	0	450	1	256
48	0	450	10	256
48	0	450	11	256
48	0	451	0	451
48	0	451	1	451
48	0	452	0	113
48	0	452	1	113
48	0	453	0	453
48	0	453	1	453
48	0	453	10	453
48	0	453	11	453
48	0	455	0	243
48	0	455	1	243
48	0	455	10	243
48	0	455	11	243
48	0	456	0	253
48	0	456	1	242
48	0	456	11	242
48	0	457	0	313
48	0	457	1	8
48	0	458	0	313
48	0	458	1	313
48	0	459	0	459
48	0	459	1	459
48	0	459	10	459
48	0	460	0	113
48	0	460	1	113
48	0	463	0	463
48	0	463	1	463
48	0	463	11	463
48	0	464	0	411
48	0	464	1	464
48	0	465	0	413
48	0	465	1	413
48	0	465	11	413
48	0	467	0	467
48	0	467	1	435
48	0	467	10	467
48	0	468	0	52
48	0	468	1	52
48	0	468	11	52
48	0	469	0	469
48	0	469	1	469
48	0	470	0	470
48	0	470	1	470
48	0	471	0	389
48	0	471	1	389
48	0	472	0	435
48	0	472	1	472
48	0	473	0	473
48	0	473	1	473
48	0	473	10	473
48	0	473	11	473
48	0	474	0	474
48	0	474	1	445
48	0	474	10	474
48	0	474	11	445
48	0	475	0	475
48	0	475	1	204
48	0	476	0	463
48	0	476	1	463
48	0	476	11	463
48	0	477	0	435
48	0	477	1	472
48	0	482	0	482
48	0	482	1	482
48	0	482	11	482
48	0	484	0	233
48	0	484	1	148
48	0	484	10	233
48	0	484	11	148
48	0	485	0	429
48	0	485	1	429
48	0	485	10	429
48	0	489	0	235
48	0	489	1	489
48	0	489	11	489
48	0	492	0	291
48	0	492	1	135
48	0	492	11	135
48	0	493	0	493
48	0	493	1	493
48	0	494	0	243
48	0	494	1	243
48	0	494	10	243
48	0	494	11	243
48	0	495	0	323
48	0	495	1	323
48	0	496	0	496
48	0	496	1	496
48	0	497	0	497
48	0	497	1	497
48	0	497	10	497
48	0	498	0	311
48	0	498	1	498
48	0	498	11	498
48	0	499	0	317
48	0	499	1	317
48	0	499	10	317
48	0	499	11	317
48	0	500	0	157
48	0	500	1	157
48	0	500	10	157
48	0	500	11	157
48	0	501	0	400
48	0	501	1	400
48	0	503	0	42
48	0	503	1	185
48	0	504	0	504
48	0	504	1	504
48	0	505	0	505
48	0	505	1	246
48	0	505	10	505
48	0	505	11	246
48	0	508	0	129
48	0	508	1	129
48	0	510	0	132
48	0	510	1	132
48	0	510	10	132
48	0	510	11	132
48	0	511	0	248
48	0	511	1	248
48	0	512	0	512
48	0	512	1	512
48	0	512	10	512
48	0	515	0	396
48	0	515	1	396
48	0	517	0	505
48	0	517	1	246
48	0	517	10	505
48	0	517	11	246
48	0	519	0	389
48	0	519	1	235
48	0	521	0	149
48	0	521	1	521
48	0	521	10	149
48	0	523	0	523
48	0	523	1	89
48	0	523	10	523
48	0	524	0	413
48	0	524	1	413
48	0	524	11	413
48	0	525	0	525
48	0	525	1	525
48	0	527	0	527
48	0	527	1	527
48	0	528	0	528
48	0	528	1	528
48	0	529	0	529
48	0	529	1	529
48	0	533	0	533
48	0	533	1	533
48	0	536	0	247
48	0	536	1	247
48	0	541	0	243
48	0	541	1	243
48	0	541	10	243
48	0	541	11	243
48	0	542	0	542
48	0	542	1	542
48	0	543	0	543
48	0	543	1	529
48	0	546	0	21
48	0	546	1	55
48	0	546	11	55
48	0	547	0	222
48	0	547	1	547
48	0	548	0	525
48	0	548	1	525
48	0	550	0	71
48	0	550	1	94
48	0	550	10	71
48	0	550	11	94
48	0	552	0	552
48	0	552	1	552
48	0	553	0	543
48	0	553	1	529
48	0	555	0	253
48	0	555	1	242
48	0	555	11	242
48	0	556	0	556
48	0	556	1	185
48	0	556	10	556
48	0	557	0	90
48	0	557	1	90
48	0	557	10	90
48	0	557	11	90
48	0	558	0	161
48	0	558	1	161
48	0	559	0	228
48	0	559	1	559
48	0	559	10	228
48	0	560	0	560
48	0	560	1	560
48	0	560	10	560
48	0	560	11	560
48	0	561	0	561
48	0	561	1	196
48	0	563	0	563
48	0	563	1	563
48	0	563	10	563
48	0	564	0	564
48	0	564	1	564
48	0	564	10	564
48	0	565	0	565
48	0	565	1	565
48	0	566	0	525
48	0	566	1	525
48	0	567	0	247
48	0	567	1	247
48	0	569	0	569
48	0	569	1	569
48	0	570	0	569
48	0	570	1	569
48	0	572	0	572
48	0	572	1	572
48	0	572	10	572
48	0	573	0	17
48	0	573	1	325
48	0	574	0	54
48	0	574	1	54
48	0	574	11	54
48	0	575	0	575
48	0	575	1	575
48	0	577	0	145
48	0	577	1	145
48	0	577	10	145
48	0	577	11	145
48	0	578	0	154
48	0	578	1	578
48	0	579	0	54
48	0	579	1	54
48	0	579	11	54
48	0	580	0	13
48	0	580	1	13
48	0	580	10	13
48	0	580	11	13
48	0	582	0	582
48	0	582	1	582
48	0	583	0	583
48	0	583	1	583
48	0	584	0	25
48	0	584	1	25
48	0	584	10	25
48	0	584	11	25
48	0	585	0	256
48	0	585	1	256
48	0	585	10	256
48	0	585	11	256
48	0	586	0	528
48	0	586	1	572
48	0	587	0	587
48	0	587	1	587
48	0	588	0	588
48	0	588	1	588
48	0	588	10	588
48	0	588	11	588
48	0	589	0	589
48	0	589	1	589
48	0	590	0	248
48	0	590	1	248
48	0	593	0	593
48	0	593	1	593
48	0	594	0	135
48	0	594	1	112
48	0	594	11	112
48	0	595	0	317
48	0	595	1	317
48	0	595	10	317
48	0	595	11	317
48	0	596	0	33
48	0	596	1	33
48	0	597	0	597
48	0	597	1	273
48	0	597	10	597
48	0	597	11	273
48	0	598	0	496
48	0	598	1	496
48	0	599	0	42
48	0	599	1	185
48	0	599	10	599
48	0	600	0	600
48	0	600	1	600
48	0	600	10	600
48	0	600	11	600
48	0	601	0	28
48	0	601	1	28
48	0	601	10	28
48	0	601	11	28
48	0	602	0	528
48	0	602	1	572
48	0	603	0	603
48	0	603	1	603
48	0	604	0	604
48	0	604	1	604
48	0	605	0	605
48	0	605	1	605
48	0	605	10	605
48	0	606	0	606
48	0	606	1	606
48	0	607	0	344
48	0	607	1	27
48	0	607	10	344
48	0	610	0	427
48	0	610	1	427
48	0	611	0	611
48	0	611	1	389
48	0	612	0	612
48	0	612	1	612
48	0	614	0	614
48	0	614	1	274
48	0	616	0	616
48	0	616	1	616
48	0	617	0	234
48	0	617	1	234
48	0	617	10	234
48	0	617	11	234
48	0	618	0	431
48	0	618	1	431
48	0	618	11	431
48	0	619	0	392
48	0	619	1	392
48	0	619	11	392
48	0	620	0	620
48	0	620	1	385
48	0	621	0	9
48	0	621	1	9
48	0	621	10	9
48	0	621	11	9
48	0	622	0	153
48	0	622	1	153
48	0	623	0	623
48	0	623	1	623
48	0	624	0	616
48	0	624	1	616
48	0	626	0	626
48	0	626	1	626
48	0	629	0	629
48	0	629	1	629
48	0	630	0	24
48	0	630	1	79
48	0	630	10	79
48	0	630	11	79
48	0	632	0	367
48	0	632	1	197
48	0	633	0	225
48	0	633	1	3
48	0	633	10	225
48	0	633	11	3
48	0	634	0	153
48	0	634	1	153
48	0	641	0	641
48	0	641	1	472
48	0	642	0	642
48	0	642	1	642
48	0	643	0	643
48	0	643	1	643
48	0	643	11	643
48	0	647	0	647
48	0	647	1	643
48	0	647	11	643
48	0	650	0	650
48	0	650	1	650
48	0	650	10	650
48	0	650	11	650
48	0	652	0	376
48	0	652	1	376
48	0	655	0	655
48	0	655	1	655
48	0	655	10	655
48	0	656	0	656
48	0	656	1	656
48	0	657	0	657
48	0	657	1	657
48	0	657	10	657
48	0	659	0	290
48	0	659	1	290
48	0	659	10	290
48	0	659	11	290
48	0	660	0	422
48	0	660	1	643
48	0	660	11	643
48	0	661	0	39
48	0	661	1	661
48	0	661	11	661
48	0	662	0	662
48	0	662	1	662
48	0	666	0	111
48	0	666	1	111
48	0	667	0	667
48	0	667	1	667
48	0	668	0	24
48	0	668	1	79
48	0	668	10	79
48	0	668	11	79
48	0	669	0	669
48	0	669	1	669
48	0	669	10	669
48	0	669	11	669
48	0	670	0	314
48	0	670	1	314
48	0	672	0	73
48	0	672	1	73
48	0	672	10	73
48	0	672	11	73
48	0	674	0	674
48	0	674	1	674
48	0	677	0	677
48	0	677	1	677
48	0	678	0	678
48	0	678	1	678
48	0	681	0	674
48	0	681	1	681
48	0	683	0	63
48	0	683	1	63
48	0	684	0	611
48	0	684	1	489
48	0	684	11	489
48	0	685	0	685
48	0	685	1	685
48	0	686	0	686
48	0	686	1	686
48	0	686	10	686
48	0	686	11	686
48	0	687	0	687
48	0	687	1	687
48	0	687	10	687
48	0	687	11	687
48	0	688	0	685
48	0	688	1	685
48	0	689	0	685
48	0	689	1	685
48	0	690	0	690
48	0	690	1	690
48	0	690	10	690
48	0	691	0	667
48	0	691	1	691
48	0	692	0	151
48	0	692	1	151
48	0	692	11	151
48	0	693	0	97
48	0	693	1	97
48	0	694	0	694
48	0	694	1	694
48	0	696	0	696
48	0	696	1	696
48	0	696	11	696
48	0	697	0	697
48	0	697	1	674
48	0	697	10	697
48	0	698	0	274
48	0	698	1	698
48	0	698	11	698
48	0	700	0	700
48	0	700	1	700
48	0	701	0	662
48	0	701	1	701
48	0	702	0	600
48	0	702	1	600
48	0	702	10	600
48	0	702	11	600
48	0	703	0	703
48	0	703	1	87
48	0	703	10	703
48	0	704	0	704
48	0	704	1	704
48	0	704	10	704
48	0	704	11	704
48	0	705	0	705
48	0	705	1	705
48	0	707	0	669
48	0	707	1	669
48	0	707	10	669
48	0	707	11	669
48	0	709	0	709
48	0	709	1	709
48	0	710	0	710
48	0	710	1	710
48	0	711	0	195
48	0	711	1	13
48	0	711	10	195
48	0	711	11	195
48	0	713	0	713
48	0	713	1	713
48	0	713	10	713
48	0	715	0	715
48	0	715	1	221
48	0	715	10	715
48	0	716	0	716
48	0	716	1	716
48	0	718	0	715
48	0	718	1	718
48	0	718	10	715
48	0	718	11	718
48	0	721	0	721
48	0	721	1	681
48	0	722	0	713
48	0	722	1	713
48	0	722	10	713
48	0	723	0	723
48	0	723	1	723
48	0	724	0	474
48	0	724	1	445
48	0	724	10	724
48	0	724	11	445
48	0	726	0	726
48	0	726	1	726
48	0	727	0	727
48	0	727	1	727
48	0	728	0	726
48	0	728	1	726
48	0	732	0	732
48	0	732	1	732
48	0	732	10	732
48	0	734	0	196
48	0	734	1	734
48	0	735	0	662
48	0	735	1	701
48	0	736	0	736
48	0	736	1	736
48	0	736	11	736
48	0	738	0	713
48	0	738	1	713
48	0	738	10	713
48	0	739	0	309
48	0	739	1	309
48	0	739	10	309
48	0	739	11	309
48	0	742	0	242
48	0	742	1	253
48	0	742	11	253
48	0	744	0	744
48	0	744	1	744
48	0	745	0	232
48	0	745	1	232
48	0	745	10	232
48	0	745	11	232
48	0	747	0	747
48	0	747	1	747
48	0	747	10	747
48	0	748	0	149
48	0	748	1	184
48	0	749	0	325
48	0	749	1	196
48	0	750	0	90
48	0	750	1	90
48	0	750	10	90
48	0	750	11	90
48	0	751	0	145
48	0	751	1	145
48	0	751	10	145
48	0	751	11	145
48	0	752	0	36
48	0	752	1	36
48	0	752	10	36
48	0	752	11	36
48	0	758	0	758
48	0	758	1	758
48	0	759	0	543
48	0	759	1	529
48	0	760	0	383
48	0	760	1	383
48	0	761	0	761
48	0	761	1	761
48	0	763	0	162
48	0	763	1	44
48	0	764	0	605
48	0	764	1	605
48	0	764	10	605
48	0	769	0	769
48	0	769	1	769
48	0	772	0	772
48	0	772	1	772
48	0	773	0	773
48	0	773	1	773
48	0	774	0	769
48	0	774	1	769
48	0	775	0	775
48	0	775	1	775
48	0	777	0	563
48	0	777	1	643
48	0	777	10	563
48	0	777	11	643
48	0	778	0	678
48	0	778	1	778
48	0	779	0	779
48	0	779	1	779
48	0	780	0	780
48	0	780	1	780
48	0	780	10	780
48	0	782	0	779
48	0	782	1	779
48	0	783	0	783
48	0	783	1	783
48	0	783	10	783
48	0	783	11	783
48	0	784	0	505
48	0	784	1	784
48	0	784	10	505
48	0	784	11	784
48	0	785	0	785
48	0	785	1	785
48	0	785	10	785
48	0	787	0	678
48	0	787	1	678
48	0	788	0	678
48	0	788	1	678
48	0	789	0	564
48	0	789	1	564
48	0	789	10	564
48	0	792	0	792
48	0	792	1	792
48	0	793	0	793
48	0	793	1	793
48	0	794	0	705
48	0	794	1	705
48	0	795	0	431
48	0	795	1	431
48	0	795	11	431
48	0	797	0	690
48	0	797	1	690
48	0	797	10	690
48	0	799	0	122
48	0	799	1	122
48	0	799	10	799
48	0	800	0	122
48	0	800	1	122
48	0	800	10	122
48	0	804	0	804
48	0	804	1	804
48	0	804	11	804
48	0	805	0	210
48	0	805	1	210
48	0	807	0	2
48	0	807	1	2
48	0	808	0	157
48	0	808	1	157
48	0	808	10	157
48	0	808	11	157
48	0	809	0	419
48	0	809	1	419
48	0	809	10	419
48	0	810	0	810
48	0	810	1	810
48	0	810	11	810
48	0	812	0	161
48	0	812	1	161
48	0	815	0	810
48	0	815	1	810
48	0	815	11	810
48	0	817	0	445
48	0	817	1	445
48	0	817	10	817
48	0	817	11	445
48	0	819	0	819
48	0	819	1	819
48	0	823	0	234
48	0	823	1	234
48	0	823	10	234
48	0	823	11	234
48	0	824	0	824
48	0	824	1	824
48	0	826	0	242
48	0	826	1	253
48	0	826	11	253
48	0	827	0	504
48	0	827	1	504
48	0	828	0	523
48	0	828	1	419
48	0	828	10	523
48	0	828	11	419
48	0	830	0	312
48	0	830	1	312
48	0	832	0	832
48	0	832	1	623
48	0	837	0	133
48	0	837	1	837
48	0	838	0	810
48	0	838	1	810
48	0	838	11	810
48	0	839	0	7
48	0	839	1	7
48	0	840	0	840
48	0	840	1	840
48	0	841	0	841
48	0	841	1	841
48	0	842	0	245
48	0	842	1	533
48	0	845	0	845
48	0	845	1	845
48	0	846	0	94
48	0	846	1	94
48	0	846	10	94
48	0	846	11	94
48	0	848	0	233
48	0	848	1	163
48	0	848	10	233
48	0	848	11	163
48	0	849	0	643
48	0	849	1	422
48	0	849	11	422
48	0	850	0	850
48	0	850	1	850
48	0	850	10	850
48	0	851	0	643
48	0	851	1	422
48	0	851	11	422
48	0	854	0	854
48	0	854	1	854
48	0	856	0	563
48	0	856	1	163
48	0	856	10	563
48	0	856	11	163
48	0	858	0	858
48	0	858	1	297
48	0	858	10	858
48	0	858	11	297
48	0	859	0	379
48	0	859	1	379
48	0	859	10	379
48	0	862	0	247
48	0	862	1	247
48	0	863	0	863
48	0	863	1	863
48	0	864	0	845
48	0	864	1	845
48	0	865	0	234
48	0	865	1	234
48	0	865	10	234
48	0	865	11	234
48	0	866	0	419
48	0	866	1	419
48	0	866	10	419
48	0	868	0	761
48	0	868	1	761
48	0	870	0	587
48	0	870	1	870
48	0	872	0	451
48	0	872	1	451
48	0	873	0	616
48	0	873	1	616
48	0	874	0	874
48	0	874	1	874
48	0	876	0	876
48	0	876	1	876
48	0	876	11	876
48	0	878	0	878
48	0	878	1	878
48	0	878	10	878
48	0	878	11	878
48	0	879	0	657
48	0	879	1	879
48	0	879	10	657
48	0	880	0	880
48	0	880	1	880
48	0	880	10	880
48	0	880	11	880
48	0	881	0	245
48	0	881	1	880
48	0	881	11	880
48	0	882	0	9
48	0	882	1	880
48	0	882	10	9
48	0	882	11	880
48	0	883	0	880
48	0	883	1	880
48	0	883	10	880
48	0	883	11	880
48	0	885	0	885
48	0	885	1	459
48	0	888	0	888
48	0	888	1	888
48	0	889	0	111
48	0	889	1	111
48	0	890	0	890
48	0	890	1	669
48	0	890	11	669
48	0	891	0	891
48	0	891	1	891
48	0	893	0	269
48	0	893	1	687
48	0	893	11	687
48	0	894	0	705
48	0	894	1	705
48	0	895	0	7
48	0	895	1	7
48	0	897	0	70
48	0	897	1	897
48	0	899	0	899
48	0	899	1	327
48	0	900	0	888
48	0	900	1	888
48	0	904	0	564
48	0	904	1	564
48	0	904	10	564
48	0	906	0	149
48	0	906	1	906
48	0	907	0	907
48	0	907	1	309
48	0	907	10	907
48	0	907	11	309
48	0	908	0	890
48	0	908	1	908
48	0	908	11	908
48	0	910	0	705
48	0	910	1	705
48	0	911	0	656
48	0	911	1	656
48	0	914	0	758
48	0	914	1	758
48	0	915	0	761
48	0	915	1	761
48	0	918	0	761
48	0	918	1	761
48	0	919	0	656
48	0	919	1	656
48	0	921	0	921
48	0	921	1	921
48	0	922	0	922
48	0	922	1	922
48	0	923	0	311
48	0	923	1	498
48	0	923	11	498
48	0	926	0	926
48	0	926	1	926
48	0	926	10	926
48	0	927	0	927
48	0	927	1	927
48	0	928	0	61
48	0	928	1	38
48	0	928	10	61
48	0	931	0	793
48	0	931	1	931
48	0	932	0	932
48	0	932	1	932
48	0	936	0	936
48	0	936	1	936
48	0	939	0	939
48	0	939	1	939
48	0	940	0	432
48	0	940	1	436
48	0	940	10	432
48	0	940	11	436
48	0	941	0	149
48	0	941	1	906
48	0	943	0	117
48	0	943	1	117
48	0	944	0	394
48	0	944	1	394
48	0	944	10	394
48	0	944	11	394
48	0	946	0	946
48	0	946	1	946
48	0	949	0	228
48	0	949	1	949
48	0	949	10	228
48	0	950	0	154
48	0	950	1	154
48	0	951	0	785
48	0	951	1	785
48	0	951	10	785
48	0	952	0	72
48	0	952	1	72
48	0	953	0	435
48	0	953	1	472
48	0	954	0	44
48	0	954	1	44
48	0	955	0	939
48	0	955	1	939
48	0	956	0	210
48	0	956	1	956
48	0	956	11	956
48	0	957	0	939
48	0	957	1	939
48	0	958	0	3
48	0	958	1	176
48	0	958	10	3
48	0	958	11	176
48	0	959	0	650
48	0	959	1	650
48	0	959	10	650
48	0	959	11	650
48	0	960	0	195
48	0	960	1	13
48	0	960	10	195
48	0	960	11	195
48	0	961	0	961
48	0	961	1	961
48	0	964	0	932
48	0	964	1	932
48	0	966	0	650
48	0	966	1	966
48	0	966	10	650
48	0	968	0	921
48	0	968	1	968
48	0	970	0	153
48	0	970	1	153
48	0	971	0	58
48	0	971	1	58
48	0	971	11	58
48	0	972	0	715
48	0	972	1	221
48	0	972	10	715
48	0	973	0	710
48	0	973	1	710
48	0	975	0	975
48	0	975	1	975
48	0	978	0	978
48	0	978	1	978
48	0	978	11	978
48	0	979	0	878
48	0	979	1	878
48	0	979	10	878
48	0	979	11	878
48	0	980	0	325
48	0	980	1	325
48	0	983	0	236
48	0	983	1	236
48	0	984	0	747
48	0	984	1	747
48	0	984	10	747
48	0	985	0	985
48	0	985	1	986
48	0	985	11	985
48	0	986	0	985
48	0	986	1	986
48	0	986	11	986
48	0	988	0	710
48	0	988	1	710
48	0	989	0	195
48	0	989	1	13
48	0	989	10	195
48	0	989	11	195
48	0	990	0	850
48	0	990	1	850
48	0	990	10	850
48	0	991	0	991
48	0	991	1	991
48	0	991	10	991
48	0	991	11	991
48	0	993	0	993
48	0	993	1	993
48	0	994	0	650
48	0	994	1	650
48	0	994	10	650
48	0	994	11	650
48	0	995	0	99
48	0	995	1	99
48	0	995	10	99
48	0	995	11	99
48	0	997	0	669
48	0	997	1	908
48	0	997	10	669
48	0	997	11	908
48	0	1000	0	1000
48	0	1000	1	1000
48	0	1000	10	1000
48	0	1001	0	890
48	0	1001	1	908
48	0	1001	11	908
48	0	1004	0	1004
48	0	1004	1	687
48	0	1004	11	687
48	0	1005	0	217
48	0	1005	1	1005
48	0	1005	10	217
48	0	1005	11	1005
48	0	1006	0	1006
48	0	1006	1	1006
48	0	1007	0	54
48	0	1007	1	54
48	0	1007	11	54
48	0	1008	0	37
48	0	1008	1	37
48	0	1009	0	1009
48	0	1009	1	1009
48	0	1009	10	1009
48	0	1009	11	1009
48	0	1010	0	1010
48	0	1010	1	1010
48	0	1010	10	1010
48	0	1011	0	85
48	0	1011	1	1011
48	0	1012	0	1012
48	0	1012	1	1012
48	0	1013	0	921
48	0	1013	1	968
48	0	1016	0	1016
48	0	1016	1	1016
48	0	1018	0	1018
48	0	1018	1	552
48	0	1019	0	709
48	0	1019	1	709
48	0	1020	0	587
48	0	1020	1	587
48	0	1021	0	314
48	0	1021	1	314
48	0	1022	0	321
48	0	1022	1	321
48	0	1023	0	1023
48	0	1023	1	1023
48	0	1024	0	993
48	0	1024	1	993
48	0	1026	0	1026
48	0	1026	1	1026
48	0	1026	10	1026
48	0	1027	0	7
48	0	1027	1	7
48	0	1029	0	1029
48	0	1029	1	1029
48	0	1030	0	94
48	0	1030	1	71
48	0	1030	10	94
48	0	1031	0	1031
48	0	1031	1	1031
48	0	1032	0	1031
48	0	1032	1	1031
48	0	1033	0	350
48	0	1033	1	1033
48	0	1033	10	350
48	0	1034	0	1034
48	0	1034	1	1034
48	0	1034	11	1034
48	0	1036	0	713
48	0	1036	1	713
48	0	1036	10	713
48	0	1037	0	186
48	0	1037	1	547
48	0	1037	10	186
48	0	1038	0	677
48	0	1038	1	677
48	0	1039	0	1039
48	0	1039	1	39
48	0	1039	10	1039
48	0	1041	0	1041
48	0	1041	1	1041
48	0	1041	10	1041
48	0	1041	11	1041
48	0	1042	0	978
48	0	1042	1	978
48	0	1042	11	978
48	0	1044	0	94
48	0	1044	1	94
48	0	1044	10	94
48	0	1044	11	94
48	0	1045	0	173
48	0	1045	1	173
48	0	1046	0	744
48	0	1046	1	744
48	0	1047	0	1047
48	0	1047	1	1047
48	0	1049	0	669
48	0	1049	1	926
48	0	1049	10	669
48	0	1050	0	1010
48	0	1050	1	1010
48	0	1050	10	1010
48	0	1051	0	1051
48	0	1051	1	1051
48	0	1052	0	1052
48	0	1052	1	1052
48	0	1054	0	891
48	0	1054	1	891
48	0	1055	0	1055
48	0	1055	1	1055
48	0	1057	0	384
48	0	1057	1	19
48	0	1057	10	384
48	0	1058	0	927
48	0	1058	1	927
48	0	1066	0	25
48	0	1066	1	25
48	0	1066	10	25
48	0	1066	11	25
48	0	1067	0	1067
48	0	1067	1	1067
48	0	1067	10	1067
48	0	1067	11	1067
48	0	1068	0	552
48	0	1068	1	176
48	0	1068	11	176
48	0	1070	0	210
48	0	1070	1	210
48	0	1071	0	1071
48	0	1071	1	1071
48	0	1073	0	197
48	0	1073	1	346
48	0	1075	0	1075
48	0	1075	1	1075
48	0	1076	0	773
48	0	1076	1	773
48	0	1078	0	1078
48	0	1078	1	1078
48	0	1081	0	469
48	0	1081	1	469
48	0	1083	0	1083
48	0	1083	1	1083
48	0	1086	0	785
48	0	1086	1	785
48	0	1086	10	785
48	0	1087	0	1087
48	0	1087	1	1087
48	0	1088	0	890
48	0	1088	1	908
48	0	1088	11	908
48	0	1090	0	400
48	0	1090	1	400
48	0	1091	0	715
48	0	1091	1	221
48	0	1091	10	715
48	0	1093	0	1093
48	0	1093	1	1093
48	0	1094	0	1094
48	0	1094	1	1094
48	0	1095	0	1095
48	0	1095	1	1095
48	0	1100	0	431
48	0	1100	1	431
48	0	1100	11	431
48	0	1106	0	1106
48	0	1106	1	1006
48	0	1107	0	1106
48	0	1107	1	1006
48	0	1108	0	1006
48	0	1108	1	1006
48	0	1109	0	597
48	0	1109	1	978
48	0	1109	10	597
48	0	1109	11	978
48	0	1110	0	117
48	0	1110	1	117
48	0	1111	0	1111
48	0	1111	1	1111
48	0	1112	0	1112
48	0	1112	1	560
48	0	1112	10	1112
48	0	1112	11	560
48	0	1113	0	197
48	0	1113	1	346
48	0	1115	0	367
48	0	1115	1	197
48	0	1116	0	1116
48	0	1116	1	1116
48	0	1117	0	392
48	0	1117	1	392
48	0	1117	11	392
48	0	1118	0	1094
48	0	1118	1	1094
48	0	1121	0	277
48	0	1121	1	277
48	0	1122	0	1018
48	0	1122	1	1122
48	0	1123	0	283
48	0	1123	1	283
48	0	1124	0	1124
48	0	1124	1	1124
48	0	1126	0	556
48	0	1126	1	497
48	0	1126	10	556
48	0	1127	0	1127
48	0	1127	1	1127
48	0	1130	0	1130
48	0	1130	1	1130
48	0	1130	10	1130
48	0	1130	11	1130
48	0	1132	0	1132
48	0	1132	1	1132
48	0	1133	0	1132
48	0	1133	1	1132
48	0	1134	0	1134
48	0	1134	1	1041
48	0	1134	10	1134
48	0	1134	11	1041
48	0	1137	0	1137
48	0	1137	1	1137
48	0	1138	0	283
48	0	1138	1	283
48	0	1139	0	1139
48	0	1139	1	1139
48	0	1140	0	845
48	0	1140	1	845
48	0	1141	0	223
48	0	1141	1	223
48	0	1141	10	223
48	0	1141	11	223
48	0	1143	0	600
48	0	1143	1	600
48	0	1143	10	600
48	0	1143	11	600
48	0	1144	0	1144
48	0	1144	1	1144
48	0	1144	10	1144
48	0	1144	11	1144
48	0	1145	0	1145
48	0	1145	1	118
48	0	1145	10	1145
48	0	1145	11	118
48	0	1147	0	248
48	0	1147	1	248
48	0	1148	0	100
48	0	1148	1	313
48	0	1149	0	100
48	0	1149	1	8
48	0	1150	0	1150
48	0	1150	1	149
48	0	1150	10	1150
48	0	1150	11	149
48	0	1151	0	1151
48	0	1151	1	1151
48	0	1152	0	313
48	0	1152	1	313
48	0	1155	0	1155
48	0	1155	1	1155
48	0	1159	0	1144
48	0	1159	1	1144
48	0	1159	10	1144
48	0	1159	11	1144
48	0	1160	0	1160
48	0	1160	1	1160
48	0	1161	0	563
48	0	1161	1	986
48	0	1161	10	563
48	0	1161	11	986
48	0	1162	0	1162
48	0	1162	1	1162
48	0	1162	10	1162
48	0	1163	0	367
48	0	1163	1	197
48	0	1164	0	325
48	0	1164	1	17
48	0	1165	0	1144
48	0	1165	1	1144
48	0	1165	10	1144
48	0	1165	11	1144
48	0	1166	0	400
48	0	1166	1	400
48	0	1167	0	1094
48	0	1167	1	1094
48	0	1168	0	1168
48	0	1168	1	1168
48	0	1177	0	129
48	0	1177	1	1177
48	0	1178	0	597
48	0	1178	1	1178
48	0	1178	10	597
48	0	1180	0	1180
48	0	1180	1	1180
48	0	1181	0	103
48	0	1181	1	103
48	0	1183	0	1183
48	0	1183	1	1183
48	0	1183	11	1183
48	0	1184	0	845
48	0	1184	1	845
48	0	1185	0	1185
48	0	1185	1	85
48	0	1185	10	1185
48	0	1186	0	1139
48	0	1186	1	1139
48	0	1187	0	61
48	0	1187	1	38
48	0	1187	10	61
48	0	1188	0	1188
48	0	1188	1	1188
48	0	1188	10	1188
48	0	1188	11	1188
48	0	1190	0	290
48	0	1190	1	290
48	0	1190	10	290
48	0	1190	11	290
48	0	1191	0	1191
48	0	1191	1	657
48	0	1192	0	1192
48	0	1192	1	1192
48	0	1193	0	1185
48	0	1193	1	1193
48	0	1193	10	1185
48	0	1193	11	1193
48	0	1195	0	1195
48	0	1195	1	1005
48	0	1195	11	1005
48	0	1196	0	1195
48	0	1196	1	1005
48	0	1196	11	1005
48	0	1197	0	1197
48	0	1197	1	149
48	0	1197	10	1197
48	0	1197	11	149
48	0	1198	0	1198
48	0	1198	1	1198
48	0	1199	0	1199
48	0	1199	1	1199
48	0	1200	0	1185
48	0	1200	1	1193
48	0	1200	10	1185
48	0	1200	11	1193
48	0	1202	0	1202
48	0	1202	1	1202
48	0	1202	11	1202
48	0	1203	0	841
48	0	1203	1	841
48	0	1204	0	854
48	0	1204	1	854
48	0	1206	0	623
48	0	1206	1	1206
48	0	1206	11	1206
48	0	1207	0	1185
48	0	1207	1	85
48	0	1207	10	1185
48	0	1208	0	58
48	0	1208	1	58
48	0	1208	11	58
48	0	1209	0	381
48	0	1209	1	381
48	0	1210	0	1210
48	0	1210	1	1210
48	0	1215	0	1029
48	0	1215	1	1029
48	0	1216	0	1216
48	0	1216	1	1216
48	0	1217	0	1216
48	0	1217	1	1216
48	0	1218	0	1216
48	0	1218	1	1216
48	0	1219	0	696
48	0	1219	1	696
48	0	1219	11	696
48	0	1220	0	1220
48	0	1220	1	1220
48	0	1221	0	1087
48	0	1221	1	1087
48	0	1222	0	1029
48	0	1222	1	1029
48	0	1223	0	1144
48	0	1223	1	1193
48	0	1223	10	1144
48	0	1223	11	1193
48	0	1225	0	213
48	0	1225	1	131
48	0	1225	11	131
48	0	1227	0	309
48	0	1227	1	309
48	0	1227	10	309
48	0	1227	11	309
48	0	1228	0	1228
48	0	1228	1	1228
48	0	1229	0	1229
48	0	1229	1	1229
48	0	1229	11	1229
48	0	1231	0	667
48	0	1231	1	667
48	0	1232	0	1229
48	0	1232	1	1229
48	0	1232	11	1229
48	0	1236	0	385
48	0	1236	1	311
48	0	1236	10	385
48	0	1236	11	311
48	0	1237	0	217
48	0	1237	1	217
48	0	1237	10	217
48	0	1238	0	1238
48	0	1238	1	1238
48	0	1243	0	1243
48	0	1243	1	1243
48	0	1244	0	1095
48	0	1244	1	1095
48	0	1245	0	108
48	0	1245	1	108
48	0	1245	10	108
48	0	1246	0	108
48	0	1246	1	108
48	0	1246	10	108
48	0	1247	0	334
48	0	1247	1	334
48	0	1248	0	1248
48	0	1248	1	1248
48	0	1249	0	1249
48	0	1249	1	512
48	0	1249	10	1249
48	0	1250	0	1250
48	0	1250	1	1250
48	0	1251	0	1251
48	0	1251	1	1251
48	0	1253	0	565
48	0	1253	1	1253
48	0	1254	0	459
48	0	1254	1	1254
48	0	1254	10	459
48	0	1254	11	1254
48	0	1255	0	1255
48	0	1255	1	1255
48	0	1255	10	1255
48	0	1255	11	1255
48	0	1257	0	1257
48	0	1257	1	1257
48	0	1257	10	1257
48	0	1257	11	1257
48	0	1258	0	1258
48	0	1258	1	1258
48	0	1259	0	1259
48	0	1259	1	1259
48	0	1259	10	1259
48	0	1259	11	1259
48	0	1260	0	1259
48	0	1260	1	1259
48	0	1260	10	1259
48	0	1260	11	1259
48	0	1261	0	614
48	0	1261	1	245
48	0	1261	11	245
48	0	1268	0	1268
48	0	1268	1	1268
48	0	1270	0	1270
48	0	1270	1	1270
48	0	1271	0	1271
48	0	1271	1	1124
48	0	1272	0	1272
48	0	1272	1	1272
48	0	1272	10	1272
48	0	1272	11	1272
48	0	1273	0	1273
48	0	1273	1	1273
48	0	1274	0	1255
48	0	1274	1	1255
48	0	1274	10	1255
48	0	1274	11	1255
48	0	1275	0	1275
48	0	1275	1	528
48	0	1277	0	1277
48	0	1277	1	150
48	0	1277	11	150
48	0	1279	0	620
48	0	1279	1	311
48	0	1279	11	311
48	0	1282	0	1282
48	0	1282	1	1282
48	0	1282	10	1282
48	0	1282	11	1282
48	0	1283	0	1283
48	0	1283	1	1283
48	0	1284	0	1031
48	0	1284	1	1031
48	0	1285	0	1277
48	0	1285	1	691
48	0	1286	0	1277
48	0	1286	1	667
48	0	1287	0	1287
48	0	1287	1	70
48	0	1288	0	459
48	0	1288	1	661
48	0	1288	10	459
48	0	1288	11	661
48	0	1289	0	256
48	0	1289	1	256
48	0	1289	10	256
48	0	1289	11	256
48	0	1290	0	1255
48	0	1290	1	1255
48	0	1290	10	1255
48	0	1290	11	1255
48	0	1291	0	1291
48	0	1291	1	1291
48	0	1293	0	1293
48	0	1293	1	1188
48	0	1293	10	1293
48	0	1293	11	1188
48	0	1294	0	1155
48	0	1294	1	1155
48	0	1295	0	496
48	0	1295	1	496
48	0	1296	0	1093
48	0	1296	1	1093
48	0	1297	0	69
48	0	1297	1	1297
48	0	1300	0	432
48	0	1300	1	432
48	0	1300	10	432
48	0	1300	11	432
48	0	1301	0	1301
48	0	1301	1	1283
48	0	1302	0	1302
48	0	1302	1	72
48	0	1303	0	1303
48	0	1303	1	1303
48	0	1305	0	605
48	0	1305	1	1033
48	0	1305	10	605
48	0	1308	0	600
48	0	1308	1	600
48	0	1308	10	600
48	0	1308	11	600
48	0	1311	0	1311
48	0	1311	1	1311
48	0	1312	0	785
48	0	1312	1	785
48	0	1312	10	785
48	0	1313	0	1010
48	0	1313	1	1010
48	0	1313	10	1010
48	0	1314	0	89
48	0	1314	1	89
48	0	1314	10	89
48	0	1315	0	1315
48	0	1315	1	1183
48	0	1315	10	1315
48	0	1315	11	1183
48	0	1319	0	1210
48	0	1319	1	1210
48	0	1320	0	1282
48	0	1320	1	1320
48	0	1320	10	1282
48	0	1321	0	99
48	0	1321	1	99
48	0	1321	10	99
48	0	1321	11	99
48	0	1322	0	612
48	0	1322	1	108
48	0	1324	0	242
48	0	1324	1	1324
48	0	1325	0	1325
48	0	1325	1	1325
48	0	1326	0	1124
48	0	1326	1	1034
48	0	1326	11	1034
48	0	1327	0	1327
48	0	1327	1	736
48	0	1327	11	736
48	0	1328	0	1328
48	0	1328	1	1328
48	0	1329	0	1329
48	0	1329	1	1320
48	0	1330	0	1330
48	0	1330	1	1330
48	0	1331	0	1331
48	0	1331	1	1331
48	0	1332	0	1332
48	0	1332	1	223
48	0	1332	10	1332
48	0	1332	11	223
48	0	1333	0	1124
48	0	1333	1	993
48	0	1334	0	418
48	0	1334	1	200
48	0	1335	0	1145
48	0	1335	1	118
48	0	1335	10	1335
48	0	1335	11	118
48	0	1336	0	418
48	0	1336	1	547
48	0	1337	0	228
48	0	1337	1	1337
48	0	1337	10	228
48	0	1338	0	1338
48	0	1338	1	1338
48	0	1338	10	1338
48	0	1339	0	1339
48	0	1339	1	1339
48	0	1340	0	85
48	0	1340	1	1011
48	0	1343	0	1343
48	0	1343	1	393
48	0	1344	0	1229
48	0	1344	1	1229
48	0	1344	11	1229
48	0	1347	0	1347
48	0	1347	1	498
48	0	1347	10	1347
48	0	1347	11	498
48	0	1348	0	1348
48	0	1348	1	1348
48	0	1349	0	418
48	0	1349	1	418
48	0	1350	0	1350
48	0	1350	1	1350
48	0	1351	0	647
48	0	1351	1	422
48	0	1351	11	422
48	0	1352	0	1210
48	0	1352	1	1199
48	0	1353	0	1275
48	0	1353	1	1353
48	0	1356	0	23
48	0	1356	1	23
48	0	1356	10	23
48	0	1356	11	23
48	0	1358	0	783
48	0	1358	1	783
48	0	1358	10	783
48	0	1358	11	783
48	0	1361	0	1361
48	0	1361	1	1361
48	0	1363	0	1363
48	0	1363	1	1363
48	0	1364	0	1139
48	0	1364	1	1139
48	0	1366	0	623
48	0	1366	1	623
48	0	1367	0	1093
48	0	1367	1	1093
48	0	1369	0	1369
48	0	1369	1	1369
48	0	1372	0	1282
48	0	1372	1	1320
48	0	1372	10	1282
48	0	1373	0	1350
48	0	1373	1	1350
48	0	1378	0	376
48	0	1378	1	376
48	0	1379	0	48
48	0	1379	1	1379
48	0	1380	0	1380
48	0	1380	1	1380
48	0	1381	0	38
48	0	1381	1	38
48	0	1381	10	38
48	0	1382	0	38
48	0	1382	1	38
48	0	1382	10	38
48	0	1383	0	1257
48	0	1383	1	1257
48	0	1383	10	1257
48	0	1383	11	1257
48	0	1386	0	344
48	0	1386	1	27
48	0	1386	10	344
48	0	1389	0	213
48	0	1389	1	1389
48	0	1391	0	1391
48	0	1391	1	1391
48	0	1392	0	160
48	0	1392	1	160
48	0	1392	10	160
48	0	1392	11	160
48	0	1393	0	773
48	0	1393	1	773
48	0	1394	0	1394
48	0	1394	1	1394
48	0	1394	11	1394
48	0	1395	0	1338
48	0	1395	1	1338
48	0	1395	10	1395
48	0	1398	0	411
48	0	1398	1	657
48	0	1400	0	1400
48	0	1400	1	1400
48	0	1400	10	1400
48	0	1400	11	1400
48	0	1405	0	696
48	0	1405	1	696
48	0	1405	11	696
48	0	1407	0	1329
48	0	1407	1	1282
48	0	1407	11	1282
48	0	1408	0	1010
48	0	1408	1	1010
48	0	1408	10	1010
48	0	1409	0	1083
48	0	1409	1	1083
48	0	1410	0	148
48	0	1410	1	148
48	0	1410	11	148
48	0	1411	0	330
48	0	1411	1	330
48	0	1411	10	330
48	0	1411	11	330
48	0	1413	0	1413
48	0	1413	1	1202
48	0	1413	11	1202
48	0	1414	0	99
48	0	1414	1	99
48	0	1414	10	99
48	0	1414	11	99
48	0	1415	0	156
48	0	1415	1	156
48	0	1416	0	330
48	0	1416	1	330
48	0	1416	10	330
48	0	1416	11	330
48	0	1417	0	727
48	0	1417	1	727
48	0	1421	0	467
48	0	1421	1	435
48	0	1421	10	467
48	0	1422	0	1302
48	0	1422	1	72
48	0	1423	0	612
48	0	1423	1	612
48	0	1424	0	1424
48	0	1424	1	936
48	0	1425	0	167
48	0	1425	1	255
48	0	1425	11	255
48	0	1427	0	46
48	0	1427	1	46
48	0	1427	11	46
48	0	1428	0	850
48	0	1428	1	850
48	0	1428	10	850
48	0	1429	0	850
48	0	1429	1	850
48	0	1429	10	850
48	0	1430	0	1430
48	0	1430	1	1430
48	0	1430	10	1430
48	0	1430	11	1430
48	0	1431	0	161
48	0	1431	1	161
48	0	1432	0	1023
48	0	1432	1	1023
48	0	1434	0	264
48	0	1434	1	264
48	0	1435	0	117
48	0	1435	1	117
48	0	1436	0	301
48	0	1436	1	301
48	0	1439	0	376
48	0	1439	1	376
48	0	1440	0	927
48	0	1440	1	927
48	0	1442	0	1442
48	0	1442	1	1442
48	0	1442	11	1442
48	0	1443	0	1442
48	0	1443	1	1442
48	0	1443	11	1442
48	0	1444	0	1442
48	0	1444	1	1442
48	0	1444	11	1442
48	0	1445	0	1442
48	0	1445	1	1442
48	0	1445	11	1442
48	0	1446	0	736
48	0	1446	1	736
48	0	1446	11	736
48	0	1447	0	1447
48	0	1447	1	1447
48	0	1449	0	1199
48	0	1449	1	1199
48	0	1450	0	775
48	0	1450	1	775
48	0	1451	0	1451
48	0	1451	1	1451
48	0	1452	0	1452
48	0	1452	1	1452
48	0	1452	10	1452
48	0	1452	11	1452
48	0	1455	0	1199
48	0	1455	1	1199
48	0	1456	0	783
48	0	1456	1	783
48	0	1456	10	783
48	0	1456	11	783
48	0	1460	0	314
48	0	1460	1	314
48	0	1462	0	1462
48	0	1462	1	1462
48	0	1463	0	1463
48	0	1463	1	1463
48	0	1464	0	5
48	0	1464	1	5
48	0	1464	10	5
48	0	1464	11	5
48	0	1465	0	927
48	0	1465	1	927
48	0	1466	0	87
48	0	1466	1	775
48	0	1467	0	1467
48	0	1467	1	1467
48	0	1468	0	1468
48	0	1468	1	528
48	0	1469	0	16
48	0	1469	1	16
48	0	1470	0	13
48	0	1470	1	13
48	0	1470	10	13
48	0	1470	11	13
48	0	1471	0	1471
48	0	1471	1	1471
48	0	1472	0	793
48	0	1472	1	1472
48	0	1473	0	1083
48	0	1473	1	1083
48	0	1475	0	556
48	0	1475	1	1475
48	0	1475	10	556
48	0	1477	0	1477
48	0	1477	1	1477
48	0	1478	0	1478
48	0	1478	1	1477
48	0	1479	0	1479
48	0	1479	1	1477
48	0	1480	0	160
48	0	1480	1	160
48	0	1480	10	160
48	0	1480	11	160
48	0	1481	0	1481
48	0	1481	1	1481
48	0	1482	0	1430
48	0	1482	1	1430
48	0	1482	10	1430
48	0	1482	11	1430
48	0	1483	0	443
48	0	1483	1	443
48	0	1486	0	1486
48	0	1486	1	1486
48	0	1487	0	736
48	0	1487	1	736
48	0	1487	11	736
48	0	1488	0	1259
48	0	1488	1	1259
48	0	1488	10	1259
48	0	1488	11	1259
48	0	1489	0	1259
48	0	1489	1	1259
48	0	1489	10	1259
48	0	1489	11	1259
48	0	1491	0	1332
48	0	1491	1	223
48	0	1491	10	1332
48	0	1491	11	223
48	0	1492	0	1029
48	0	1492	1	1029
48	0	1493	0	497
48	0	1493	1	497
48	0	1493	10	497
48	0	1494	0	414
48	0	1494	1	414
48	0	1494	10	414
48	0	1494	11	414
48	0	1495	0	1495
48	0	1495	1	1495
48	0	1496	0	1495
48	0	1496	1	1495
48	0	1497	0	253
48	0	1497	1	253
48	0	1497	11	253
48	0	1498	0	1495
48	0	1498	1	1498
48	0	1499	0	1199
48	0	1499	1	1210
48	0	1500	0	1034
48	0	1500	1	1500
48	0	1500	11	1500
48	0	1501	0	721
48	0	1501	1	674
48	0	1502	0	674
48	0	1502	1	1502
48	0	1503	0	674
48	0	1503	1	674
48	0	1505	0	467
48	0	1505	1	435
48	0	1505	10	467
48	0	1506	0	1210
48	0	1506	1	1210
48	0	1507	0	1338
48	0	1507	1	1507
48	0	1507	10	1338
48	0	1509	0	235
48	0	1509	1	489
48	0	1509	11	489
48	0	1510	0	697
48	0	1510	1	681
48	0	1510	10	697
48	0	1511	0	473
48	0	1511	1	473
48	0	1511	10	473
48	0	1511	11	473
48	0	1514	0	1514
48	0	1514	1	1514
48	0	1514	10	1514
48	0	1514	11	1514
48	0	1515	0	217
48	0	1515	1	217
48	0	1515	10	217
48	0	1517	0	1517
48	0	1517	1	497
48	0	1517	10	1517
48	0	1519	0	1519
48	0	1519	1	204
48	0	1523	0	1523
48	0	1523	1	1523
48	0	1523	10	1523
48	0	1525	0	42
48	0	1525	1	1525
48	0	1525	10	599
48	0	1526	0	1526
48	0	1526	1	1526
48	0	1527	0	1527
48	0	1527	1	1527
48	0	1530	0	1083
48	0	1530	1	1083
48	0	1531	0	70
48	0	1531	1	897
48	0	1532	0	389
48	0	1532	1	464
48	0	1534	0	42
48	0	1534	1	1525
48	0	1534	10	599
48	0	1535	0	52
48	0	1535	1	52
48	0	1535	11	52
48	0	1536	0	1536
48	0	1536	1	1536
48	0	1538	0	1538
48	0	1538	1	1538
48	0	1538	11	1538
48	0	1540	0	1486
48	0	1540	1	1486
48	0	1541	0	411
48	0	1541	1	464
48	0	1542	0	1198
48	0	1542	1	1198
48	0	1543	0	1543
48	0	1543	1	1543
48	0	1544	0	1347
48	0	1544	1	498
48	0	1544	10	1347
48	0	1544	11	498
48	0	1545	0	1350
48	0	1545	1	1350
48	0	1546	0	1486
48	0	1546	1	1486
48	0	1547	0	1514
48	0	1547	1	1514
48	0	1547	10	1514
48	0	1547	11	1514
48	0	1548	0	1548
48	0	1548	1	1202
48	0	1548	11	1202
48	0	1549	0	1514
48	0	1549	1	1514
48	0	1549	10	1514
48	0	1549	11	1514
48	0	1550	0	1550
48	0	1550	1	1550
48	0	1551	0	1550
48	0	1551	1	1550
48	0	1552	0	793
48	0	1552	1	1552
48	0	1553	0	1430
48	0	1553	1	1430
48	0	1553	10	1430
48	0	1553	11	1430
48	0	1555	0	744
48	0	1555	1	744
48	0	1556	0	1514
48	0	1556	1	1514
48	0	1556	10	1514
48	0	1556	11	1514
48	0	1557	0	1557
48	0	1557	1	1283
48	0	1557	10	1557
48	0	1558	0	283
48	0	1558	1	687
48	0	1558	11	687
48	0	1560	0	1229
48	0	1560	1	1229
48	0	1560	11	1229
48	0	1562	0	1180
48	0	1562	1	1180
48	0	1563	0	66
48	0	1563	1	66
48	0	1566	0	1180
48	0	1566	1	1180
48	0	1567	0	1430
48	0	1567	1	1430
48	0	1567	10	1430
48	0	1567	11	1430
48	0	1568	0	1568
48	0	1568	1	1568
48	0	1569	0	148
48	0	1569	1	1569
48	0	1574	0	1183
48	0	1574	1	1183
48	0	1575	0	1575
48	0	1575	1	1575
48	0	1575	10	1575
48	0	1575	11	1575
48	0	1578	0	290
48	0	1578	1	290
48	0	1578	10	290
48	0	1578	11	290
48	0	1579	0	1134
48	0	1579	1	1579
48	0	1579	10	1134
48	0	1579	11	1579
48	0	1582	0	354
48	0	1582	1	354
48	0	1582	10	354
48	0	1582	11	354
48	0	1583	0	1575
48	0	1583	1	1575
48	0	1583	10	1575
48	0	1583	11	1575
48	0	1585	0	1132
48	0	1585	1	1132
48	0	1586	0	1216
48	0	1586	1	1216
48	0	1587	0	1350
48	0	1587	1	1350
48	0	1588	0	61
48	0	1588	1	38
48	0	1588	10	61
48	0	1590	0	103
48	0	1590	1	103
48	0	1593	0	1593
48	0	1593	1	1593
48	0	1593	10	1593
48	0	1594	0	1594
48	0	1594	1	1594
48	0	1596	0	1596
48	0	1596	1	449
48	0	1597	0	1596
48	0	1597	1	449
48	0	1598	0	380
48	0	1598	1	380
48	0	1598	10	380
48	0	1599	0	1575
48	0	1599	1	1575
48	0	1599	10	1575
48	0	1599	11	1575
48	0	1602	0	1602
48	0	1602	1	1602
48	0	1602	10	1602
48	0	1602	11	1602
48	0	1605	0	1605
48	0	1605	1	1605
48	0	1607	0	473
48	0	1607	1	473
48	0	1607	10	473
48	0	1607	11	473
48	0	1609	0	1609
48	0	1609	1	1609
48	0	1610	0	1594
48	0	1610	1	1594
48	0	1611	0	1609
48	0	1611	1	1609
48	0	1612	0	1612
48	0	1612	1	1612
48	0	1613	0	1613
48	0	1613	1	1613
48	0	1613	11	1613
48	0	1616	0	354
48	0	1616	1	354
48	0	1616	10	354
48	0	1616	11	354
48	0	1620	0	1620
48	0	1620	1	1620
48	0	1621	0	98
48	0	1621	1	98
48	0	1622	0	1622
48	0	1622	1	1622
48	0	1625	0	1625
48	0	1625	1	1625
48	0	1627	0	1602
48	0	1627	1	1602
48	0	1627	10	1602
48	0	1627	11	1602
48	0	1629	0	1067
48	0	1629	1	85
48	0	1629	10	1067
48	0	1634	0	20
48	0	1634	1	20
48	0	1634	11	20
48	0	1636	0	525
48	0	1636	1	525
48	0	1637	0	921
48	0	1637	1	921
48	0	1638	0	1327
48	0	1638	1	563
48	0	1639	0	1639
48	0	1639	1	1639
48	0	1640	0	1639
48	0	1640	1	1639
48	0	1641	0	1639
48	0	1641	1	1639
48	0	1642	0	1047
48	0	1642	1	1642
48	0	1646	0	667
48	0	1646	1	691
48	0	1649	0	12
48	0	1649	1	12
48	0	1650	0	11
48	0	1650	1	1500
48	0	1653	0	1303
48	0	1653	1	1303
48	0	1654	0	1654
48	0	1654	1	1654
48	0	1655	0	16
48	0	1655	1	16
48	0	1657	0	1657
48	0	1657	1	1657
48	0	1660	0	1660
48	0	1660	1	1660
48	0	1662	0	1536
48	0	1662	1	1536
48	0	1664	0	656
48	0	1664	1	656
48	0	1666	0	1666
48	0	1666	1	1666
48	0	1669	0	149
48	0	1669	1	521
48	0	1671	0	354
48	0	1671	1	354
48	0	1671	10	354
48	0	1671	11	354
48	0	1673	0	932
48	0	1673	1	932
48	0	1675	0	1338
48	0	1675	1	255
48	0	1675	10	1395
48	0	1675	11	255
48	0	1676	0	98
48	0	1676	1	98
48	0	1679	0	779
48	0	1679	1	779
48	0	1680	0	1680
48	0	1680	1	657
48	0	1681	0	1557
48	0	1681	1	1283
48	0	1681	10	1681
48	0	1682	0	23
48	0	1682	1	23
48	0	1682	10	23
48	0	1682	11	23
48	0	1685	0	775
48	0	1685	1	775
48	0	1686	0	1686
48	0	1686	1	1686
48	0	1688	0	1543
48	0	1688	1	1543
48	0	1692	0	1692
48	0	1692	1	1692
48	0	1694	0	690
48	0	1694	1	690
48	0	1694	10	690
48	0	1695	0	565
48	0	1695	1	565
48	0	1696	0	1692
48	0	1696	1	1692
48	0	1697	0	1112
48	0	1697	1	560
48	0	1697	11	560
48	0	1700	0	1700
48	0	1700	1	1041
48	0	1700	10	1700
48	0	1700	11	1041
48	0	1701	0	1701
48	0	1701	1	1527
48	0	1702	0	414
48	0	1702	1	414
48	0	1702	10	414
48	0	1702	11	414
48	0	1704	0	1704
48	0	1704	1	1704
48	0	1705	0	451
48	0	1705	1	451
48	0	1707	0	1666
48	0	1707	1	1666
48	0	1709	0	727
48	0	1709	1	727
48	0	1710	0	747
48	0	1710	1	747
48	0	1710	10	747
48	0	1711	0	238
48	0	1711	1	238
48	0	1711	11	238
48	0	1714	0	251
48	0	1714	1	251
48	0	1715	0	1536
48	0	1715	1	1536
48	0	1716	0	1716
48	0	1716	1	1716
48	0	1718	0	588
48	0	1718	1	1005
48	0	1718	10	588
48	0	1718	11	1005
48	0	1719	0	783
48	0	1719	1	1253
48	0	1719	10	783
48	0	1720	0	1720
48	0	1720	1	1720
48	0	1721	0	1720
48	0	1721	1	1720
48	0	1722	0	1722
48	0	1722	1	1722
48	0	1724	0	276
48	0	1724	1	276
48	0	1727	0	414
48	0	1727	1	414
48	0	1727	10	414
48	0	1727	11	414
48	0	1728	0	1728
48	0	1728	1	1728
48	0	1729	0	1343
48	0	1729	1	876
48	0	1729	11	876
48	0	1731	0	605
48	0	1731	1	1731
48	0	1731	10	605
48	0	1732	0	1732
48	0	1732	1	1732
48	0	1733	0	1733
48	0	1733	1	1733
48	0	1734	0	779
48	0	1734	1	779
48	0	1735	0	469
48	0	1735	1	469
48	0	1736	0	542
48	0	1736	1	542
48	0	1737	0	277
48	0	1737	1	277
48	0	1738	0	1568
48	0	1738	1	1568
48	0	1741	0	572
48	0	1741	1	986
48	0	1741	10	572
48	0	1741	11	985
48	0	1742	0	1742
48	0	1742	1	1742
48	0	1744	0	1744
48	0	1744	1	1744
48	0	1746	0	1746
48	0	1746	1	1746
48	0	1747	0	1666
48	0	1747	1	1666
48	0	1748	0	611
48	0	1748	1	1536
48	0	1749	0	1733
48	0	1749	1	1733
48	0	1750	0	1666
48	0	1750	1	1666
48	0	1752	0	744
48	0	1752	1	744
48	0	1753	0	560
48	0	1753	1	560
48	0	1753	11	560
48	0	1756	0	1657
48	0	1756	1	1657
48	0	1757	0	1757
48	0	1757	1	1757
48	0	1758	0	1183
48	0	1758	1	1183
48	0	1759	0	1759
48	0	1759	1	1759
48	0	1762	0	1762
48	0	1762	1	453
48	0	1762	11	453
48	0	1764	0	572
48	0	1764	1	1764
48	0	1764	10	572
48	0	1765	0	1765
48	0	1765	1	1764
48	0	1766	0	1766
48	0	1766	1	1766
48	0	1767	0	1765
48	0	1767	1	1764
48	0	1768	0	1768
48	0	1768	1	1768
48	0	1769	0	453
48	0	1769	1	453
48	0	1769	10	453
48	0	1769	11	453
48	0	1770	0	453
48	0	1770	1	453
48	0	1770	10	453
48	0	1770	11	453
48	0	1771	0	380
48	0	1771	1	380
48	0	1771	10	380
48	0	1772	0	139
48	0	1772	1	1768
48	0	1773	0	1773
48	0	1773	1	1052
48	0	1773	10	1773
48	0	1774	0	42
48	0	1774	1	926
48	0	1774	10	599
48	0	1776	0	606
48	0	1776	1	606
48	0	1777	0	10
48	0	1777	1	10
48	0	1779	0	132
48	0	1779	1	132
48	0	1779	10	132
48	0	1779	11	132
48	0	1780	0	1780
48	0	1780	1	1780
48	0	1785	0	1270
48	0	1785	1	1270
48	0	1787	0	1768
48	0	1787	1	1787
48	0	1790	0	1330
48	0	1790	1	1330
48	0	1791	0	1527
48	0	1791	1	1791
48	0	1793	0	46
48	0	1793	1	46
48	0	1793	11	46
48	0	1794	0	1733
48	0	1794	1	1733
48	0	1795	0	1527
48	0	1795	1	1795
48	0	1796	0	1796
48	0	1796	1	936
48	0	1798	0	1620
48	0	1798	1	1620
48	0	1799	0	1768
48	0	1799	1	1787
48	0	1800	0	379
48	0	1800	1	379
48	0	1800	10	379
48	0	1801	0	1801
48	0	1801	1	321
48	0	1801	10	1801
48	0	1802	0	657
48	0	1802	1	698
48	0	1802	10	657
48	0	1802	11	698
48	0	1803	0	1732
48	0	1803	1	1732
48	0	1805	0	1733
48	0	1805	1	1733
48	0	1806	0	824
48	0	1806	1	824
48	0	1809	0	1809
48	0	1809	1	1809
48	0	1810	0	1162
48	0	1810	1	1809
48	0	1810	10	1162
48	0	1811	0	769
48	0	1811	1	769
48	0	1812	0	1812
48	0	1812	1	1809
48	0	1813	0	1812
48	0	1813	1	1809
48	0	1814	0	1757
48	0	1814	1	1757
48	0	1818	0	11
48	0	1818	1	11
48	0	1824	0	1757
48	0	1824	1	1757
48	0	1826	0	1826
48	0	1826	1	1826
48	0	1827	0	23
48	0	1827	1	1827
48	0	1827	10	23
48	0	1832	0	321
48	0	1832	1	321
48	0	1835	0	1835
48	0	1835	1	1835
48	0	1836	0	1836
48	0	1836	1	1836
48	0	1837	0	1837
48	0	1837	1	470
48	0	1838	0	1836
48	0	1838	1	1836
48	0	1840	0	379
48	0	1840	1	379
48	0	1840	10	379
48	0	1841	0	1836
48	0	1841	1	1836
48	0	1844	0	1660
48	0	1844	1	1660
48	0	1848	0	1765
48	0	1848	1	1764
48	0	1849	0	1622
48	0	1849	1	1622
48	0	1850	0	1850
48	0	1850	1	1850
48	0	1850	10	1850
48	0	1852	0	1836
48	0	1852	1	1836
48	0	1853	0	1853
48	0	1853	1	1853
48	0	1859	0	1660
48	0	1859	1	1660
48	0	1862	0	157
48	0	1862	1	157
48	0	1862	10	157
48	0	1862	11	157
48	0	1863	0	69
48	0	1863	1	1863
48	0	1870	0	1047
48	0	1870	1	1047
48	0	1871	0	747
48	0	1871	1	747
48	0	1871	10	747
48	0	1872	0	291
48	0	1872	1	135
48	0	1872	11	135
48	0	1876	0	1876
48	0	1876	1	1876
48	0	1876	11	1876
48	0	1877	0	1877
48	0	1877	1	1111
48	0	1879	0	1879
48	0	1879	1	1791
48	0	1880	0	1041
48	0	1880	1	1041
48	0	1880	10	1041
48	0	1880	11	1041
48	0	1884	0	1884
48	0	1884	1	1884
48	0	1885	0	1885
48	0	1885	1	1885
48	0	1886	0	1568
48	0	1886	1	1568
48	0	1888	0	1041
48	0	1888	1	1579
48	0	1888	10	1041
48	0	1888	11	1579
48	0	1890	0	1180
48	0	1890	1	1180
48	0	1891	0	1891
48	0	1891	1	1052
48	0	1891	10	1891
48	0	1892	0	48
48	0	1892	1	238
48	0	1892	11	238
48	0	1893	0	1660
48	0	1893	1	1660
48	0	1895	0	1895
48	0	1895	1	1895
48	0	1901	0	394
48	0	1901	1	394
48	0	1901	10	394
48	0	1901	11	394
48	0	1903	0	1657
48	0	1903	1	1657
48	0	1904	0	301
48	0	1904	1	301
48	0	1908	0	1543
48	0	1908	1	1543
48	0	1909	0	1909
48	0	1909	1	1909
48	0	1910	0	1523
48	0	1910	1	1523
48	0	1910	10	1523
48	0	1911	0	1911
48	0	1911	1	1911
48	0	1911	10	1911
48	0	1911	11	1911
48	0	1916	0	380
48	0	1916	1	380
48	0	1916	10	380
48	0	1917	0	556
48	0	1917	1	698
48	0	1917	10	556
48	0	1917	11	698
48	0	1920	0	1920
48	0	1920	1	1920
48	0	1923	0	597
48	0	1923	1	1923
48	0	1923	10	597
48	0	1924	0	1780
48	0	1924	1	1780
48	0	1928	0	1609
48	0	1928	1	1609
48	0	1929	0	1929
48	0	1929	1	1929
48	0	1930	0	1930
48	0	1930	1	1930
48	0	1931	0	1931
48	0	1931	1	1931
48	0	1932	0	841
48	0	1932	1	841
48	0	1933	0	1933
48	0	1933	1	956
48	0	1933	11	956
48	0	1934	0	1934
48	0	1934	1	1934
48	0	1936	0	154
48	0	1936	1	154
48	0	1937	0	946
48	0	1937	1	946
48	0	1938	0	1938
48	0	1938	1	1938
48	0	1941	0	1941
48	0	1941	1	115
48	0	1945	0	1941
48	0	1945	1	1945
48	0	1947	0	139
48	0	1947	1	1188
48	0	1947	11	1188
48	0	1948	0	1948
48	0	1948	1	1948
48	0	1949	0	1949
48	0	1949	1	1949
48	0	1950	0	1950
48	0	1950	1	1950
48	0	1952	0	1952
48	0	1952	1	449
48	0	1954	0	772
48	0	1954	1	772
48	0	1956	0	1956
48	0	1956	1	66
48	0	1958	0	1958
48	0	1958	1	1958
48	0	1959	0	899
48	0	1959	1	1959
48	0	1959	11	1959
48	0	1960	0	1960
48	0	1960	1	1960
48	0	1963	0	1963
48	0	1963	1	1963
48	0	1964	0	87
48	0	1964	1	810
48	0	1964	11	810
48	0	1965	0	588
48	0	1965	1	698
48	0	1965	10	588
48	0	1965	11	698
48	0	1967	0	1967
48	0	1967	1	1967
48	0	1967	10	1967
48	0	1972	0	1543
48	0	1972	1	1543
48	0	1973	0	1047
48	0	1973	1	1642
48	0	1977	0	1960
48	0	1977	1	1960
48	0	1981	0	572
48	0	1981	1	926
48	0	1981	10	572
48	0	1983	0	611
48	0	1983	1	235
48	0	1991	0	1991
48	0	1991	1	1481
48	0	2001	0	2001
48	0	2001	1	2001
48	0	2004	0	2004
48	0	2004	1	2004
48	0	2010	0	66
48	0	2010	1	66
48	0	2011	0	2011
48	0	2011	1	2011
48	0	2011	11	2011
48	0	2013	0	1801
48	0	2013	1	2013
48	0	2013	10	1801
48	0	2014	0	1853
48	0	2014	1	1853
48	0	2016	0	587
48	0	2016	1	870
48	0	2023	0	2023
48	0	2023	1	1481
48	0	2026	0	2026
48	0	2026	1	2026
48	0	2026	11	2026
48	0	2027	0	2027
48	0	2027	1	2027
48	0	2028	0	1780
48	0	2028	1	1780
48	0	2029	0	1162
48	0	2029	1	1780
48	0	2029	10	1162
48	0	2032	0	2032
48	0	2032	1	2032
48	0	2041	0	1622
48	0	2041	1	1622
48	0	2048	0	71
48	0	2048	1	71
48	0	2048	10	71
48	0	2050	0	2050
48	0	2050	1	2050
48	0	2051	0	2050
48	0	2051	1	2050
48	0	2052	0	2050
48	0	2052	1	2050
48	0	2053	0	2050
48	0	2053	1	2050
48	0	2055	0	2055
48	0	2055	1	2055
48	0	2057	0	2057
48	0	2057	1	758
48	0	2060	0	696
48	0	2060	1	696
48	0	2060	11	696
48	0	2065	0	451
48	0	2065	1	451
48	0	2067	0	2067
48	0	2067	1	2067
48	0	2069	0	1271
48	0	2069	1	1124
48	0	2072	0	1339
48	0	2072	1	1339
48	0	2073	0	2073
48	0	2073	1	2073
48	0	2076	0	2076
48	0	2076	1	2076
48	0	2079	0	238
48	0	2079	1	48
48	0	2082	0	1701
48	0	2082	1	1795
48	0	2085	0	569
48	0	2085	1	569
48	0	2091	0	2091
48	0	2091	1	2091
48	0	2103	0	2057
48	0	2103	1	2103
48	0	2106	0	238
48	0	2106	1	48
48	0	2111	0	384
48	0	2111	1	386
48	0	2111	10	384
48	0	2114	0	542
48	0	2114	1	542
48	0	2115	0	2115
48	0	2115	1	2115
48	0	2117	0	2117
48	0	2117	1	2117
48	0	2118	0	582
48	0	2118	1	582
48	0	2120	0	1111
48	0	2120	1	1111
48	0	2122	0	222
48	0	2122	1	547
48	0	2127	0	1692
48	0	2127	1	1692
48	0	2128	0	2091
48	0	2128	1	2091
48	0	2130	0	463
48	0	2130	1	463
48	0	2130	11	463
48	0	2144	0	2144
48	0	2144	1	2144
48	0	2147	0	2091
48	0	2147	1	2091
48	0	2148	0	2148
48	0	2148	1	2148
48	0	2149	0	2148
48	0	2149	1	2148
48	0	2151	0	2151
48	0	2151	1	2151
48	0	2152	0	1568
48	0	2152	1	1568
48	0	2153	0	359
48	0	2153	1	359
48	0	2153	10	359
48	0	2154	0	527
48	0	2154	1	527
48	0	2163	0	2163
48	0	2163	1	2163
48	0	2168	0	276
48	0	2168	1	276
48	0	2171	0	2171
48	0	2171	1	2171
48	0	2174	0	1746
48	0	2174	1	1746
48	0	2179	0	2179
48	0	2179	1	2179
48	0	2184	0	2144
48	0	2184	1	2144
48	0	2188	0	2188
48	0	2188	1	2188
48	0	2194	0	582
48	0	2194	1	582
48	0	2198	0	1134
48	0	2198	1	2198
48	0	2198	10	1134
48	0	2198	11	2198
48	0	2199	0	858
48	0	2199	1	297
48	0	2199	10	858
48	0	2199	11	297
48	0	2200	0	2200
48	0	2200	1	204
48	0	2201	0	2201
48	0	2201	1	269
48	0	2210	0	569
48	0	2210	1	569
48	0	2214	0	2214
48	0	2214	1	2214
48	0	2219	0	139
48	0	2219	1	269
48	0	2224	0	2224
48	0	2224	1	1945
48	0	2225	0	1071
48	0	2225	1	1071
48	0	2228	0	2228
48	0	2228	1	2228
48	0	2229	0	582
48	0	2229	1	582
48	0	2239	0	2239
48	0	2239	1	2239
48	0	2240	0	2239
48	0	2240	1	2239
48	0	2246	0	2239
48	0	2246	1	2239
48	0	2248	0	2248
48	0	2248	1	2248
48	0	2249	0	376
48	0	2249	1	2249
48	0	2253	0	2253
48	0	2253	1	2253
48	0	2258	0	2258
48	0	2258	1	2258
48	0	2259	0	2259
48	0	2259	1	2259
48	0	2262	0	2262
48	0	2262	1	2262
48	0	2263	0	2263
48	0	2263	1	2263
48	0	2265	0	2262
48	0	2265	1	2262
48	0	2266	0	2262
48	0	2266	1	2262
48	0	2267	0	2262
48	0	2267	1	2262
48	0	2270	0	2270
48	0	2270	1	2270
48	0	2273	0	274
48	0	2273	1	2273
48	0	2274	0	2274
48	0	2274	1	2274
48	0	2278	0	2274
48	0	2278	1	2274
48	0	2279	0	2279
48	0	2279	1	2279
48	0	2285	0	2285
48	0	2285	1	2285
48	0	2289	0	2289
48	0	2289	1	2289
48	0	2292	0	2292
48	0	2292	1	2292
48	0	2292	11	2292
48	0	2294	0	1287
48	0	2294	1	2294
48	0	2295	0	2274
48	0	2295	1	2274
48	0	2296	0	2274
48	0	2296	1	2274
48	0	2297	0	2297
48	0	2297	1	2297
48	0	2306	0	2306
48	0	2306	1	2306
48	0	2309	0	2306
48	0	2309	1	2306
48	0	2310	0	2310
48	0	2310	1	2310
48	0	2313	0	2239
48	0	2313	1	2239
48	0	2314	0	2314
48	0	2314	1	2314
48	0	2315	0	2314
48	0	2315	1	2314
48	0	2316	0	2314
48	0	2316	1	2314
48	0	2317	0	2314
48	0	2317	1	2314
48	0	2319	0	863
48	0	2319	1	863
48	0	2322	0	2322
48	0	2322	1	2322
48	0	2324	0	2248
48	0	2324	1	2248
48	0	2325	0	2325
48	0	2325	1	2325
48	0	2326	0	2326
48	0	2326	1	2326
48	0	2327	0	2327
48	0	2327	1	2327
48	0	2327	10	2327
48	0	2334	0	2214
48	0	2334	1	2214
48	0	2335	0	2335
48	0	2335	1	2335
48	0	2335	10	2335
48	0	2335	11	2335
48	0	2340	0	2340
48	0	2340	1	2340
48	0	2341	0	2340
48	0	2341	1	2340
48	0	2346	0	2306
48	0	2346	1	2306
48	0	2347	0	1742
48	0	2347	1	1742
48	0	2348	0	1742
48	0	2348	1	1742
48	0	2349	0	2349
48	0	2349	1	2327
48	0	2352	0	2352
48	0	2352	1	2352
48	0	2353	0	2279
48	0	2353	1	2279
48	0	2355	0	2355
48	0	2355	1	2355
48	0	2356	0	2355
48	0	2356	1	2355
48	0	2357	0	2355
48	0	2357	1	2355
48	0	2358	0	2355
48	0	2358	1	2355
48	0	2368	0	1067
48	0	2368	1	2368
48	0	2368	10	1067
48	0	2378	0	2285
48	0	2378	1	2285
48	0	2383	0	2285
48	0	2383	1	2285
48	0	2384	0	2384
48	0	2384	1	2384
48	0	2388	0	1938
48	0	2388	1	1938
48	0	2389	0	2389
48	0	2389	1	312
48	0	2393	0	2393
48	0	2393	1	2393
48	0	2395	0	2393
48	0	2395	1	1034
48	0	2395	11	1034
48	0	2398	0	2057
48	0	2398	1	87
48	0	2400	0	2400
48	0	2400	1	2400
48	0	2403	0	264
48	0	2403	1	2403
48	0	2404	0	264
48	0	2404	1	2403
48	0	2408	0	2408
48	0	2408	1	661
48	0	2408	10	2408
48	0	2408	11	661
48	0	2416	0	2416
48	0	2416	1	2416
48	0	2419	0	1134
48	0	2419	1	1579
48	0	2419	10	1134
48	0	2419	11	1579
48	0	2426	0	2426
48	0	2426	1	2400
48	0	2427	0	1949
48	0	2427	1	1949
48	0	2428	0	2428
48	0	2428	1	2428
48	0	2432	0	2432
48	0	2432	1	149
48	0	2432	11	149
48	0	2436	0	2436
48	0	2436	1	2436
48	0	2449	0	2449
48	0	2449	1	274
48	0	2456	0	2456
48	0	2456	1	1467
48	0	2461	0	2389
48	0	2461	1	312
48	0	2465	0	2465
48	0	2465	1	2465
48	0	2468	0	1067
48	0	2468	1	2468
48	0	2468	10	1067
48	0	2469	0	350
48	0	2469	1	192
48	0	2469	10	350
48	0	2470	0	2456
48	0	2470	1	1467
48	0	2472	0	2472
48	0	2472	1	1379
48	0	2473	0	2473
48	0	2473	1	2473
48	0	2476	0	2476
48	0	2476	1	2476
48	0	2483	0	2483
48	0	2483	1	2428
48	0	2486	0	2486
48	0	2486	1	2486
48	0	2487	0	2487
48	0	2487	1	2487
48	0	2493	0	2428
48	0	2493	1	2428
48	0	2497	0	2393
48	0	2497	1	2497
48	0	2498	0	2498
48	0	2498	1	2498
48	0	2499	0	2498
48	0	2499	1	2498
48	0	2500	0	2498
48	0	2500	1	2498
48	0	2501	0	2498
48	0	2501	1	2498
48	0	2506	0	1041
48	0	2506	1	2506
48	0	2506	10	1041
48	0	2506	11	2506
48	0	2509	0	2509
48	0	2509	1	2509
48	0	2510	0	2510
48	0	2510	1	527
48	0	2513	0	2513
48	0	2513	1	2513
48	0	2514	0	2514
48	0	2514	1	2514
48	0	2517	0	2487
48	0	2517	1	2487
48	0	2518	0	167
48	0	2518	1	196
48	0	2525	0	2487
48	0	2525	1	2487
48	0	2530	0	463
48	0	2530	1	463
48	0	2530	11	463
48	0	2531	0	2531
48	0	2531	1	2531
48	0	2532	0	2532
48	0	2532	1	1254
48	0	2532	11	1254
48	0	2533	0	2513
48	0	2533	1	2513
48	0	2534	0	2534
48	0	2534	1	1254
48	0	2534	11	1254
48	0	2538	0	880
48	0	2538	1	956
48	0	2538	10	880
48	0	2538	11	956
48	0	2539	0	2539
48	0	2539	1	2539
48	0	2540	0	2540
48	0	2540	1	2540
48	0	2542	0	2531
48	0	2542	1	876
48	0	2542	11	876
48	0	2543	0	1704
48	0	2543	1	1704
48	0	2549	0	8
48	0	2549	1	2273
48	0	2550	0	2550
48	0	2550	1	2550
48	0	2551	0	2514
48	0	2551	1	2514
48	0	2555	0	8
48	0	2555	1	2273
48	0	2557	0	2557
48	0	2557	1	2557
48	0	2558	0	2558
48	0	2558	1	2557
48	0	2561	0	2514
48	0	2561	1	2514
48	0	2565	0	2285
48	0	2565	1	2550
48	0	2567	0	2550
48	0	2567	1	2550
48	0	2568	0	2568
48	0	2568	1	2568
48	0	2581	0	2581
48	0	2581	1	1475
48	0	2583	0	2583
48	0	2583	1	2557
48	0	2584	0	2584
48	0	2584	1	2557
48	0	2586	0	2586
48	0	2586	1	2586
48	0	2588	0	2586
48	0	2588	1	2586
48	0	2593	0	2593
48	0	2593	1	2593
48	0	2602	0	2593
48	0	2602	1	2593
48	0	2604	0	2593
48	0	2604	1	2593
48	0	2607	0	2483
48	0	2607	1	2607
48	0	2609	0	2609
48	0	2609	1	2609
48	0	2616	0	2514
48	0	2616	1	2514
48	0	2624	0	2624
48	0	2624	1	2624
48	0	2626	0	2593
48	0	2626	1	2593
48	0	2629	0	2629
48	0	2629	1	2629
48	0	2632	0	2632
48	0	2632	1	2632
48	0	2634	0	2634
48	0	2634	1	2634
48	0	2635	0	2635
48	0	2635	1	2635
48	0	2636	0	2636
48	0	2636	1	2636
48	0	2637	0	2637
48	0	2637	1	1324
48	0	2638	0	2586
48	0	2638	1	2586
48	0	2640	0	2640
48	0	2640	1	2640
48	0	2641	0	2640
48	0	2641	1	2640
48	0	2642	0	2640
48	0	2642	1	2640
48	0	2647	0	2647
48	0	2647	1	2647
48	0	2653	0	2653
48	0	2653	1	2653
48	0	2660	0	2456
48	0	2660	1	2660
48	0	2661	0	2349
48	0	2661	1	2661
48	0	2664	0	2635
48	0	2664	1	2635
48	0	2668	0	2668
48	0	2668	1	2668
48	0	2668	11	2668
48	0	2670	0	2670
48	0	2670	1	2670
48	0	2671	0	2671
48	0	2671	1	2671
48	0	2672	0	2672
48	0	2672	1	2672
48	0	2673	0	694
48	0	2673	1	694
48	0	2674	0	694
48	0	2674	1	694
48	0	2677	0	2677
48	0	2677	1	2677
48	0	2678	0	2678
48	0	2678	1	2678
48	0	2679	0	2679
48	0	2679	1	2679
48	0	2683	0	2683
48	0	2683	1	2683
48	0	2685	0	2685
48	0	2685	1	2685
48	0	2688	0	2688
48	0	2688	1	242
48	0	2688	11	242
48	0	2690	0	2690
48	0	2690	1	2690
48	0	2693	0	2635
48	0	2693	1	2635
48	0	2695	0	2685
48	0	2695	1	2685
48	0	2698	0	2637
48	0	2698	1	1324
48	0	2699	0	2688
48	0	2699	1	1324
48	0	2705	0	2705
48	0	2705	1	2705
48	0	2707	0	2685
48	0	2707	1	2685
48	0	2709	0	2685
48	0	2709	1	2685
48	0	2711	0	2711
48	0	2711	1	2711
48	0	2713	0	2581
48	0	2713	1	2713
48	0	2721	0	2721
48	0	2721	1	1507
48	0	2722	0	2722
48	0	2722	1	2722
48	0	2723	0	2723
48	0	2723	1	2723
48	0	2724	0	350
48	0	2724	1	1507
48	0	2724	10	350
48	0	2725	0	2725
48	0	2725	1	2725
48	0	2729	0	2487
48	0	2729	1	2487
48	0	2731	0	2711
48	0	2731	1	2731
48	0	2735	0	269
48	0	2735	1	2661
48	0	2737	0	2737
48	0	2737	1	1034
48	0	2737	11	1034
48	0	2743	0	2743
48	0	2743	1	2722
48	0	2745	0	2711
48	0	2745	1	2711
48	0	2747	0	2737
48	0	2747	1	2747
48	0	2753	0	2753
48	0	2753	1	2747
48	0	2754	0	2754
48	0	2754	1	2754
48	0	2755	0	2755
48	0	2755	1	2755
48	0	2757	0	2757
48	0	2757	1	2757
48	0	2758	0	2758
48	0	2758	1	2758
48	0	2759	0	2759
48	0	2759	1	2759
48	0	2760	0	2755
48	0	2760	1	2755
48	0	2761	0	2550
48	0	2761	1	2550
48	0	2762	0	2671
48	0	2762	1	2671
48	0	2768	0	2768
48	0	2768	1	2768
48	0	2783	0	2783
48	0	2783	1	2783
48	0	2784	0	2784
48	0	2784	1	2784
48	0	2786	0	2786
48	0	2786	1	2786
48	0	2788	0	2671
48	0	2788	1	2671
48	0	2789	0	2789
48	0	2789	1	2789
48	0	2796	0	2796
48	0	2796	1	2796
48	0	2798	0	1078
48	0	2798	1	1078
48	0	2800	0	2800
48	0	2800	1	2800
48	0	2801	0	2800
48	0	2801	1	2800
48	0	2802	0	2800
48	0	2802	1	2800
48	0	2803	0	2800
48	0	2803	1	2800
48	0	2807	0	2807
48	0	2807	1	2807
48	0	2812	0	2581
48	0	2812	1	2713
48	0	2818	0	2818
48	0	2818	1	2818
48	0	2820	0	2820
48	0	2820	1	2820
48	0	2824	0	2671
48	0	2824	1	2671
48	0	2826	0	2759
48	0	2826	1	2759
48	0	2830	0	2830
48	0	2830	1	2830
48	0	2840	0	2820
48	0	2840	1	2840
48	0	2841	0	2841
48	0	2841	1	2841
48	0	2847	0	2847
48	0	2847	1	2847
48	0	2847	11	2847
48	0	2857	0	2783
48	0	2857	1	2857
48	0	2861	0	2861
48	0	2861	1	2861
48	0	2866	0	1287
48	0	2866	1	2840
48	0	2867	0	2683
48	0	2867	1	2683
48	0	2869	0	2683
48	0	2869	1	2683
48	0	2871	0	2683
48	0	2871	1	2683
48	0	2872	0	2872
48	0	2872	1	2872
48	0	2874	0	2872
48	0	2874	1	2872
48	0	2875	0	2875
48	0	2875	1	2875
48	0	2876	0	2875
48	0	2876	1	2875
48	0	2877	0	2861
48	0	2877	1	2861
48	0	2878	0	2875
48	0	2878	1	2875
48	0	2879	0	2875
48	0	2879	1	2875
48	0	2881	0	2881
48	0	2881	1	2881
48	0	2883	0	687
48	0	2883	1	2497
48	0	2883	10	687
48	0	2885	0	2885
48	0	2885	1	2885
48	0	2886	0	2885
48	0	2886	1	2885
48	0	2890	0	2890
48	0	2890	1	2890
48	0	2891	0	2891
48	0	2891	1	2891
48	0	2894	0	2894
48	0	2894	1	2894
48	0	2895	0	2895
48	0	2895	1	2895
48	0	2896	0	2895
48	0	2896	1	2895
48	0	2897	0	2895
48	0	2897	1	2895
48	0	2901	0	2901
48	0	2901	1	325
48	0	2902	0	2902
48	0	2902	1	2902
48	0	2908	0	2908
48	0	2908	1	2908
48	0	2909	0	2908
48	0	2909	1	2908
48	0	2913	0	2913
48	0	2913	1	2913
48	0	2913	10	2913
48	0	2918	0	2918
48	0	2918	1	2918
48	0	2918	10	2918
48	0	2921	0	2921
48	0	2921	1	2921
48	0	2921	10	2921
48	0	2931	0	2931
48	0	2931	1	2931
48	0	2932	0	2931
48	0	2932	1	2931
48	0	2937	0	2937
48	0	2937	1	2937
48	0	2939	0	2939
48	0	2939	1	2939
48	0	2940	0	2940
48	0	2940	1	2940
48	0	2941	0	2941
48	0	2941	1	2941
48	0	2942	0	2941
48	0	2942	1	2941
48	0	2943	0	2943
48	0	2943	1	2943
48	0	2946	0	2946
48	0	2946	1	2946
48	0	2947	0	2947
48	0	2947	1	2947
48	0	2951	0	2951
48	0	2951	1	2951
48	0	2952	0	2952
48	0	2952	1	2952
48	0	2954	0	2918
48	0	2954	1	2918
48	0	2954	10	2918
48	0	2956	0	2937
48	0	2956	1	2937
48	0	2957	0	2957
48	0	2957	1	2957
48	0	2959	0	2959
48	0	2959	1	2959
48	0	2960	0	2960
48	0	2960	1	2960
48	0	2963	0	2963
48	0	2963	1	2963
48	0	2963	10	2963
48	0	2963	11	2963
48	0	2964	0	2964
48	0	2964	1	2964
48	0	2965	0	2959
48	0	2965	1	2959
48	0	2967	0	2959
48	0	2967	1	2959
48	0	2968	0	2968
48	0	2968	1	2968
48	0	2974	0	2820
48	0	2974	1	2974
48	0	2975	0	2975
48	0	2975	1	2975
48	0	2976	0	2976
48	0	2976	1	1945
48	0	2978	0	2978
48	0	2978	1	2978
48	0	2979	0	1339
48	0	2979	1	1339
48	0	2980	0	2980
48	0	2980	1	2980
48	0	2981	0	2670
48	0	2981	1	2670
48	0	2983	0	2983
48	0	2983	1	2983
48	0	2986	0	2908
48	0	2986	1	2908
48	0	2988	0	2988
48	0	2988	1	2988
48	0	2989	0	2989
48	0	2989	1	2989
48	0	2990	0	2988
48	0	2990	1	2988
48	0	2991	0	2976
48	0	2991	1	2661
48	0	2992	0	2975
48	0	2992	1	2661
48	0	2995	0	2995
48	0	2995	1	2995
48	0	2996	0	2996
48	0	2996	1	2996
48	0	2997	0	2997
48	0	2997	1	2997
48	0	2998	0	2998
48	0	2998	1	678
48	0	2999	0	2999
48	0	2999	1	2999
48	0	3001	0	2998
48	0	3001	1	3001
48	0	3002	0	2997
48	0	3002	1	2997
48	0	3005	0	2999
48	0	3005	1	2999
48	0	3007	0	2908
48	0	3007	1	2908
48	0	3010	0	3010
48	0	3010	1	3010
48	0	3013	0	3013
48	0	3013	1	661
48	0	3013	11	661
48	0	3015	0	3015
48	0	3015	1	3015
48	0	3019	0	3013
48	0	3019	1	2273
48	0	3020	0	2913
48	0	3020	1	2913
48	0	3020	10	2913
48	0	3021	0	3021
48	0	3021	1	3021
48	0	3021	10	3021
48	0	3022	0	3022
48	0	3022	1	3022
48	0	3024	0	677
48	0	3024	1	677
48	0	3026	0	2968
48	0	3026	1	2968
48	0	3027	0	3022
48	0	3027	1	3022
48	0	3028	0	657
48	0	3028	1	3028
48	0	3028	10	657
48	0	3028	11	3028
48	0	3030	0	3030
48	0	3030	1	3030
48	0	3031	0	3031
48	0	3031	1	3031
48	0	3032	0	3032
48	0	3032	1	3032
48	0	3032	10	3032
48	0	3036	0	3036
48	0	3036	1	3036
48	0	3037	0	3036
48	0	3037	1	3036
48	0	3038	0	3036
48	0	3038	1	3036
48	0	3039	0	3036
48	0	3039	1	3036
48	0	3040	0	2881
48	0	3040	1	2881
48	0	3041	0	3041
48	0	3041	1	3041
48	0	3043	0	773
48	0	3043	1	773
48	0	3045	0	2768
48	0	3045	1	3045
48	0	3046	0	2998
48	0	3046	1	3001
48	0	3048	0	3015
48	0	3048	1	3015
48	0	3049	0	2998
48	0	3049	1	3001
48	0	3050	0	3050
48	0	3050	1	3050
48	0	3053	0	3053
48	0	3053	1	3053
48	0	3055	0	2968
48	0	3055	1	2968
48	0	3057	0	3057
48	0	3057	1	3057
48	0	3060	0	3060
48	0	3060	1	1052
48	0	3063	0	3063
48	0	3063	1	3063
48	0	3063	10	3063
48	0	3064	0	3064
48	0	3064	1	3064
48	0	3069	0	2988
48	0	3069	1	2988
48	0	3070	0	2968
48	0	3070	1	2968
48	0	3071	0	3071
48	0	3071	1	3071
48	0	3074	0	3074
48	0	3074	1	3074
48	0	3076	0	3076
48	0	3076	1	841
48	0	3077	0	2786
48	0	3077	1	2786
48	0	3078	0	2786
48	0	3078	1	2786
48	0	3079	0	3079
48	0	3079	1	3079
48	0	3080	0	2786
48	0	3080	1	2786
48	0	3081	0	3081
48	0	3081	1	3081
48	0	3082	0	2996
48	0	3082	1	2996
48	0	3085	0	3085
48	0	3085	1	3085
48	0	3086	0	3086
48	0	3086	1	3086
48	0	3087	0	3087
48	0	3087	1	3087
48	0	3088	0	3088
48	0	3088	1	3088
48	0	3089	0	3089
48	0	3089	1	3089
48	0	3089	10	3089
48	0	3089	11	3089
48	0	3091	0	3091
48	0	3091	1	3091
48	0	3092	0	3091
48	0	3092	1	3091
48	0	3093	0	3091
48	0	3093	1	3091
48	0	3094	0	3091
48	0	3094	1	3091
48	0	3096	0	3096
48	0	3096	1	3096
48	0	3097	0	3097
48	0	3097	1	3097
48	0	3102	0	3102
48	0	3102	1	3102
48	0	3104	0	819
48	0	3104	1	819
48	0	3105	0	3022
48	0	3105	1	3022
48	0	3109	0	3109
48	0	3109	1	3109
48	0	3110	0	3110
48	0	3110	1	3110
48	0	3110	10	3110
48	0	3111	0	3111
48	0	3111	1	3111
48	0	3112	0	3112
48	0	3112	1	3112
48	0	3113	0	3113
48	0	3113	1	3113
48	0	3114	0	3114
48	0	3114	1	3114
48	0	3114	10	3114
48	0	3114	11	3114
48	0	3116	0	3116
48	0	3116	1	3116
48	0	3117	0	3114
48	0	3117	1	3114
48	0	3117	10	3114
48	0	3117	11	3114
48	0	3119	0	3119
48	0	3119	1	3119
48	0	3120	0	3120
48	0	3120	1	3120
48	0	3123	0	3123
48	0	3123	1	3123
48	0	3124	0	3124
48	0	3124	1	3124
48	0	3125	0	3125
48	0	3125	1	3125
48	0	3126	0	3126
48	0	3126	1	3126
48	0	3127	0	3127
48	0	3127	1	3127
48	0	3128	0	2711
48	0	3128	1	2711
48	0	3129	0	3129
48	0	3129	1	3129
48	0	3133	0	3133
48	0	3133	1	2722
48	0	3134	0	3134
48	0	3134	1	3134
48	0	3135	0	588
48	0	3135	1	3135
48	0	3135	10	588
48	0	3136	0	3136
48	0	3136	1	3136
48	0	3137	0	3137
48	0	3137	1	3137
48	0	3138	0	3138
48	0	3138	1	3138
48	0	3139	0	3139
48	0	3139	1	3139
48	0	3139	11	3139
48	0	3140	0	3140
48	0	3140	1	3140
48	0	3140	11	3140
48	0	3143	0	3143
48	0	3143	1	3143
48	0	3145	0	3145
48	0	3145	1	3145
48	0	3146	0	3146
48	0	3146	1	3146
48	0	3147	0	3147
48	0	3147	1	3147
48	0	3149	0	3149
48	0	3149	1	3149
48	0	3151	0	3151
48	0	3151	1	3151
48	0	3151	10	3151
48	0	3151	11	3151
48	0	3152	0	3152
48	0	3152	1	3152
48	0	3152	10	3152
48	0	3152	11	3152
48	0	3153	0	3153
48	0	3153	1	3153
48	0	3154	0	3154
48	0	3154	1	3154
48	0	3154	10	3154
48	0	3154	11	3154
48	0	3155	0	3155
48	0	3155	1	3155
48	0	3156	0	3156
48	0	3156	1	3156
48	0	3157	0	3157
48	0	3157	1	3157
48	0	3159	0	3159
48	0	3159	1	3159
48	0	3160	0	3160
48	0	3160	1	3159
48	0	3161	0	3161
48	0	3161	1	3161
48	0	3162	0	3162
48	0	3162	1	3162
48	0	3163	0	3163
48	0	3163	1	3163
48	0	3164	0	3164
48	0	3164	1	3164
48	0	3165	0	3165
48	0	3165	1	3159
48	0	3166	0	3166
48	0	3166	1	3166
48	0	3167	0	3167
48	0	3167	1	3167
