result_no	generate_no	e_no	cook	make	composition	addition	
43	0	1	1	24	1	1
43	0	2	1	23	1	1
43	0	3	1	1	41	1
43	0	4	1	39	2	1
43	0	5	1	1	39	1
43	0	6	2	3	12	4
43	0	7	1	1	1	35
43	0	8	1	1	5	1
43	0	9	1	1	38	1
43	0	10	1	1	4	1
43	0	11	7	1	14	1
43	0	12	12	9	1	1
43	0	13	33	1	1	1
43	0	16	20	1	1	1
43	0	17	5	1	1	1
43	0	19	33	1	1	1
43	0	20	1	1	36	1
43	0	21	1	37	1	1
43	0	23	1	1	1	40
43	0	24	21	1	3	1
43	0	25	1	1	1	12
43	0	26	1	42	1	1
43	0	27	1	1	1	32
43	0	28	1	1	3	1
43	0	29	1	1	3	1
43	0	30	9	1	1	1
43	0	32	1	1	26	1
43	0	33	1	1	1	38
43	0	34	1	43	1	1
43	0	36	1	1	1	13
43	0	37	1	34	1	1
43	0	38	1	1	1	40
43	0	39	1	1	1	30
43	0	40	17	1	1	1
43	0	42	1	38	1	1
43	0	43	1	1	38	1
43	0	44	1	1	1	34
43	0	46	28	1	1	1
43	0	47	13	1	1	2
43	0	48	1	1	1	38
43	0	49	23	1	1	1
43	0	50	1	1	1	37
43	0	52	1	1	19	1
43	0	53	1	1	38	1
43	0	54	1	1	1	37
43	0	55	1	43	1	1
43	0	57	5	1	13	1
43	0	58	1	1	30	1
43	0	59	1	41	1	1
43	0	61	1	1	3	1
43	0	63	1	16	1	1
43	0	65	1	1	40	1
43	0	66	1	1	33	1
43	0	67	1	42	1	1
43	0	68	1	1	1	32
43	0	69	1	41	1	1
43	0	70	1	1	35	1
43	0	71	1	1	33	1
43	0	72	1	1	39	1
43	0	73	1	43	1	1
43	0	75	1	41	1	1
43	0	76	28	1	1	1
43	0	78	1	30	1	1
43	0	79	1	43	1	1
43	0	80	15	13	4	1
43	0	81	1	39	1	1
43	0	83	22	1	4	1
43	0	84	1	1	39	1
43	0	85	1	42	1	1
43	0	86	13	1	1	1
43	0	87	18	1	1	1
43	0	88	1	1	29	1
43	0	89	1	43	1	1
43	0	90	1	1	1	36
43	0	91	1	40	1	2
43	0	92	1	1	20	1
43	0	93	2	1	1	1
43	0	94	1	1	35	1
43	0	96	1	1	1	25
43	0	97	1	1	1	42
43	0	98	1	1	1	1
43	0	99	1	1	34	1
43	0	100	1	1	1	38
43	0	101	1	1	39	1
43	0	102	1	15	1	1
43	0	103	1	1	2	1
43	0	104	1	1	38	1
43	0	105	1	31	1	1
43	0	106	1	1	20	1
43	0	107	1	1	29	1
43	0	108	1	1	1	3
43	0	109	11	1	1	1
43	0	110	1	1	2	1
43	0	111	1	1	2	30
43	0	112	1	25	1	1
43	0	113	1	10	1	1
43	0	114	1	8	6	1
43	0	115	1	1	1	37
43	0	116	1	42	1	1
43	0	117	1	1	1	4
43	0	118	17	1	1	1
43	0	120	1	1	43	1
43	0	121	1	1	1	18
43	0	122	2	1	36	1
43	0	123	2	1	8	1
43	0	127	1	1	1	3
43	0	129	9	1	1	1
43	0	130	1	1	37	1
43	0	131	1	1	1	36
43	0	132	1	42	1	1
43	0	133	25	1	1	1
43	0	134	16	2	11	1
43	0	135	1	1	1	29
43	0	138	1	1	1	29
43	0	139	25	1	8	2
43	0	140	1	1	1	34
43	0	143	1	1	1	26
43	0	144	26	1	1	1
43	0	145	4	1	1	1
43	0	146	1	12	1	1
43	0	147	1	1	1	39
43	0	148	1	1	35	1
43	0	149	27	1	1	1
43	0	150	1	41	1	1
43	0	151	1	1	1	39
43	0	153	1	1	32	1
43	0	154	1	1	1	2
43	0	155	1	41	1	1
43	0	156	1	1	31	1
43	0	157	1	39	1	1
43	0	158	3	1	1	1
43	0	159	3	1	1	1
43	0	160	1	1	1	1
43	0	161	1	1	1	41
43	0	162	29	1	1	1
43	0	163	1	29	1	1
43	0	164	27	1	1	1
43	0	167	1	39	1	1
43	0	169	3	1	1	1
43	0	170	1	1	27	1
43	0	171	1	1	1	37
43	0	173	1	12	1	1
43	0	174	1	41	1	1
43	0	176	1	40	1	1
43	0	178	5	1	1	1
43	0	179	31	1	1	1
43	0	180	16	1	1	1
43	0	183	1	1	36	1
43	0	184	1	1	1	38
43	0	185	1	37	1	1
43	0	186	1	40	1	1
43	0	188	1	1	28	1
43	0	189	1	18	1	1
43	0	190	1	1	35	1
43	0	191	1	1	40	1
43	0	192	1	1	38	1
43	0	194	1	41	1	1
43	0	195	1	41	1	1
43	0	196	1	1	1	38
43	0	197	1	36	1	1
43	0	198	1	1	1	39
43	0	199	6	1	1	1
43	0	200	13	1	10	1
43	0	201	1	5	1	1
43	0	204	1	1	34	1
43	0	205	1	1	35	1
43	0	206	3	1	1	1
43	0	209	1	1	1	37
43	0	210	1	41	1	1
43	0	212	19	1	8	1
43	0	213	1	1	35	1
43	0	215	1	41	1	1
43	0	217	1	1	1	38
43	0	218	10	1	1	1
43	0	221	1	1	28	1
43	0	222	1	42	1	1
43	0	223	1	1	1	39
43	0	224	1	1	36	1
43	0	225	1	43	1	1
43	0	226	10	1	1	1
43	0	227	1	1	1	6
43	0	228	1	35	1	1
43	0	232	10	9	12	1
43	0	233	7	1	1	1
43	0	234	1	1	37	1
43	0	235	1	33	1	1
43	0	236	1	39	1	1
43	0	237	23	1	1	1
43	0	238	30	1	4	1
43	0	240	1	2	1	36
43	0	241	1	1	31	1
43	0	242	3	1	1	1
43	0	243	27	1	1	1
43	0	244	17	1	1	1
43	0	245	1	1	1	39
43	0	246	8	4	12	1
43	0	247	6	1	1	1
43	0	248	1	35	1	1
43	0	251	1	1	33	1
43	0	253	1	1	1	2
43	0	255	24	1	1	1
43	0	256	1	1	37	1
43	0	259	1	1	37	1
43	0	260	27	1	1	1
43	0	261	1	1	4	7
43	0	262	1	41	1	1
43	0	264	1	25	1	1
43	0	266	1	40	1	1
43	0	269	1	1	1	36
43	0	270	10	1	6	7
43	0	271	1	1	1	41
43	0	273	1	1	1	35
43	0	274	22	1	1	1
43	0	275	1	27	1	1
43	0	276	1	1	23	1
43	0	277	1	26	1	1
43	0	280	29	1	4	1
43	0	281	1	1	29	1
43	0	283	1	1	1	38
43	0	286	1	1	1	38
43	0	287	1	1	23	1
43	0	288	1	42	1	1
43	0	289	1	1	37	1
43	0	290	1	1	1	25
43	0	291	1	1	29	1
43	0	297	1	37	1	1
43	0	300	1	1	38	1
43	0	301	1	1	13	1
43	0	307	1	1	1	1
43	0	308	1	1	3	21
43	0	309	1	1	35	1
43	0	310	1	1	39	1
43	0	311	1	1	32	1
43	0	312	1	1	1	39
43	0	313	8	1	1	1
43	0	314	1	1	24	1
43	0	315	1	3	24	1
43	0	317	1	1	27	1
43	0	318	1	1	17	1
43	0	319	24	1	1	1
43	0	320	1	1	1	8
43	0	321	24	1	1	1
43	0	323	4	25	1	1
43	0	324	1	40	1	1
43	0	325	1	43	1	1
43	0	327	5	3	1	1
43	0	329	1	1	1	1
43	0	330	1	1	1	39
43	0	333	1	1	1	37
43	0	334	1	1	1	25
43	0	335	1	40	1	1
43	0	336	27	1	2	1
43	0	337	1	1	35	1
43	0	339	7	5	20	5
43	0	340	1	1	1	27
43	0	341	1	1	6	1
43	0	342	27	1	1	1
43	0	344	8	1	1	1
43	0	345	1	1	25	1
43	0	346	1	1	1	36
43	0	348	3	1	1	13
43	0	349	1	1	8	1
43	0	350	1	1	1	40
43	0	351	1	12	1	1
43	0	354	1	38	1	1
43	0	355	1	1	33	1
43	0	357	5	12	3	1
43	0	358	1	1	27	1
43	0	359	1	1	38	1
43	0	360	1	1	1	35
43	0	362	1	2	1	1
43	0	363	1	1	1	39
43	0	365	1	28	1	1
43	0	366	1	41	1	1
43	0	367	5	1	1	1
43	0	368	25	1	1	1
43	0	369	1	1	37	1
43	0	370	1	1	1	2
43	0	371	1	34	1	1
43	0	372	1	1	1	14
43	0	375	1	1	29	1
43	0	376	1	41	1	1
43	0	379	1	1	1	37
43	0	380	1	39	1	1
43	0	381	18	1	1	1
43	0	382	1	39	1	1
43	0	383	31	1	1	1
43	0	384	1	10	1	1
43	0	385	21	1	1	1
43	0	386	1	1	31	1
43	0	387	1	38	1	1
43	0	389	1	8	1	1
43	0	391	1	1	39	1
43	0	392	1	1	1	29
43	0	393	1	1	39	1
43	0	394	1	1	24	1
43	0	395	1	1	1	31
43	0	396	1	8	1	8
43	0	397	5	1	1	1
43	0	399	1	42	1	1
43	0	400	1	1	24	1
43	0	401	1	31	1	1
43	0	403	1	1	37	1
43	0	404	21	1	1	1
43	0	406	5	1	1	1
43	0	407	1	1	35	1
43	0	408	35	1	1	1
43	0	410	1	15	1	1
43	0	411	26	1	1	1
43	0	412	1	27	2	2
43	0	413	1	1	32	1
43	0	414	1	1	38	1
43	0	415	1	1	1	37
43	0	418	1	1	1	36
43	0	419	1	1	35	1
43	0	420	1	42	1	1
43	0	421	1	1	30	1
43	0	422	29	1	1	1
43	0	423	1	1	1	36
43	0	425	1	1	29	1
43	0	427	6	10	1	1
43	0	428	1	41	1	1
43	0	429	1	1	1	42
43	0	430	25	1	1	1
43	0	431	26	1	1	1
43	0	432	1	1	39	1
43	0	433	26	1	1	1
43	0	434	1	1	1	10
43	0	435	1	1	1	37
43	0	436	1	40	1	1
43	0	437	2	38	1	1
43	0	438	1	1	15	1
43	0	439	1	10	1	17
43	0	442	24	8	4	1
43	0	443	7	1	1	1
43	0	444	1	1	1	1
43	0	445	1	1	1	35
43	0	446	1	1	33	1
43	0	447	10	1	1	1
43	0	448	1	1	1	36
43	0	449	1	8	1	1
43	0	450	3	1	1	1
43	0	451	1	1	1	33
43	0	452	23	1	1	1
43	0	453	1	1	29	1
43	0	455	1	1	32	1
43	0	456	4	1	1	1
43	0	457	1	1	37	1
43	0	458	1	37	1	1
43	0	459	28	1	1	1
43	0	460	1	1	1	25
43	0	463	2	3	12	2
43	0	464	1	43	1	1
43	0	465	3	32	1	1
43	0	467	1	1	1	32
43	0	468	6	1	1	1
43	0	469	1	38	1	1
43	0	470	1	1	3	15
43	0	471	1	1	36	1
43	0	472	1	1	36	1
43	0	473	1	40	1	1
43	0	474	20	1	1	1
43	0	475	1	1	1	31
43	0	476	23	1	1	1
43	0	477	24	1	1	1
43	0	482	1	28	1	1
43	0	484	14	1	1	1
43	0	485	31	1	1	1
43	0	487	21	1	1	1
43	0	489	1	41	1	1
43	0	491	1	1	6	3
43	0	492	1	1	1	33
43	0	493	1	5	1	1
43	0	494	1	1	1	36
43	0	495	1	6	1	12
43	0	496	1	1	1	39
43	0	497	1	37	1	1
43	0	498	1	1	1	26
43	0	499	5	1	1	1
43	0	500	1	1	1	37
43	0	501	18	1	1	1
43	0	503	2	1	33	1
43	0	504	1	40	1	1
43	0	505	1	41	1	1
43	0	506	1	20	1	1
43	0	508	1	1	1	41
43	0	510	1	1	33	1
43	0	511	1	1	1	24
43	0	512	1	1	1	37
43	0	515	1	1	11	1
43	0	517	1	1	1	39
43	0	519	1	1	4	1
43	0	521	1	1	33	1
43	0	523	1	1	36	1
43	0	524	1	1	1	35
43	0	525	27	1	1	1
43	0	527	2	1	26	2
43	0	528	1	16	1	1
43	0	529	1	20	1	1
43	0	533	1	1	1	39
43	0	536	1	1	24	1
43	0	541	1	36	1	1
43	0	542	15	1	1	1
43	0	543	1	1	1	20
43	0	546	1	1	1	39
43	0	547	1	1	13	1
43	0	548	1	1	37	1
43	0	550	1	1	1	39
43	0	552	1	1	36	1
43	0	553	15	1	1	1
43	0	555	1	1	31	1
43	0	556	1	1	1	27
43	0	557	1	40	1	1
43	0	558	2	1	1	1
43	0	559	1	1	32	1
43	0	560	1	1	1	37
43	0	561	1	1	8	3
43	0	563	10	1	8	1
43	0	564	1	1	1	33
43	0	565	1	1	37	1
43	0	566	1	1	1	35
43	0	567	1	1	1	25
43	0	568	1	1	3	1
43	0	569	1	1	1	38
43	0	570	1	1	38	1
43	0	571	1	36	1	1
43	0	572	1	1	1	20
43	0	573	24	1	1	1
43	0	574	1	43	1	1
43	0	575	22	1	4	1
43	0	577	1	1	4	1
43	0	578	23	1	1	1
43	0	579	19	1	1	1
43	0	580	1	1	40	1
43	0	582	2	38	1	1
43	0	583	1	1	36	1
43	0	584	1	1	22	1
43	0	585	3	1	1	1
43	0	586	1	1	33	1
43	0	587	1	1	1	33
43	0	588	1	1	1	43
43	0	589	5	1	1	18
43	0	590	27	1	1	1
43	0	593	1	8	1	1
43	0	594	1	40	1	1
43	0	595	1	1	1	33
43	0	596	1	1	36	1
43	0	597	1	32	1	1
43	0	598	1	1	36	1
43	0	599	26	1	1	1
43	0	600	1	1	35	1
43	0	601	1	1	1	33
43	0	602	21	1	1	1
43	0	603	1	1	13	1
43	0	604	22	1	1	1
43	0	605	1	1	34	1
43	0	606	1	1	35	1
43	0	607	1	9	1	1
43	0	610	4	1	1	24
43	0	611	1	1	1	38
43	0	612	1	4	1	1
43	0	613	1	27	1	1
43	0	614	1	41	1	1
43	0	616	26	1	1	1
43	0	617	1	1	1	38
43	0	618	28	1	1	1
43	0	619	1	22	1	1
43	0	620	1	1	1	23
43	0	621	1	1	1	42
43	0	622	5	1	1	1
43	0	623	1	1	1	34
43	0	624	1	1	1	36
43	0	626	1	2	2	3
43	0	629	1	21	1	1
43	0	630	1	2	1	1
43	0	632	1	1	7	1
43	0	633	1	1	1	42
43	0	634	1	1	1	1
43	0	640	1	1	1	23
43	0	641	1	1	1	24
43	0	642	1	14	1	1
43	0	643	1	1	34	1
43	0	647	1	1	1	34
43	0	650	1	1	1	39
43	0	652	33	1	1	1
43	0	655	1	34	1	1
43	0	656	1	1	33	1
43	0	657	4	25	1	1
43	0	659	1	33	1	1
43	0	660	1	38	1	1
43	0	661	2	1	2	14
43	0	662	1	42	1	1
43	0	666	1	1	30	1
43	0	667	1	42	1	1
43	0	668	1	1	1	43
43	0	669	1	1	2	1
43	0	670	1	1	1	18
43	0	672	1	1	1	30
43	0	674	1	40	1	1
43	0	677	1	1	1	22
43	0	678	1	1	1	41
43	0	681	3	1	1	34
43	0	683	21	1	1	1
43	0	684	1	1	37	1
43	0	685	1	1	1	27
43	0	686	3	1	25	1
43	0	687	1	1	32	1
43	0	688	2	1	24	3
43	0	689	1	32	1	1
43	0	690	1	1	32	1
43	0	691	1	1	33	1
43	0	692	28	1	1	1
43	0	693	27	1	1	1
43	0	694	1	1	11	1
43	0	696	21	1	1	1
43	0	697	1	1	37	1
43	0	698	1	1	36	1
43	0	700	24	1	1	1
43	0	701	2	1	1	21
43	0	702	1	38	1	1
43	0	703	1	1	1	20
43	0	704	1	3	2	1
43	0	705	1	42	1	1
43	0	707	1	6	2	1
43	0	709	1	1	1	26
43	0	710	1	40	1	1
43	0	711	27	1	1	1
43	0	713	1	1	1	35
43	0	715	1	1	1	26
43	0	716	1	1	1	20
43	0	718	1	1	1	12
43	0	721	14	1	8	1
43	0	722	1	42	1	1
43	0	723	1	1	28	1
43	0	724	1	1	36	1
43	0	726	1	1	27	1
43	0	727	1	38	1	1
43	0	728	5	4	1	1
43	0	732	11	5	1	1
43	0	734	1	41	1	1
43	0	735	2	1	27	1
43	0	736	1	32	1	1
43	0	738	15	1	1	1
43	0	739	1	38	1	1
43	0	741	1	1	1	1
43	0	742	1	37	1	1
43	0	744	1	43	1	1
43	0	745	1	2	1	25
43	0	747	6	5	7	1
43	0	748	1	41	1	1
43	0	749	1	41	1	1
43	0	750	5	1	1	1
43	0	751	1	42	1	1
43	0	752	1	14	1	1
43	0	758	2	1	1	21
43	0	759	1	1	18	1
43	0	760	1	1	1	35
43	0	761	1	1	1	25
43	0	763	1	1	1	42
43	0	764	1	1	1	39
43	0	769	25	1	1	1
43	0	771	29	1	1	1
43	0	772	8	1	1	23
43	0	773	1	1	1	7
43	0	774	1	1	1	29
43	0	775	1	42	1	1
43	0	777	1	1	21	1
43	0	778	1	42	1	1
43	0	779	22	1	1	1
43	0	780	1	1	1	4
43	0	782	6	7	1	2
43	0	783	29	1	1	1
43	0	784	1	1	36	1
43	0	785	1	1	22	1
43	0	787	1	1	40	1
43	0	788	14	1	1	1
43	0	789	1	37	1	1
43	0	792	10	1	1	20
43	0	793	1	36	1	1
43	0	794	1	1	1	25
43	0	795	1	1	1	26
43	0	797	1	34	1	1
43	0	799	1	1	1	39
43	0	800	1	41	1	1
43	0	804	1	1	37	1
43	0	805	1	1	1	37
43	0	806	1	1	1	11
43	0	807	1	1	1	17
43	0	808	34	1	1	1
43	0	809	1	37	1	1
43	0	810	1	1	4	1
43	0	812	1	1	34	1
43	0	815	1	1	1	5
43	0	817	1	7	1	1
43	0	819	1	7	1	1
43	0	822	7	1	1	1
43	0	823	1	41	1	1
43	0	824	5	1	1	27
43	0	826	1	1	1	32
43	0	827	14	1	1	1
43	0	828	1	1	1	37
43	0	830	4	1	22	1
43	0	832	1	1	1	37
43	0	837	1	42	1	1
43	0	838	1	18	1	1
43	0	839	20	1	1	1
43	0	840	4	1	4	1
43	0	841	1	1	11	1
43	0	842	1	1	28	1
43	0	845	1	1	34	1
43	0	846	3	1	1	1
43	0	848	1	1	1	31
43	0	849	1	29	1	1
43	0	850	1	1	1	36
43	0	851	1	1	1	30
43	0	854	1	28	5	1
43	0	856	1	1	33	1
43	0	858	2	2	18	1
43	0	859	15	1	1	1
43	0	862	1	17	1	1
43	0	863	1	1	1	15
43	0	864	11	1	11	1
43	0	865	25	1	1	1
43	0	866	16	1	4	1
43	0	868	1	1	25	1
43	0	870	32	1	1	1
43	0	872	1	40	1	1
43	0	873	1	1	4	1
43	0	874	1	1	18	1
43	0	876	1	33	2	1
43	0	878	1	41	1	1
43	0	879	8	1	1	4
43	0	880	14	1	1	1
43	0	881	1	39	1	1
43	0	882	1	1	38	1
43	0	883	1	1	1	36
43	0	885	1	2	4	1
43	0	888	1	1	20	1
43	0	889	1	39	1	1
43	0	890	30	1	1	1
43	0	891	1	1	24	1
43	0	893	32	1	1	1
43	0	894	27	1	1	1
43	0	895	1	1	32	1
43	0	897	19	1	1	1
43	0	899	1	1	1	27
43	0	900	1	33	1	1
43	0	904	1	1	4	1
43	0	906	1	1	38	1
43	0	907	24	1	4	1
43	0	908	1	43	1	1
43	0	910	1	1	25	1
43	0	911	1	1	1	35
43	0	914	1	36	1	1
43	0	915	1	20	1	1
43	0	918	18	1	1	1
43	0	919	1	37	1	1
43	0	921	1	36	1	1
43	0	922	16	1	1	1
43	0	923	4	26	1	1
43	0	926	1	1	1	37
43	0	927	32	1	1	1
43	0	928	1	1	2	1
43	0	931	1	1	4	1
43	0	932	1	33	1	1
43	0	936	1	1	25	1
43	0	937	1	1	13	1
43	0	939	1	1	31	1
43	0	940	9	1	1	1
43	0	941	33	1	1	1
43	0	943	10	1	1	1
43	0	944	2	24	1	2
43	0	946	5	1	1	1
43	0	948	1	1	34	1
43	0	949	1	1	1	34
43	0	950	1	19	1	1
43	0	951	1	32	2	1
43	0	952	1	1	1	38
43	0	953	1	38	1	1
43	0	954	26	1	8	1
43	0	955	20	12	4	1
43	0	956	28	1	1	1
43	0	957	1	1	1	34
43	0	958	12	1	11	3
43	0	959	11	1	9	1
43	0	960	1	1	1	40
43	0	961	1	1	8	1
43	0	964	1	1	30	4
43	0	966	1	41	1	1
43	0	968	1	1	1	31
43	0	970	1	1	1	43
43	0	971	23	1	1	1
43	0	972	21	1	1	1
43	0	973	1	1	1	3
43	0	975	1	1	1	20
43	0	978	1	1	1	38
43	0	979	1	1	39	1
43	0	980	1	1	1	40
43	0	983	31	1	1	1
43	0	984	1	1	1	23
43	0	985	1	1	10	1
43	0	986	1	42	1	1
43	0	988	1	1	11	1
43	0	989	5	1	23	1
43	0	990	20	5	1	1
43	0	991	1	35	1	1
43	0	993	1	1	1	3
43	0	994	1	1	28	1
43	0	995	1	36	1	1
43	0	997	2	1	2	4
43	0	1000	1	42	1	1
43	0	1001	1	1	38	1
43	0	1004	29	1	4	1
43	0	1005	1	1	37	1
43	0	1006	1	42	1	1
43	0	1007	1	1	38	1
43	0	1008	1	1	38	1
43	0	1009	1	1	5	28
43	0	1010	25	1	1	1
43	0	1011	1	1	38	1
43	0	1012	1	7	1	1
43	0	1013	1	1	31	1
43	0	1016	10	1	1	1
43	0	1018	1	17	1	1
43	0	1019	1	1	27	1
43	0	1020	1	36	1	1
43	0	1021	8	1	1	1
43	0	1022	1	1	1	35
43	0	1023	25	1	8	1
43	0	1024	22	1	1	1
43	0	1026	1	1	1	26
43	0	1027	1	37	1	1
43	0	1029	1	1	1	28
43	0	1030	1	41	1	1
43	0	1031	1	43	1	1
43	0	1032	1	1	1	34
43	0	1033	1	1	40	1
43	0	1034	1	1	2	28
43	0	1036	1	1	32	1
43	0	1037	6	1	7	4
43	0	1038	1	30	1	1
43	0	1039	15	1	1	1
43	0	1041	6	1	1	1
43	0	1042	1	1	38	1
43	0	1044	1	1	1	33
43	0	1045	10	1	1	1
43	0	1046	1	1	35	1
43	0	1047	1	2	29	1
43	0	1049	1	1	32	1
43	0	1050	1	1	1	35
43	0	1051	2	5	1	2
43	0	1052	5	1	21	1
43	0	1054	6	1	1	2
43	0	1055	1	1	1	11
43	0	1057	25	1	1	1
43	0	1058	1	33	1	1
43	0	1066	18	9	1	1
43	0	1067	1	1	1	38
43	0	1068	21	1	10	1
43	0	1070	1	1	37	1
43	0	1071	1	9	1	1
43	0	1073	1	1	35	1
43	0	1075	2	23	1	1
43	0	1076	1	1	36	1
43	0	1078	5	17	1	1
43	0	1081	1	1	21	1
43	0	1083	1	1	1	38
43	0	1086	1	1	1	23
43	0	1087	4	1	1	1
43	0	1088	1	1	1	40
43	0	1090	1	1	1	39
43	0	1091	7	1	1	1
43	0	1093	21	1	1	1
43	0	1094	6	1	1	1
43	0	1095	3	1	1	11
43	0	1100	1	43	1	1
43	0	1103	1	5	1	1
43	0	1106	26	1	1	1
43	0	1107	1	1	38	1
43	0	1108	3	1	9	2
43	0	1109	1	41	1	1
43	0	1110	1	34	1	1
43	0	1111	1	29	1	1
43	0	1112	1	1	37	1
43	0	1113	16	1	1	1
43	0	1115	1	22	1	1
43	0	1116	2	6	19	6
43	0	1117	1	1	26	1
43	0	1118	2	20	1	5
43	0	1121	1	1	1	34
43	0	1122	1	1	1	36
43	0	1123	25	2	1	1
43	0	1124	1	1	1	36
43	0	1126	15	1	1	1
43	0	1127	6	22	1	1
43	0	1130	1	34	1	1
43	0	1132	1	33	1	1
43	0	1133	1	1	18	1
43	0	1134	1	1	7	1
43	0	1137	3	7	1	1
43	0	1138	1	40	1	1
43	0	1139	1	36	1	1
43	0	1140	1	38	1	1
43	0	1141	1	43	1	1
43	0	1143	1	1	1	4
43	0	1144	1	1	39	1
43	0	1145	1	1	25	1
43	0	1147	1	1	34	1
43	0	1148	1	1	5	1
43	0	1149	1	1	1	1
43	0	1150	1	1	41	1
43	0	1151	1	11	1	1
43	0	1152	1	7	1	1
43	0	1155	1	1	18	3
43	0	1159	1	1	1	38
43	0	1160	23	1	4	1
43	0	1161	1	1	38	1
43	0	1162	38	1	1	1
43	0	1163	1	1	1	8
43	0	1164	3	1	25	1
43	0	1165	1	1	1	2
43	0	1166	1	42	1	1
43	0	1167	1	19	1	1
43	0	1168	1	1	1	27
43	0	1177	1	1	38	1
43	0	1178	25	3	1	2
43	0	1180	1	1	1	31
43	0	1181	1	37	1	1
43	0	1183	1	1	37	1
43	0	1184	1	1	1	36
43	0	1185	4	1	1	1
43	0	1186	6	1	5	1
43	0	1187	1	1	37	1
43	0	1188	1	1	1	1
43	0	1190	24	1	1	1
43	0	1191	1	3	1	2
43	0	1192	18	1	1	1
43	0	1193	30	1	1	1
43	0	1195	32	1	1	2
43	0	1196	1	42	1	1
43	0	1197	1	1	1	1
43	0	1198	2	36	1	1
43	0	1199	1	1	28	1
43	0	1200	1	43	1	1
43	0	1202	1	42	1	1
43	0	1203	1	1	1	6
43	0	1204	7	1	1	29
43	0	1206	1	42	1	1
43	0	1207	1	37	1	1
43	0	1208	1	1	1	28
43	0	1209	1	8	1	1
43	0	1210	1	1	2	27
43	0	1215	19	1	1	1
43	0	1216	1	1	1	34
43	0	1217	1	37	1	1
43	0	1218	33	1	1	1
43	0	1219	1	1	5	1
43	0	1220	1	4	1	1
43	0	1221	1	1	25	1
43	0	1222	1	1	28	1
43	0	1223	1	1	2	1
43	0	1225	1	8	1	1
43	0	1227	1	1	1	36
43	0	1228	7	9	4	1
43	0	1229	6	1	1	22
43	0	1231	24	1	1	1
43	0	1232	1	25	1	1
43	0	1236	29	1	1	1
43	0	1237	1	41	1	1
43	0	1238	1	1	1	28
43	0	1243	1	1	1	1
43	0	1244	1	11	1	1
43	0	1245	1	1	38	1
43	0	1246	30	1	1	1
43	0	1247	2	26	1	1
43	0	1248	23	1	1	1
43	0	1249	26	1	1	1
43	0	1250	1	22	2	13
43	0	1251	19	1	1	1
43	0	1253	1	40	1	1
43	0	1254	5	1	31	1
43	0	1255	35	1	1	1
43	0	1257	1	40	1	1
43	0	1258	1	1	1	38
43	0	1259	28	1	1	2
43	0	1260	1	42	1	1
43	0	1261	1	1	1	36
43	0	1268	1	30	1	1
43	0	1270	1	20	1	6
43	0	1271	1	32	1	1
43	0	1272	10	6	14	1
43	0	1273	1	17	1	2
43	0	1274	1	1	35	1
43	0	1275	1	42	1	1
43	0	1277	1	1	1	33
43	0	1279	1	43	1	1
43	0	1282	1	1	1	42
43	0	1283	1	1	1	18
43	0	1284	1	1	2	1
43	0	1285	1	1	40	1
43	0	1286	7	1	15	1
43	0	1287	1	1	1	35
43	0	1288	24	1	2	2
43	0	1289	1	41	1	1
43	0	1290	1	43	1	1
43	0	1291	1	17	1	1
43	0	1293	1	1	1	39
43	0	1294	10	1	1	1
43	0	1295	11	1	1	1
43	0	1296	1	1	1	35
43	0	1297	22	1	4	1
43	0	1300	1	1	1	39
43	0	1301	1	1	1	36
43	0	1302	25	1	1	1
43	0	1303	1	43	1	1
43	0	1305	1	39	1	1
43	0	1308	4	1	1	1
43	0	1311	1	1	1	25
43	0	1312	23	1	1	1
43	0	1313	1	38	1	1
43	0	1314	1	1	1	35
43	0	1315	1	41	1	1
43	0	1319	1	42	1	1
43	0	1320	1	43	1	1
43	0	1321	1	1	1	31
43	0	1322	1	43	1	1
43	0	1324	1	1	3	1
43	0	1325	1	1	27	1
43	0	1326	1	1	1	1
43	0	1327	1	1	34	1
43	0	1328	1	11	1	4
43	0	1329	34	1	1	1
43	0	1330	1	1	1	23
43	0	1331	1	1	1	23
43	0	1332	12	1	1	1
43	0	1333	2	1	32	1
43	0	1334	1	4	1	1
43	0	1335	1	39	1	1
43	0	1336	1	1	1	4
43	0	1337	22	1	5	1
43	0	1338	29	1	1	1
43	0	1339	3	2	1	2
43	0	1340	1	1	1	38
43	0	1343	1	1	4	7
43	0	1344	1	1	25	1
43	0	1347	1	1	1	36
43	0	1348	1	4	27	1
43	0	1349	34	1	1	1
43	0	1350	1	10	1	1
43	0	1351	28	1	1	1
43	0	1352	32	1	1	1
43	0	1353	1	1	1	39
43	0	1356	2	1	36	1
43	0	1358	1	1	6	1
43	0	1361	1	4	4	1
43	0	1363	1	10	1	1
43	0	1364	1	1	22	1
43	0	1366	1	1	36	1
43	0	1367	1	1	31	1
43	0	1369	1	8	16	1
43	0	1372	1	1	1	35
43	0	1373	1	1	1	28
43	0	1378	1	1	37	1
43	0	1379	1	41	1	1
43	0	1380	1	16	1	1
43	0	1381	1	1	1	2
43	0	1382	20	1	1	1
43	0	1383	28	1	1	1
43	0	1386	1	1	1	21
43	0	1389	1	41	1	1
43	0	1391	1	10	1	10
43	0	1392	1	1	1	37
43	0	1393	1	39	1	1
43	0	1394	25	1	5	1
43	0	1395	1	1	1	36
43	0	1398	1	42	1	1
43	0	1400	1	1	34	1
43	0	1405	1	1	1	25
43	0	1407	1	1	41	1
43	0	1408	1	1	36	1
43	0	1409	1	41	1	1
43	0	1410	1	43	1	1
43	0	1411	1	43	1	1
43	0	1413	22	1	1	1
43	0	1414	22	1	1	1
43	0	1415	1	1	1	36
43	0	1416	36	1	1	1
43	0	1417	25	1	1	1
43	0	1421	1	6	1	23
43	0	1422	1	6	1	30
43	0	1423	1	1	2	1
43	0	1424	1	9	1	1
43	0	1425	1	1	1	1
43	0	1427	1	1	35	1
43	0	1428	1	38	1	1
43	0	1429	1	1	31	1
43	0	1430	1	1	1	33
43	0	1431	1	41	1	1
43	0	1432	1	38	1	1
43	0	1434	1	2	1	22
43	0	1435	1	1	29	1
43	0	1436	1	1	1	28
43	0	1439	1	1	1	38
43	0	1440	1	1	33	1
43	0	1442	1	1	32	1
43	0	1443	1	43	1	1
43	0	1444	1	1	1	43
43	0	1445	23	1	1	1
43	0	1446	19	1	1	1
43	0	1447	13	1	1	1
43	0	1449	1	1	1	38
43	0	1450	1	1	37	1
43	0	1451	1	12	5	3
43	0	1452	4	1	26	1
43	0	1455	1	41	1	1
43	0	1456	1	1	1	37
43	0	1460	1	26	1	1
43	0	1462	1	27	1	1
43	0	1463	1	5	1	1
43	0	1464	28	1	1	1
43	0	1465	1	1	1	35
43	0	1466	2	1	1	38
43	0	1467	17	1	1	1
43	0	1468	24	1	1	1
43	0	1469	1	42	1	1
43	0	1470	1	1	31	1
43	0	1471	1	1	37	1
43	0	1472	1	1	30	1
43	0	1473	35	1	1	1
43	0	1475	7	4	26	3
43	0	1477	1	15	1	1
43	0	1478	29	1	1	1
43	0	1479	1	1	1	26
43	0	1480	1	1	23	1
43	0	1481	1	1	26	1
43	0	1482	1	1	34	1
43	0	1483	1	1	1	1
43	0	1484	1	3	2	2
43	0	1486	1	1	32	1
43	0	1487	1	1	1	31
43	0	1488	1	1	37	1
43	0	1489	1	1	1	42
43	0	1491	1	1	37	1
43	0	1492	1	33	1	1
43	0	1493	1	1	40	1
43	0	1494	1	43	1	1
43	0	1495	1	40	1	1
43	0	1496	1	1	34	1
43	0	1497	1	3	1	1
43	0	1498	2	1	1	37
43	0	1499	28	1	1	1
43	0	1500	1	1	37	1
43	0	1501	1	1	1	38
43	0	1502	1	1	39	1
43	0	1503	8	1	4	1
43	0	1505	1	1	1	1
43	0	1506	1	1	36	1
43	0	1507	1	41	1	1
43	0	1509	7	1	25	1
43	0	1510	1	40	1	1
43	0	1511	1	1	35	1
43	0	1514	1	1	1	40
43	0	1515	32	1	1	1
43	0	1517	1	1	1	37
43	0	1519	22	1	1	14
43	0	1523	13	1	1	1
43	0	1525	1	30	1	1
43	0	1526	1	1	5	1
43	0	1527	1	1	1	40
43	0	1530	1	2	1	1
43	0	1531	1	42	1	1
43	0	1532	1	1	1	38
43	0	1534	1	1	1	13
43	0	1535	1	25	1	1
43	0	1536	1	1	1	37
43	0	1538	26	1	10	1
43	0	1540	1	1	1	30
43	0	1541	1	3	1	1
43	0	1542	1	1	5	27
43	0	1543	1	1	22	1
43	0	1544	1	1	37	1
43	0	1545	25	1	1	1
43	0	1546	1	34	1	1
43	0	1547	1	1	39	1
43	0	1548	1	2	1	8
43	0	1549	31	1	1	1
43	0	1550	17	2	1	1
43	0	1551	1	1	1	38
43	0	1552	4	1	1	26
43	0	1553	1	40	1	1
43	0	1555	1	1	1	35
43	0	1556	1	42	1	1
43	0	1557	35	1	1	1
43	0	1558	1	1	38	1
43	0	1560	1	17	1	1
43	0	1562	1	34	1	1
43	0	1563	1	1	10	1
43	0	1566	1	1	32	1
43	0	1567	23	1	1	1
43	0	1568	10	1	1	22
43	0	1569	2	18	13	1
43	0	1574	1	1	1	36
43	0	1575	1	32	1	1
43	0	1578	1	1	8	1
43	0	1579	1	1	37	1
43	0	1582	1	1	24	1
43	0	1583	1	1	30	1
43	0	1585	2	1	1	27
43	0	1586	2	5	32	2
43	0	1587	1	1	34	1
43	0	1588	1	43	1	1
43	0	1590	1	1	1	20
43	0	1593	2	1	2	1
43	0	1594	1	8	1	1
43	0	1596	2	1	1	5
43	0	1597	1	36	1	1
43	0	1598	1	1	1	37
43	0	1599	1	1	1	33
43	0	1602	3	1	4	1
43	0	1605	4	13	6	1
43	0	1607	7	1	1	1
43	0	1609	1	1	1	33
43	0	1610	1	1	1	7
43	0	1611	1	12	1	1
43	0	1612	1	1	1	1
43	0	1613	2	2	12	1
43	0	1616	1	1	1	5
43	0	1620	1	1	21	1
43	0	1621	1	1	1	13
43	0	1622	19	1	1	1
43	0	1623	1	4	14	1
43	0	1625	5	22	1	3
43	0	1627	29	1	1	1
43	0	1629	34	1	1	1
43	0	1634	27	1	1	1
43	0	1636	1	41	1	1
43	0	1637	27	1	1	1
43	0	1638	26	1	1	1
43	0	1639	1	1	1	1
43	0	1640	8	1	1	24
43	0	1641	1	33	7	1
43	0	1642	1	36	1	1
43	0	1646	1	1	1	39
43	0	1649	1	38	1	1
43	0	1650	1	1	1	37
43	0	1653	23	1	1	1
43	0	1654	1	1	32	1
43	0	1655	1	1	1	38
43	0	1657	1	29	1	1
43	0	1660	1	1	1	32
43	0	1662	32	1	1	1
43	0	1663	1	1	1	11
43	0	1664	4	1	1	1
43	0	1666	1	29	1	1
43	0	1669	1	10	5	1
43	0	1671	14	1	1	1
43	0	1673	1	1	1	30
43	0	1675	1	1	36	1
43	0	1676	4	1	1	1
43	0	1679	1	1	33	1
43	0	1680	1	1	21	1
43	0	1681	1	1	39	1
43	0	1682	1	43	1	1
43	0	1685	23	1	1	1
43	0	1686	1	25	1	1
43	0	1688	5	2	1	1
43	0	1692	1	10	1	1
43	0	1694	1	1	11	1
43	0	1695	1	12	1	1
43	0	1696	1	1	1	11
43	0	1697	31	1	1	1
43	0	1700	1	39	1	1
43	0	1701	1	1	1	1
43	0	1702	1	1	1	35
43	0	1704	2	1	1	4
43	0	1705	1	1	7	1
43	0	1707	1	1	1	27
43	0	1709	18	1	1	1
43	0	1710	1	1	28	1
43	0	1711	10	1	12	2
43	0	1714	9	1	1	1
43	0	1715	1	1	39	1
43	0	1716	1	1	7	1
43	0	1718	2	1	37	1
43	0	1719	18	1	1	1
43	0	1720	1	1	34	1
43	0	1721	3	5	1	1
43	0	1722	4	1	1	1
43	0	1724	13	1	1	1
43	0	1727	25	1	1	1
43	0	1728	9	1	1	1
43	0	1729	2	1	32	1
43	0	1731	23	5	1	1
43	0	1732	1	26	1	1
43	0	1733	14	1	1	1
43	0	1734	1	1	1	5
43	0	1735	25	1	1	1
43	0	1736	1	37	1	1
43	0	1737	1	1	29	1
43	0	1738	1	1	21	1
43	0	1741	1	1	1	40
43	0	1742	1	1	1	4
43	0	1743	3	1	1	1
43	0	1744	1	1	3	1
43	0	1746	1	1	1	33
43	0	1747	27	1	1	1
43	0	1748	1	1	1	1
43	0	1749	1	1	1	29
43	0	1750	1	1	21	1
43	0	1752	29	1	1	1
43	0	1753	1	40	1	1
43	0	1756	1	1	20	1
43	0	1757	1	10	1	1
43	0	1758	27	3	1	1
43	0	1759	1	1	3	1
43	0	1762	1	35	1	1
43	0	1764	7	1	1	1
43	0	1765	1	1	1	2
43	0	1766	1	11	1	1
43	0	1767	1	1	2	1
43	0	1768	1	41	1	1
43	0	1769	1	1	1	33
43	0	1770	18	1	1	1
43	0	1771	1	1	37	1
43	0	1772	1	1	35	1
43	0	1773	1	1	27	1
43	0	1774	1	1	1	8
43	0	1776	1	1	1	36
43	0	1777	1	38	1	1
43	0	1779	25	1	1	1
43	0	1780	21	7	1	1
43	0	1785	1	1	10	1
43	0	1787	1	1	1	35
43	0	1790	1	8	1	1
43	0	1791	29	1	1	1
43	0	1793	1	40	1	1
43	0	1794	1	40	1	1
43	0	1795	1	39	1	1
43	0	1796	2	1	1	19
43	0	1798	7	1	1	18
43	0	1799	18	1	4	1
43	0	1800	2	1	38	1
43	0	1801	1	39	1	1
43	0	1802	10	2	18	2
43	0	1803	1	14	9	1
43	0	1805	1	1	15	1
43	0	1806	1	6	1	1
43	0	1809	1	1	33	2
43	0	1810	1	38	1	1
43	0	1811	1	1	25	1
43	0	1812	1	1	1	34
43	0	1813	14	1	4	1
43	0	1814	1	1	1	10
43	0	1818	31	1	1	1
43	0	1824	1	5	1	1
43	0	1826	1	9	1	1
43	0	1827	34	1	1	1
43	0	1829	1	1	1	20
43	0	1832	1	1	35	1
43	0	1835	1	10	3	3
43	0	1836	1	1	21	1
43	0	1837	23	2	1	1
43	0	1838	1	23	1	1
43	0	1840	1	40	1	1
43	0	1841	1	1	1	24
43	0	1844	1	1	36	1
43	0	1848	1	6	1	1
43	0	1849	1	1	1	28
43	0	1850	1	1	26	1
43	0	1852	4	1	1	1
43	0	1853	10	1	11	1
43	0	1859	1	1	1	35
43	0	1862	1	1	35	1
43	0	1863	1	35	1	1
43	0	1864	1	31	1	1
43	0	1870	10	1	1	1
43	0	1871	25	1	1	1
43	0	1872	20	1	1	1
43	0	1876	11	1	4	1
43	0	1877	5	1	1	1
43	0	1879	1	1	37	1
43	0	1880	1	1	1	38
43	0	1884	10	1	17	2
43	0	1885	5	15	1	2
43	0	1886	1	32	1	1
43	0	1888	1	6	1	1
43	0	1890	5	1	5	1
43	0	1891	1	1	1	41
43	0	1892	1	1	28	1
43	0	1893	1	41	1	1
43	0	1895	29	1	1	1
43	0	1901	1	1	1	23
43	0	1903	1	1	1	24
43	0	1904	16	1	1	1
43	0	1908	1	1	1	23
43	0	1909	1	25	4	3
43	0	1910	1	2	21	1
43	0	1911	2	4	1	19
43	0	1916	30	1	1	1
43	0	1917	7	1	8	2
43	0	1920	1	26	1	1
43	0	1923	1	1	1	35
43	0	1924	1	38	1	1
43	0	1928	1	2	28	1
43	0	1929	1	11	13	1
43	0	1930	1	42	1	1
43	0	1931	1	4	6	1
43	0	1932	8	1	1	8
43	0	1933	1	15	7	1
43	0	1934	1	9	4	1
43	0	1936	14	1	1	1
43	0	1937	1	1	5	7
43	0	1938	1	29	1	1
43	0	1941	1	1	36	1
43	0	1943	1	1	8	1
43	0	1945	1	40	1	1
43	0	1947	4	4	5	32
43	0	1948	3	3	3	3
43	0	1949	1	31	1	1
43	0	1950	1	1	16	1
43	0	1952	1	22	1	1
43	0	1954	1	1	16	2
43	0	1956	1	1	8	1
43	0	1958	1	1	26	1
43	0	1959	1	36	1	1
43	0	1960	1	1	1	20
43	0	1963	1	1	20	1
43	0	1964	6	1	8	1
43	0	1965	1	1	37	1
43	0	1967	23	13	1	1
43	0	1972	1	23	1	1
43	0	1973	19	1	5	1
43	0	1977	1	1	25	1
43	0	1981	18	1	15	1
43	0	1983	1	1	22	1
43	0	1991	1	40	1	1
43	0	2001	6	1	8	1
43	0	2004	1	1	27	1
43	0	2010	1	1	1	12
43	0	2011	17	1	1	1
43	0	2013	7	1	21	1
43	0	2014	1	9	1	1
43	0	2016	1	1	27	1
43	0	2023	5	1	7	1
43	0	2026	22	1	1	1
43	0	2027	1	36	1	1
43	0	2028	2	1	1	34
43	0	2029	1	1	33	1
43	0	2032	1	2	4	1
43	0	2041	1	31	1	1
43	0	2047	2	3	2	3
43	0	2048	1	37	1	1
43	0	2050	1	1	27	1
43	0	2051	1	1	1	27
43	0	2052	1	28	1	1
43	0	2053	11	1	1	22
43	0	2055	1	2	20	1
43	0	2057	20	1	1	1
43	0	2060	1	5	20	1
43	0	2065	22	1	1	1
43	0	2067	5	1	23	1
43	0	2069	1	1	1	7
43	0	2072	1	1	21	2
43	0	2073	1	1	1	1
43	0	2076	2	2	1	1
43	0	2079	3	1	1	1
43	0	2082	1	1	1	1
43	0	2085	29	1	1	1
43	0	2091	1	12	1	1
43	0	2103	1	1	35	1
43	0	2106	1	1	36	1
43	0	2111	1	3	2	1
43	0	2114	1	1	25	1
43	0	2115	1	1	23	1
43	0	2117	1	1	33	1
43	0	2118	34	1	2	1
43	0	2120	1	1	17	1
43	0	2122	1	1	37	1
43	0	2127	1	1	8	1
43	0	2128	1	1	9	1
43	0	2130	1	31	2	1
43	0	2144	1	11	2	1
43	0	2147	1	1	3	11
43	0	2148	1	1	2	1
43	0	2149	1	12	2	1
43	0	2151	1	1	4	1
43	0	2152	1	1	22	1
43	0	2153	1	1	2	1
43	0	2154	1	39	2	1
43	0	2163	2	17	3	7
43	0	2168	1	20	2	1
43	0	2171	1	2	2	1
43	0	2174	1	41	2	1
43	0	2179	1	13	2	1
43	0	2184	1	2	2	1
43	0	2188	1	20	2	12
43	0	2194	1	2	26	1
43	0	2198	1	2	8	1
43	0	2199	7	12	16	1
43	0	2200	9	4	2	3
43	0	2201	3	6	2	1
43	0	2210	1	38	2	2
43	0	2214	1	2	4	23
43	0	2219	31	2	2	2
43	0	2224	1	2	30	3
43	0	2225	1	2	25	2
43	0	2228	1	21	2	3
43	0	2229	1	2	2	36
43	0	2239	1	2	2	15
43	0	2240	1	3	7	7
43	0	2242	14	2	6	2
43	0	2246	13	2	2	2
43	0	2248	1	2	8	2
43	0	2249	1	2	2	2
43	0	2253	1	17	3	7
43	0	2258	1	11	2	24
43	0	2259	1	4	2	2
43	0	2262	10	2	2	2
43	0	2263	1	28	2	2
43	0	2265	1	2	2	2
43	0	2266	1	2	8	2
43	0	2267	1	2	2	33
43	0	2270	2	2	2	2
43	0	2273	2	4	7	2
43	0	2274	18	2	2	2
43	0	2278	2	32	2	2
43	0	2279	2	10	2	2
43	0	2285	2	8	4	2
43	0	2289	2	5	2	9
43	0	2292	7	6	4	3
43	0	2294	9	2	8	8
43	0	2295	2	2	2	27
43	0	2296	2	2	20	2
43	0	2297	2	14	2	2
43	0	2298	2	2	2	2
43	0	2302	2	2	2	2
43	0	2306	2	2	2	27
43	0	2309	2	2	2	2
43	0	2310	16	9	3	3
43	0	2313	2	15	2	2
43	0	2314	7	2	2	2
43	0	2315	20	2	2	2
43	0	2316	5	2	2	2
43	0	2317	8	3	2	2
43	0	2318	2	2	2	2
43	0	2319	2	3	26	2
43	0	2322	2	2	2	33
43	0	2324	3	2	2	2
43	0	2325	3	2	3	2
43	0	2326	2	3	3	2
43	0	2327	2	2	33	2
43	0	2334	2	2	24	2
43	0	2335	2	17	3	2
43	0	2340	2	12	3	2
43	0	2341	2	2	19	2
43	0	2346	2	30	3	2
43	0	2347	26	2	3	2
43	0	2348	2	2	6	2
43	0	2349	3	2	4	2
43	0	2352	17	2	4	2
43	0	2353	4	2	8	3
43	0	2355	2	2	24	2
43	0	2356	3	3	14	2
43	0	2357	2	2	3	27
43	0	2358	2	31	3	2
43	0	2368	2	3	3	2
43	0	2378	15	3	4	2
43	0	2383	2	3	4	2
43	0	2384	2	4	3	2
43	0	2388	3	3	4	16
43	0	2389	2	4	3	2
43	0	2393	15	3	3	3
43	0	2395	2	4	3	15
43	0	2398	3	3	15	3
43	0	2400	2	4	4	21
43	0	2403	2	3	26	3
43	0	2404	24	3	3	3
43	0	2407	2	3	3	3
43	0	2408	2	3	22	3
43	0	2416	2	3	3	3
43	0	2419	2	3	3	10
43	0	2423	20	3	3	3
43	0	2424	2	3	3	3
43	0	2426	2	21	4	5
43	0	2427	2	3	17	16
43	0	2428	2	3	16	3
43	0	2432	3	3	3	23
43	0	2436	3	31	3	3
43	0	2449	11	3	12	3
43	0	2456	3	3	29	3
43	0	2461	3	3	4	16
43	0	2465	3	20	3	4
43	0	2468	3	3	4	22
43	0	2469	9	3	4	3
43	0	2470	3	34	3	3
43	0	2472	3	7	16	3
43	0	2473	3	3	11	3
43	0	2476	8	3	3	3
43	0	2483	3	15	4	3
43	0	2486	3	3	4	3
43	0	2487	3	19	4	3
43	0	2493	4	10	4	3
43	0	2497	3	4	22	3
43	0	2498	3	3	4	30
43	0	2499	3	3	4	3
43	0	2500	3	11	4	3
43	0	2501	3	3	32	3
43	0	2506	3	20	4	3
43	0	2509	16	3	4	3
43	0	2510	4	4	14	3
43	0	2513	3	4	4	3
43	0	2514	3	4	4	3
43	0	2517	3	5	4	19
43	0	2518	3	4	6	3
43	0	2525	19	4	4	3
43	0	2530	3	4	4	26
43	0	2531	3	5	5	8
43	0	2532	4	4	25	3
43	0	2533	3	4	4	3
43	0	2534	7	4	21	3
43	0	2538	3	4	31	3
43	0	2539	13	4	9	3
43	0	2540	3	4	4	3
43	0	2542	10	4	4	3
43	0	2543	3	4	4	3
43	0	2549	3	4	4	5
43	0	2550	11	4	4	4
43	0	2551	3	4	4	8
43	0	2555	20	4	4	4
43	0	2557	3	4	33	4
43	0	2558	3	4	4	4
43	0	2561	3	4	4	4
43	0	2565	6	4	4	5
43	0	2567	3	4	15	5
43	0	2568	3	4	4	4
43	0	2581	7	4	8	4
43	0	2583	3	4	4	4
43	0	2584	3	4	4	4
43	0	2586	10	4	4	10
43	0	2588	3	20	4	4
43	0	2593	3	4	13	4
43	0	2602	3	4	4	21
43	0	2604	13	4	10	4
43	0	2607	12	11	4	8
43	0	2609	4	14	4	4
43	0	2616	4	4	20	4
43	0	2624	4	4	10	8
43	0	2626	4	4	31	4
43	0	2629	4	4	5	4
43	0	2632	4	18	5	5
43	0	2634	4	4	6	4
43	0	2635	4	4	5	4
43	0	2636	8	6	6	4
43	0	2637	4	4	5	4
43	0	2638	4	4	18	5
43	0	2640	4	4	5	4
43	0	2641	4	4	5	4
43	0	2642	4	4	24	4
43	0	2647	4	15	5	4
43	0	2653	5	10	6	4
43	0	2660	4	5	26	4
43	0	2661	13	5	5	4
43	0	2664	4	5	5	4
43	0	2668	4	5	5	26
43	0	2670	4	5	23	4
43	0	2671	7	5	5	5
43	0	2672	6	6	7	7
43	0	2673	4	14	5	5
43	0	2674	4	5	5	16
43	0	2677	5	5	23	5
43	0	2678	4	5	5	5
43	0	2679	9	5	11	5
43	0	2683	4	5	5	5
43	0	2685	4	17	5	5
43	0	2688	4	5	5	5
43	0	2690	6	6	5	5
43	0	2693	4	5	5	5
43	0	2695	4	5	5	9
43	0	2698	4	5	5	5
43	0	2699	4	5	5	5
43	0	2705	5	5	5	5
43	0	2707	9	5	8	5
43	0	2709	5	5	5	17
43	0	2711	5	26	5	5
43	0	2713	13	5	5	5
43	0	2719	5	5	6	5
43	0	2721	5	5	26	5
43	0	2722	5	5	5	18
43	0	2723	15	5	5	5
43	0	2724	13	5	5	5
43	0	2725	7	13	5	5
43	0	2729	5	5	18	5
43	0	2731	23	5	5	5
43	0	2735	5	5	5	5
43	0	2737	5	5	30	5
43	0	2743	5	5	5	21
43	0	2745	5	26	5	5
43	0	2747	5	6	5	5
43	0	2753	5	5	5	5
43	0	2754	5	5	5	5
43	0	2755	5	5	5	5
43	0	2756	5	5	5	5
43	0	2757	5	5	5	7
43	0	2758	6	5	16	5
43	0	2759	5	5	5	5
43	0	2760	5	5	5	5
43	0	2761	18	5	5	5
43	0	2762	5	10	9	5
43	0	2768	5	16	6	5
43	0	2769	5	6	13	5
43	0	2775	5	5	6	5
43	0	2779	5	5	6	5
43	0	2783	5	5	13	5
43	0	2784	5	5	6	5
43	0	2785	5	5	6	5
43	0	2786	6	10	13	10
43	0	2788	5	5	6	16
43	0	2789	10	5	6	5
43	0	2796	5	8	6	5
43	0	2798	25	6	6	5
43	0	2800	5	6	6	18
43	0	2801	5	6	6	5
43	0	2802	5	6	6	5
43	0	2803	5	6	19	5
43	0	2807	5	10	11	5
43	0	2812	5	6	17	5
43	0	2818	5	6	6	5
43	0	2820	5	6	17	5
43	0	2821	5	9	8	8
43	0	2824	6	16	6	5
43	0	2826	5	6	6	5
43	0	2830	5	11	6	5
43	0	2840	5	17	6	5
43	0	2841	5	6	10	5
43	0	2847	14	6	7	8
43	0	2851	5	7	6	6
43	0	2857	12	6	6	6
43	0	2861	6	6	6	6
43	0	2866	6	6	6	6
43	0	2867	25	6	6	6
43	0	2869	6	6	6	6
43	0	2871	6	6	6	6
43	0	2872	6	13	6	6
43	0	2874	6	6	6	12
43	0	2875	6	20	6	6
43	0	2876	6	6	6	13
43	0	2877	6	6	6	6
43	0	2878	6	6	6	6
43	0	2879	6	6	6	6
43	0	2881	6	14	6	6
43	0	2883	6	6	6	6
43	0	2885	6	6	6	13
43	0	2886	6	15	6	6
43	0	2890	6	6	14	6
43	0	2891	6	6	7	13
43	0	2894	7	6	7	6
43	0	2895	6	6	15	6
43	0	2896	6	15	7	6
43	0	2897	6	6	7	15
43	0	2901	6	7	22	6
43	0	2902	8	7	13	6
43	0	2908	6	7	7	6
43	0	2909	6	7	7	6
43	0	2913	6	7	13	6
43	0	2918	6	18	7	6
43	0	2921	17	7	7	6
43	0	2931	6	16	7	7
43	0	2932	6	7	14	7
43	0	2937	6	7	7	7
43	0	2939	7	8	8	7
43	0	2940	8	8	7	7
43	0	2941	7	15	7	7
43	0	2942	7	7	7	14
43	0	2943	7	8	7	7
43	0	2944	7	7	7	7
43	0	2946	7	7	7	11
43	0	2947	7	13	7	7
43	0	2951	7	10	7	7
43	0	2952	7	8	8	7
43	0	2954	7	7	16	7
43	0	2956	8	7	7	7
43	0	2957	7	7	8	7
43	0	2959	7	13	8	7
43	0	2960	7	7	8	7
43	0	2963	7	7	8	7
43	0	2964	7	7	8	7
43	0	2965	7	7	15	7
43	0	2967	7	7	8	14
43	0	2968	7	8	8	7
43	0	2974	7	8	8	9
43	0	2975	7	8	8	9
43	0	2976	7	8	9	8
43	0	2978	16	8	8	8
43	0	2979	7	8	8	10
43	0	2980	7	8	8	8
43	0	2981	7	8	8	8
43	0	2983	7	8	17	8
43	0	2986	8	14	9	8
43	0	2988	8	9	8	11
43	0	2989	8	8	8	8
43	0	2990	8	9	12	8
43	0	2991	8	8	8	8
43	0	2992	8	8	8	8
43	0	2995	8	8	8	8
43	0	2996	14	8	8	8
43	0	2997	8	11	9	8
43	0	2998	8	9	9	8
43	0	2999	11	8	9	8
43	0	3001	8	8	9	8
43	0	3002	8	8	9	10
43	0	3004	8	8	9	8
43	0	3005	8	9	9	8
43	0	3007	8	8	10	13
43	0	3010	8	10	9	8
43	0	3013	10	9	11	8
43	0	3015	8	9	9	8
43	0	3017	8	9	9	8
43	0	3019	8	9	9	8
43	0	3020	8	13	9	8
43	0	3021	8	9	9	8
43	0	3022	8	9	9	8
43	0	3023	8	11	9	9
43	0	3024	8	9	12	9
43	0	3025	8	9	9	9
43	0	3026	8	9	9	9
43	0	3027	8	9	9	9
43	0	3028	8	9	9	9
43	0	3030	11	9	9	9
43	0	3031	9	9	10	9
43	0	3032	9	9	10	10
43	0	3036	9	9	10	9
43	0	3037	9	9	10	9
43	0	3038	9	9	10	9
43	0	3039	9	9	10	12
43	0	3040	9	9	12	9
43	0	3041	10	10	11	10
43	0	3043	12	9	10	9
43	0	3045	9	9	10	10
43	0	3046	9	9	10	10
43	0	3048	9	10	10	9
43	0	3049	9	10	10	9
43	0	3050	9	10	10	10
43	0	3053	9	10	10	10
43	0	3055	9	10	10	10
43	0	3057	9	10	10	10
43	0	3060	9	13	10	10
43	0	3061	10	10	10	10
43	0	3063	10	10	10	10
43	0	3064	10	10	10	10
43	0	3065	10	10	10	10
43	0	3067	10	10	10	10
43	0	3068	10	10	10	10
43	0	3069	10	12	10	10
43	0	3070	10	10	10	10
43	0	3071	10	10	10	10
43	0	3074	10	10	10	10
43	0	3076	10	10	11	10
43	0	3077	10	11	11	11
43	0	3078	12	10	11	10
43	0	3079	10	10	11	10
43	0	3080	13	10	11	10
43	0	3081	10	10	11	10
43	0	3082	10	10	14	10
43	0	3085	10	11	11	10
43	0	3086	10	11	11	10
43	0	3087	10	11	11	10
43	0	3088	10	11	11	10
43	0	3089	10	11	11	10
43	0	3090	10	11	11	11
43	0	3091	10	11	11	11
43	0	3092	10	11	11	11
43	0	3093	10	11	11	11
43	0	3094	10	11	11	11
43	0	3095	10	11	11	11
43	0	3096	10	11	11	11
43	0	3097	10	11	11	11
43	0	3098	10	11	11	11
43	0	3099	10	11	11	11
43	0	3100	10	11	11	11
43	0	3102	11	11	11	11
43	0	3104	11	11	11	11
43	0	3105	11	11	11	11
43	0	3106	11	11	11	11
43	0	3109	11	11	11	11
43	0	3110	11	11	11	11
43	0	3111	11	11	12	11
43	0	3112	11	11	12	11
43	0	3113	11	11	12	11
43	0	3114	11	11	12	11
43	0	3115	11	11	12	11
43	0	3116	11	11	12	11
43	0	3117	11	11	12	11
