result_no	generate_no	e_no	order	skill_id	gift_open	
1	0	1	1 	1	0
1	0	1	1 	2	0
1	0	1	2 	3	0
1	0	2	1 	4	0
1	0	2	1 	5	0
1	0	2	2 	6	0
1	0	3	1 	7	0
1	0	3	1 	8	0
1	0	4	1 	4	0
1	0	4	1 	5	0
1	0	4	2 	9	0
1	0	5	1 	10	0
1	0	5	1 	11	0
1	0	5	2 	12	0
1	0	6	1 	13	0
1	0	6	1 	14	0
1	0	6	2 	15	0
1	0	7	1 	4	0
1	0	7	1 	5	0
1	0	8	1 	1	0
1	0	8	1 	2	0
1	0	8	2 	4	0
1	0	9	1 	13	0
1	0	9	1 	14	0
1	0	9	2 	4	0
1	0	10	1 	16	0
1	0	10	1 	17	0
1	0	10	2 	9	0
1	0	11	1 	18	0
1	0	11	1 	19	0
1	0	12	1 	4	0
1	0	12	1 	5	0
1	0	13	1 	4	0
1	0	13	1 	5	0
1	0	14	1 	20	0
1	0	14	1 	21	0
1	0	15	1 	12	0
1	0	15	1 	22	0
1	0	15	2 	23	0
1	0	16	1 	10	0
1	0	16	1 	11	0
1	0	17	1 	1	0
1	0	17	1 	2	0
1	0	17	2 	18	0
1	0	19	1 	24	0
1	0	19	1 	25	0
1	0	19	2 	7	0
1	0	20	1 	12	0
1	0	20	1 	22	0
1	0	20	2 	26	0
1	0	21	1 	27	0
1	0	21	1 	28	0
1	0	21	2 	20	0
1	0	22	1 	29	0
1	0	22	1 	30	0
1	0	23	1 	13	0
1	0	23	1 	14	0
1	0	23	2 	27	0
1	0	24	1 	18	0
1	0	24	1 	19	0
1	0	24	2 	29	0
1	0	25	1 	4	0
1	0	25	1 	5	0
1	0	26	1 	9	0
1	0	26	1 	31	0
1	0	27	1 	32	0
1	0	27	1 	33	0
1	0	27	2 	24	0
1	0	28	1 	29	0
1	0	28	1 	30	0
1	0	28	2 	4	0
1	0	29	1 	34	0
1	0	29	1 	35	0
1	0	30	1 	13	0
1	0	30	1 	14	0
1	0	31	1 	36	0
1	0	31	1 	37	0
1	0	32	1 	26	0
1	0	32	1 	38	0
1	0	32	2 	7	0
1	0	33	1 	15	0
1	0	33	1 	39	0
1	0	34	1 	4	0
1	0	34	1 	5	0
1	0	34	2 	13	0
1	0	35	1 	4	0
1	0	35	1 	5	0
1	0	35	2 	20	0
1	0	36	1 	26	0
1	0	36	1 	38	0
1	0	37	1 	16	0
1	0	37	1 	17	0
1	0	38	1 	9	0
1	0	38	1 	31	0
1	0	39	1 	13	0
1	0	39	1 	14	0
1	0	39	2 	20	0
1	0	40	1 	32	0
1	0	40	1 	33	0
1	0	40	2 	23	0
1	0	41	1 	4	0
1	0	41	1 	5	0
1	0	41	2 	13	0
1	0	42	1 	4	0
1	0	42	1 	5	0
1	0	43	1 	18	0
1	0	43	1 	19	0
1	0	44	1 	9	0
1	0	44	1 	31	0
1	0	45	1 	24	0
1	0	45	1 	25	0
1	0	46	1 	18	0
1	0	46	1 	19	0
1	0	47	1 	9	0
1	0	47	1 	31	0
1	0	48	1 	1	0
1	0	48	1 	2	0
1	0	49	1 	23	0
1	0	49	1 	40	0
1	0	50	1 	23	0
1	0	50	1 	40	0
1	0	50	2 	41	0
1	0	51	1 	26	0
1	0	51	1 	38	0
1	0	52	1 	4	0
1	0	52	1 	5	0
1	0	53	1 	15	0
1	0	53	1 	39	0
1	0	54	1 	42	0
1	0	54	1 	43	0
1	0	55	1 	9	0
1	0	55	1 	31	0
1	0	55	2 	29	0
1	0	56	1 	24	0
1	0	56	1 	25	0
1	0	57	1 	9	0
1	0	57	1 	31	0
1	0	58	1 	18	0
1	0	58	1 	19	0
1	0	58	2 	3	0
1	0	59	1 	4	0
1	0	59	1 	5	0
1	0	59	2 	18	0
1	0	61	1 	4	0
1	0	61	1 	5	0
1	0	62	1 	4	0
1	0	62	1 	5	0
1	0	63	1 	7	0
1	0	63	1 	8	0
1	0	65	1 	34	0
1	0	65	1 	35	0
1	0	66	1 	7	0
1	0	66	1 	8	0
1	0	67	1 	36	0
1	0	67	1 	37	0
1	0	68	1 	18	0
1	0	68	1 	19	0
1	0	68	2 	29	0
1	0	69	1 	6	0
1	0	69	1 	44	0
1	0	70	1 	3	0
1	0	70	1 	45	0
1	0	70	2 	13	0
1	0	71	1 	26	0
1	0	71	1 	38	0
1	0	72	1 	34	0
1	0	72	1 	35	0
1	0	73	1 	4	0
1	0	73	1 	5	0
1	0	74	1 	10	0
1	0	74	1 	11	0
1	0	75	1 	4	0
1	0	75	1 	5	0
1	0	76	1 	26	0
1	0	76	1 	38	0
1	0	77	1 	16	0
1	0	77	1 	17	0
1	0	77	2 	9	0
1	0	78	1 	4	0
1	0	78	1 	5	0
1	0	79	1 	24	0
1	0	79	1 	25	0
1	0	80	1 	26	0
1	0	80	1 	38	0
1	0	81	1 	20	0
1	0	81	1 	21	0
1	0	81	2 	27	0
1	0	82	1 	12	0
1	0	82	1 	22	0
1	0	82	2 	26	0
1	0	83	1 	15	0
1	0	83	1 	39	0
1	0	84	1 	4	0
1	0	84	1 	5	0
1	0	84	2 	18	0
1	0	85	1 	7	0
1	0	85	1 	8	0
1	0	85	2 	10	0
1	0	86	1 	3	0
1	0	86	1 	45	0
1	0	86	2 	4	0
1	0	87	1 	9	0
1	0	87	1 	31	0
1	0	88	1 	20	0
1	0	88	1 	21	0
1	0	89	1 	3	0
1	0	89	1 	45	0
1	0	89	2 	13	0
1	0	90	1 	7	0
1	0	90	1 	8	0
1	0	90	2 	46	0
1	0	91	1 	1	0
1	0	91	1 	2	0
1	0	92	1 	26	0
1	0	92	1 	38	0
1	0	93	1 	18	0
1	0	93	1 	19	0
1	0	94	1 	24	0
1	0	94	1 	25	0
1	0	95	1 	34	0
1	0	95	1 	35	0
1	0	96	1 	34	0
1	0	96	1 	35	0
1	0	97	1 	41	0
1	0	97	1 	47	0
1	0	97	2 	34	0
1	0	98	1 	3	0
1	0	98	1 	45	0
1	0	99	1 	3	0
1	0	99	1 	45	0
1	0	100	1 	42	0
1	0	100	1 	43	0
1	0	101	1 	36	0
1	0	101	1 	37	0
1	0	101	2 	24	0
1	0	102	1 	34	0
1	0	102	1 	35	0
1	0	103	1 	26	0
1	0	103	1 	38	0
1	0	103	2 	9	0
1	0	104	1 	18	0
1	0	104	1 	19	0
1	0	105	1 	34	0
1	0	105	1 	35	0
1	0	105	2 	41	0
1	0	106	1 	4	0
1	0	106	1 	5	0
1	0	107	1 	32	0
1	0	107	1 	33	0
1	0	108	1 	41	0
1	0	108	1 	47	0
1	0	109	1 	36	0
1	0	109	1 	37	0
1	0	110	1 	10	0
1	0	110	1 	11	0
1	0	110	2 	36	0
1	0	111	1 	7	0
1	0	111	1 	8	0
1	0	112	1 	9	0
1	0	112	1 	31	0
1	0	113	1 	13	0
1	0	113	1 	14	0
1	0	114	1 	23	0
1	0	114	1 	40	0
1	0	115	1 	42	0
1	0	115	1 	43	0
1	0	116	1 	36	0
1	0	116	1 	37	0
1	0	117	1 	26	0
1	0	117	1 	38	0
1	0	118	1 	7	0
1	0	118	1 	8	0
1	0	119	1 	4	0
1	0	119	1 	5	0
1	0	120	1 	4	0
1	0	120	1 	5	0
1	0	121	1 	16	0
1	0	121	1 	17	0
1	0	121	2 	9	0
1	0	122	1 	7	0
1	0	122	1 	8	0
1	0	122	2 	36	0
1	0	123	1 	7	0
1	0	123	1 	8	0
1	0	127	1 	4	0
1	0	127	1 	5	0
1	0	129	1 	20	0
1	0	129	1 	21	0
1	0	130	1 	29	0
1	0	130	1 	30	0
1	0	131	1 	42	0
1	0	131	1 	43	0
1	0	132	1 	23	0
1	0	132	1 	40	0
1	0	133	1 	34	0
1	0	133	1 	35	0
1	0	134	1 	20	0
1	0	134	1 	21	0
1	0	135	1 	26	0
1	0	135	1 	38	0
1	0	135	2 	9	0
1	0	136	1 	6	0
1	0	136	1 	44	0
1	0	136	2 	20	0
1	0	137	1 	26	0
1	0	137	1 	38	0
1	0	138	1 	29	0
1	0	138	1 	30	0
1	0	139	1 	32	0
1	0	139	1 	33	0
1	0	140	1 	36	0
1	0	140	1 	37	0
1	0	140	2 	41	0
1	0	142	1 	41	0
1	0	142	1 	47	0
1	0	143	1 	18	0
1	0	143	1 	19	0
1	0	143	2 	4	0
1	0	144	1 	16	0
1	0	144	1 	17	0
1	0	145	1 	9	0
1	0	145	1 	31	0
1	0	145	2 	7	0
1	0	146	1 	9	0
1	0	146	1 	31	0
1	0	147	1 	46	0
1	0	147	1 	48	0
1	0	147	2 	10	0
1	0	148	1 	23	0
1	0	148	1 	40	0
1	0	149	1 	36	0
1	0	149	1 	37	0
1	0	150	1 	7	0
1	0	150	1 	8	0
1	0	150	2 	34	0
1	0	151	1 	34	0
1	0	151	1 	35	0
1	0	151	2 	23	0
1	0	152	1 	4	0
1	0	152	1 	5	0
1	0	153	1 	10	0
1	0	153	1 	11	0
1	0	153	2 	34	0
1	0	154	1 	20	0
1	0	154	1 	21	0
1	0	155	1 	3	0
1	0	155	1 	45	0
1	0	156	1 	3	0
1	0	156	1 	45	0
1	0	156	2 	20	0
1	0	157	1 	27	0
1	0	157	1 	28	0
1	0	158	1 	15	0
1	0	158	1 	39	0
1	0	159	1 	27	0
1	0	159	1 	28	0
1	0	159	2 	26	0
1	0	160	1 	24	0
1	0	160	1 	25	0
1	0	160	2 	15	0
1	0	161	1 	34	0
1	0	161	1 	35	0
1	0	161	2 	36	0
1	0	162	1 	20	0
1	0	162	1 	21	0
1	0	162	2 	1	0
1	0	163	1 	4	0
1	0	163	1 	5	0
1	0	164	1 	18	0
1	0	164	1 	19	0
1	0	164	2 	27	0
1	0	167	1 	4	0
1	0	167	1 	5	0
1	0	169	1 	18	0
1	0	169	1 	19	0
1	0	170	1 	9	0
1	0	170	1 	31	0
1	0	171	1 	24	0
1	0	171	1 	25	0
1	0	171	2 	7	0
1	0	172	1 	1	0
1	0	172	1 	2	0
1	0	173	1 	26	0
1	0	173	1 	38	0
1	0	174	1 	18	0
1	0	174	1 	19	0
1	0	174	2 	6	0
1	0	175	1 	36	0
1	0	175	1 	37	0
1	0	176	1 	20	0
1	0	176	1 	21	0
1	0	176	2 	4	0
1	0	178	1 	32	0
1	0	178	1 	33	0
1	0	179	1 	10	0
1	0	179	1 	11	0
1	0	180	1 	27	0
1	0	180	1 	28	0
1	0	180	2 	26	0
1	0	181	1 	15	0
1	0	181	1 	39	0
1	0	181	2 	36	0
1	0	182	1 	29	0
1	0	182	1 	30	0
1	0	183	1 	41	0
1	0	183	1 	47	0
1	0	184	1 	16	0
1	0	184	1 	17	0
1	0	184	2 	4	0
1	0	185	1 	34	0
1	0	185	1 	35	0
1	0	185	2 	1	0
1	0	186	1 	7	0
1	0	186	1 	8	0
1	0	187	1 	23	0
1	0	187	1 	40	0
1	0	187	2 	15	0
1	0	188	1 	4	0
1	0	188	1 	5	0
1	0	189	1 	18	0
1	0	189	1 	19	0
1	0	190	1 	34	0
1	0	190	1 	35	0
1	0	190	2 	41	0
1	0	191	1 	4	0
1	0	191	1 	5	0
1	0	192	1 	24	0
1	0	192	1 	25	0
1	0	192	2 	10	0
1	0	193	1 	13	0
1	0	193	1 	14	0
1	0	194	1 	1	0
1	0	194	1 	2	0
1	0	195	1 	9	0
1	0	195	1 	31	0
1	0	195	2 	26	0
1	0	196	1 	4	0
1	0	196	1 	5	0
1	0	197	1 	1	0
1	0	197	1 	2	0
1	0	197	2 	18	0
1	0	198	1 	7	0
1	0	198	1 	8	0
1	0	199	1 	34	0
1	0	199	1 	35	0
1	0	200	1 	4	0
1	0	200	1 	5	0
1	0	201	1 	26	0
1	0	201	1 	38	0
1	0	202	1 	9	0
1	0	202	1 	31	0
1	0	204	1 	20	0
1	0	204	1 	21	0
1	0	204	2 	27	0
1	0	205	1 	9	0
1	0	205	1 	31	0
1	0	206	1 	7	0
1	0	206	1 	8	0
1	0	208	1 	24	0
1	0	208	1 	25	0
1	0	209	1 	13	0
1	0	209	1 	14	0
1	0	210	1 	3	0
1	0	210	1 	45	0
1	0	210	2 	16	0
1	0	212	1 	3	0
1	0	212	1 	45	0
1	0	213	1 	34	0
1	0	213	1 	35	0
1	0	214	1 	26	0
1	0	214	1 	38	0
1	0	215	1 	4	0
1	0	215	1 	5	0
1	0	216	1 	1	0
1	0	216	1 	2	0
1	0	217	1 	36	0
1	0	217	1 	37	0
1	0	218	1 	3	0
1	0	218	1 	45	0
1	0	218	2 	18	0
1	0	219	1 	4	0
1	0	219	1 	5	0
1	0	219	2 	26	0
1	0	221	1 	20	0
1	0	221	1 	21	0
1	0	222	1 	26	0
1	0	222	1 	38	0
1	0	222	2 	46	0
1	0	223	1 	27	0
1	0	223	1 	28	0
1	0	224	1 	9	0
1	0	224	1 	31	0
1	0	225	1 	41	0
1	0	225	1 	47	0
1	0	225	2 	34	0
1	0	226	1 	4	0
1	0	226	1 	5	0
1	0	226	2 	18	0
1	0	227	1 	4	0
1	0	227	1 	5	0
1	0	228	1 	46	0
1	0	228	1 	48	0
1	0	229	1 	29	0
1	0	229	1 	30	0
1	0	230	1 	32	0
1	0	230	1 	33	0
1	0	231	1 	34	0
1	0	231	1 	35	0
1	0	232	1 	20	0
1	0	232	1 	21	0
1	0	233	1 	9	0
1	0	233	1 	31	0
1	0	234	1 	13	0
1	0	234	1 	14	0
1	0	234	2 	4	0
1	0	235	1 	6	0
1	0	235	1 	44	0
1	0	236	1 	1	0
1	0	236	1 	2	0
1	0	237	1 	10	0
1	0	237	1 	11	0
1	0	238	1 	7	0
1	0	238	1 	8	0
1	0	239	1 	26	0
1	0	239	1 	38	0
1	0	239	2 	20	0
1	0	240	1 	13	0
1	0	240	1 	14	0
1	0	240	2 	7	0
1	0	241	1 	9	0
1	0	241	1 	31	0
1	0	242	1 	36	0
1	0	242	1 	37	0
1	0	242	2 	24	0
1	0	243	1 	9	0
1	0	243	1 	31	0
1	0	244	1 	34	0
1	0	244	1 	35	0
1	0	245	1 	24	0
1	0	245	1 	25	0
1	0	245	2 	36	0
1	0	246	1 	16	0
1	0	246	1 	17	0
1	0	247	1 	3	0
1	0	247	1 	45	0
1	0	247	2 	9	0
1	0	248	1 	15	0
1	0	248	1 	39	0
1	0	249	1 	41	0
1	0	249	1 	47	0
1	0	250	1 	10	0
1	0	250	1 	11	0
1	0	251	1 	4	0
1	0	251	1 	5	0
1	0	252	1 	23	0
1	0	252	1 	40	0
1	0	253	1 	16	0
1	0	253	1 	17	0
1	0	253	2 	9	0
1	0	254	1 	1	0
1	0	254	1 	2	0
1	0	254	2 	26	0
1	0	255	1 	7	0
1	0	255	1 	8	0
1	0	256	1 	7	0
1	0	256	1 	8	0
1	0	258	1 	36	0
1	0	258	1 	37	0
1	0	259	1 	15	0
1	0	259	1 	39	0
1	0	259	2 	36	0
1	0	260	1 	34	0
1	0	260	1 	35	0
1	0	261	1 	13	0
1	0	261	1 	14	0
1	0	261	2 	26	0
1	0	262	1 	18	0
1	0	262	1 	19	0
1	0	263	1 	29	0
1	0	263	1 	30	0
1	0	263	2 	9	0
1	0	264	1 	4	0
1	0	264	1 	5	0
1	0	265	1 	32	0
1	0	265	1 	33	0
1	0	266	1 	34	0
1	0	266	1 	35	0
1	0	267	1 	12	0
1	0	267	1 	22	0
1	0	268	1 	23	0
1	0	268	1 	40	0
1	0	269	1 	16	0
1	0	269	1 	17	0
1	0	269	2 	6	0
1	0	270	1 	20	0
1	0	270	1 	21	0
1	0	271	1 	32	0
1	0	271	1 	33	0
1	0	271	2 	41	0
1	0	272	1 	4	0
1	0	272	1 	5	0
1	0	272	2 	3	0
1	0	273	1 	4	0
1	0	273	1 	5	0
1	0	274	1 	34	0
1	0	274	1 	35	0
1	0	274	2 	23	0
1	0	275	1 	1	0
1	0	275	1 	2	0
1	0	276	1 	34	0
1	0	276	1 	35	0
1	0	277	1 	4	0
1	0	277	1 	5	0
1	0	279	1 	18	0
1	0	279	1 	19	0
1	0	280	1 	36	0
1	0	280	1 	37	0
1	0	280	2 	24	0
1	0	281	1 	1	0
1	0	281	1 	2	0
1	0	282	1 	16	0
1	0	282	1 	17	0
1	0	283	1 	3	0
1	0	283	1 	45	0
1	0	284	1 	23	0
1	0	284	1 	40	0
1	0	285	1 	4	0
1	0	285	1 	5	0
1	0	286	1 	4	0
1	0	286	1 	5	0
1	0	286	2 	26	0
1	0	287	1 	36	0
1	0	287	1 	37	0
1	0	287	2 	1	0
1	0	288	1 	18	0
1	0	288	1 	19	0
1	0	288	2 	6	0
1	0	289	1 	26	0
1	0	289	1 	38	0
1	0	289	2 	29	0
1	0	290	1 	4	0
1	0	290	1 	5	0
1	0	290	2 	16	0
1	0	291	1 	34	0
1	0	291	1 	35	0
1	0	293	1 	4	0
1	0	293	1 	5	0
1	0	294	1 	4	0
1	0	294	1 	5	0
1	0	296	1 	34	0
1	0	296	1 	35	0
1	0	296	2 	7	0
1	0	297	1 	10	0
1	0	297	1 	11	0
1	0	298	1 	34	0
1	0	298	1 	35	0
1	0	299	1 	46	0
1	0	299	1 	48	0
1	0	299	2 	7	0
1	0	300	1 	15	0
1	0	300	1 	39	0
1	0	301	1 	26	0
1	0	301	1 	38	0
1	0	302	1 	20	0
1	0	302	1 	21	0
1	0	303	1 	10	0
1	0	303	1 	11	0
1	0	304	1 	9	0
1	0	304	1 	31	0
1	0	304	2 	1	0
1	0	305	1 	10	0
1	0	305	1 	11	0
1	0	306	1 	15	0
1	0	306	1 	39	0
1	0	306	2 	34	0
1	0	307	1 	27	0
1	0	307	1 	28	0
1	0	307	2 	4	0
1	0	308	1 	1	0
1	0	308	1 	2	0
1	0	309	1 	9	0
1	0	309	1 	31	0
1	0	310	1 	12	0
1	0	310	1 	22	0
1	0	311	1 	34	0
1	0	311	1 	35	0
1	0	311	2 	36	0
1	0	312	1 	9	0
1	0	312	1 	31	0
1	0	313	1 	4	0
1	0	313	1 	5	0
1	0	314	1 	15	0
1	0	314	1 	39	0
1	0	315	1 	3	0
1	0	315	1 	45	0
1	0	316	1 	26	0
1	0	316	1 	38	0
1	0	317	1 	24	0
1	0	317	1 	25	0
1	0	318	1 	1	0
1	0	318	1 	2	0
1	0	318	2 	4	0
1	0	319	1 	16	0
1	0	319	1 	17	0
1	0	319	2 	4	0
1	0	320	1 	9	0
1	0	320	1 	31	0
1	0	321	1 	7	0
1	0	321	1 	8	0
1	0	323	1 	1	0
1	0	323	1 	2	0
1	0	324	1 	7	0
1	0	324	1 	8	0
1	0	324	2 	46	0
1	0	325	1 	24	0
1	0	325	1 	25	0
1	0	326	1 	9	0
1	0	326	1 	31	0
1	0	327	1 	36	0
1	0	327	1 	37	0
1	0	327	2 	15	0
1	0	329	1 	9	0
1	0	329	1 	31	0
1	0	330	1 	34	0
1	0	330	1 	35	0
1	0	331	1 	32	0
1	0	331	1 	33	0
1	0	332	1 	9	0
1	0	332	1 	31	0
1	0	333	1 	7	0
1	0	333	1 	8	0
1	0	334	1 	4	0
1	0	334	1 	5	0
1	0	335	1 	36	0
1	0	335	1 	37	0
1	0	335	2 	1	0
1	0	336	1 	4	0
1	0	336	1 	5	0
1	0	337	1 	15	0
1	0	337	1 	39	0
1	0	339	1 	46	0
1	0	339	1 	48	0
1	0	340	1 	27	0
1	0	340	1 	28	0
1	0	340	2 	29	0
1	0	341	1 	12	0
1	0	341	1 	22	0
1	0	342	1 	3	0
1	0	342	1 	45	0
1	0	343	1 	16	0
1	0	343	1 	17	0
1	0	344	1 	4	0
1	0	344	1 	5	0
1	0	345	1 	12	0
1	0	345	1 	22	0
1	0	346	1 	27	0
1	0	346	1 	28	0
1	0	346	2 	3	0
1	0	347	1 	3	0
1	0	347	1 	45	0
1	0	348	1 	9	0
1	0	348	1 	31	0
1	0	349	1 	1	0
1	0	349	1 	2	0
1	0	350	1 	41	0
1	0	350	1 	47	0
1	0	351	1 	36	0
1	0	351	1 	37	0
1	0	351	2 	15	0
1	0	352	1 	16	0
1	0	352	1 	17	0
1	0	353	1 	16	0
1	0	353	1 	17	0
1	0	354	1 	20	0
1	0	354	1 	21	0
1	0	354	2 	4	0
1	0	355	1 	36	0
1	0	355	1 	37	0
1	0	356	1 	42	0
1	0	356	1 	43	0
1	0	357	1 	9	0
1	0	357	1 	31	0
1	0	358	1 	24	0
1	0	358	1 	25	0
1	0	359	1 	26	0
1	0	359	1 	38	0
1	0	360	1 	41	0
1	0	360	1 	47	0
1	0	361	1 	1	0
1	0	361	1 	2	0
1	0	362	1 	9	0
1	0	362	1 	31	0
1	0	363	1 	15	0
1	0	363	1 	39	0
1	0	363	2 	36	0
1	0	364	1 	13	0
1	0	364	1 	14	0
1	0	364	2 	3	0
1	0	365	1 	4	0
1	0	365	1 	5	0
1	0	366	1 	36	0
1	0	366	1 	37	0
1	0	367	1 	27	0
1	0	367	1 	28	0
1	0	368	1 	27	0
1	0	368	1 	28	0
1	0	369	1 	15	0
1	0	369	1 	39	0
1	0	369	2 	7	0
1	0	370	1 	34	0
1	0	370	1 	35	0
1	0	371	1 	26	0
1	0	371	1 	38	0
1	0	372	1 	4	0
1	0	372	1 	5	0
1	0	373	1 	27	0
1	0	373	1 	28	0
1	0	374	1 	4	0
1	0	374	1 	5	0
1	0	375	1 	27	0
1	0	375	1 	28	0
1	0	376	1 	7	0
1	0	376	1 	8	0
1	0	378	1 	24	0
1	0	378	1 	25	0
1	0	379	1 	12	0
1	0	379	1 	22	0
1	0	380	1 	4	0
1	0	380	1 	5	0
1	0	381	1 	26	0
1	0	381	1 	38	0
1	0	381	2 	20	0
1	0	382	1 	4	0
1	0	382	1 	5	0
1	0	382	2 	3	0
1	0	383	1 	9	0
1	0	383	1 	31	0
1	0	384	1 	10	0
1	0	384	1 	11	0
1	0	384	2 	7	0
1	0	385	1 	16	0
1	0	385	1 	17	0
1	0	386	1 	15	0
1	0	386	1 	39	0
1	0	387	1 	20	0
1	0	387	1 	21	0
1	0	388	1 	3	0
1	0	388	1 	45	0
1	0	388	2 	9	0
1	0	389	1 	34	0
1	0	389	1 	35	0
1	0	391	1 	13	0
1	0	391	1 	14	0
1	0	392	1 	15	0
1	0	392	1 	39	0
1	0	392	2 	36	0
1	0	393	1 	34	0
1	0	393	1 	35	0
1	0	394	1 	15	0
1	0	394	1 	39	0
1	0	395	1 	26	0
1	0	395	1 	38	0
1	0	396	1 	32	0
1	0	396	1 	33	0
1	0	397	1 	4	0
1	0	397	1 	5	0
1	0	397	2 	1	0
1	0	398	1 	18	0
1	0	398	1 	19	0
1	0	399	1 	9	0
1	0	399	1 	31	0
1	0	400	1 	7	0
1	0	400	1 	8	0
1	0	401	1 	26	0
1	0	401	1 	38	0
1	0	402	1 	4	0
1	0	402	1 	5	0
1	0	402	2 	1	0
1	0	403	1 	23	0
1	0	403	1 	40	0
1	0	403	2 	36	0
1	0	404	1 	7	0
1	0	404	1 	8	0
1	0	406	1 	4	0
1	0	406	1 	5	0
1	0	407	1 	26	0
1	0	407	1 	38	0
1	0	408	1 	42	0
1	0	408	1 	43	0
1	0	409	1 	24	0
1	0	409	1 	25	0
1	0	410	1 	20	0
1	0	410	1 	21	0
1	0	411	1 	18	0
1	0	411	1 	19	0
1	0	412	1 	18	0
1	0	412	1 	19	0
1	0	412	2 	13	0
1	0	413	1 	41	0
1	0	413	1 	47	0
1	0	414	1 	9	0
1	0	414	1 	31	0
1	0	414	2 	27	0
1	0	415	1 	4	0
1	0	415	1 	5	0
1	0	415	2 	6	0
1	0	416	1 	9	0
1	0	416	1 	31	0
1	0	417	1 	4	0
1	0	417	1 	5	0
1	0	418	1 	12	0
1	0	418	1 	22	0
1	0	419	1 	36	0
1	0	419	1 	37	0
1	0	419	2 	46	0
1	0	420	1 	1	0
1	0	420	1 	2	0
1	0	421	1 	9	0
1	0	421	1 	31	0
1	0	422	1 	16	0
1	0	422	1 	17	0
1	0	423	1 	34	0
1	0	423	1 	35	0
1	0	425	1 	16	0
1	0	425	1 	17	0
1	0	426	1 	10	0
1	0	426	1 	11	0
1	0	426	2 	46	0
1	0	427	1 	26	0
1	0	427	1 	38	0
1	0	428	1 	7	0
1	0	428	1 	8	0
1	0	428	2 	46	0
1	0	429	1 	7	0
1	0	429	1 	8	0
1	0	430	1 	6	0
1	0	430	1 	44	0
1	0	431	1 	20	0
1	0	431	1 	21	0
1	0	432	1 	24	0
1	0	432	1 	25	0
1	0	432	2 	7	0
1	0	433	1 	26	0
1	0	433	1 	38	0
1	0	434	1 	3	0
1	0	434	1 	45	0
1	0	435	1 	15	0
1	0	435	1 	39	0
1	0	436	1 	4	0
1	0	436	1 	5	0
1	0	437	1 	20	0
1	0	437	1 	21	0
1	0	437	2 	6	0
1	0	438	1 	23	0
1	0	438	1 	40	0
1	0	439	1 	16	0
1	0	439	1 	17	0
1	0	442	1 	34	0
1	0	442	1 	35	0
1	0	442	2 	32	0
1	0	443	1 	7	0
1	0	443	1 	8	0
1	0	444	1 	7	0
1	0	444	1 	8	0
1	0	444	2 	12	0
1	0	445	1 	3	0
1	0	445	1 	45	0
1	0	446	1 	34	0
1	0	446	1 	35	0
1	0	447	1 	4	0
1	0	447	1 	5	0
1	0	448	1 	4	0
1	0	448	1 	5	0
1	0	449	1 	24	0
1	0	449	1 	25	0
1	0	450	1 	29	0
1	0	450	1 	30	0
1	0	451	1 	36	0
1	0	451	1 	37	0
1	0	452	1 	4	0
1	0	452	1 	5	0
1	0	452	2 	18	0
1	0	453	1 	3	0
1	0	453	1 	45	0
1	0	453	2 	16	0
1	0	454	1 	6	0
1	0	454	1 	44	0
1	0	454	2 	20	0
1	0	455	1 	9	0
1	0	455	1 	31	0
1	0	455	2 	26	0
1	0	456	1 	24	0
1	0	456	1 	25	0
1	0	456	2 	13	0
1	0	457	1 	32	0
1	0	457	1 	33	0
1	0	458	1 	29	0
1	0	458	1 	30	0
1	0	459	1 	7	0
1	0	459	1 	8	0
1	0	460	1 	23	0
1	0	460	1 	40	0
1	0	460	2 	7	0
1	0	461	1 	34	0
1	0	461	1 	35	0
1	0	463	1 	34	0
1	0	463	1 	35	0
1	0	464	1 	26	0
1	0	464	1 	38	0
1	0	465	1 	9	0
1	0	465	1 	31	0
1	0	466	1 	46	0
1	0	466	1 	48	0
1	0	467	1 	12	0
1	0	467	1 	22	0
1	0	468	1 	9	0
1	0	468	1 	31	0
1	0	469	1 	20	0
1	0	469	1 	21	0
1	0	470	1 	4	0
1	0	470	1 	5	0
1	0	470	2 	20	0
1	0	471	1 	41	0
1	0	471	1 	47	0
1	0	472	1 	26	0
1	0	472	1 	38	0
1	0	473	1 	27	0
1	0	473	1 	28	0
1	0	474	1 	46	0
1	0	474	1 	48	0
1	0	475	1 	6	0
1	0	475	1 	44	0
1	0	475	2 	18	0
1	0	476	1 	34	0
1	0	476	1 	35	0
1	0	477	1 	36	0
1	0	477	1 	37	0
1	0	479	1 	7	0
1	0	479	1 	8	0
1	0	482	1 	26	0
1	0	482	1 	38	0
1	0	483	1 	41	0
1	0	483	1 	47	0
1	0	484	1 	9	0
1	0	484	1 	31	0
1	0	484	2 	4	0
1	0	485	1 	4	0
1	0	485	1 	5	0
1	0	486	1 	46	0
1	0	486	1 	48	0
1	0	487	1 	7	0
1	0	487	1 	8	0
1	0	488	1 	15	0
1	0	488	1 	39	0
1	0	489	1 	3	0
1	0	489	1 	45	0
1	0	489	2 	34	0
1	0	490	1 	6	0
1	0	490	1 	44	0
1	0	491	1 	24	0
1	0	491	1 	25	0
1	0	492	1 	27	0
1	0	492	1 	28	0
1	0	493	1 	46	0
1	0	493	1 	48	0
1	0	494	1 	23	0
1	0	494	1 	40	0
1	0	494	2 	12	0
1	0	495	1 	15	0
1	0	495	1 	39	0
1	0	495	2 	46	0
1	0	496	1 	7	0
1	0	496	1 	8	0
1	0	497	1 	24	0
1	0	497	1 	25	0
1	0	498	1 	20	0
1	0	498	1 	21	0
1	0	499	1 	3	0
1	0	499	1 	45	0
1	0	500	1 	9	0
1	0	500	1 	31	0
1	0	501	1 	23	0
1	0	501	1 	40	0
1	0	502	1 	18	0
1	0	502	1 	19	0
1	0	503	1 	16	0
1	0	503	1 	17	0
1	0	504	1 	18	0
1	0	504	1 	19	0
1	0	505	1 	20	0
1	0	505	1 	21	0
1	0	506	1 	7	0
1	0	506	1 	8	0
1	0	508	1 	26	0
1	0	508	1 	38	0
1	0	509	1 	4	0
1	0	509	1 	5	0
1	0	510	1 	9	0
1	0	510	1 	31	0
1	0	511	1 	1	0
1	0	511	1 	2	0
1	0	512	1 	4	0
1	0	512	1 	5	0
1	0	513	1 	34	0
1	0	513	1 	35	0
1	0	513	2 	7	0
1	0	514	1 	3	0
1	0	514	1 	45	0
1	0	515	1 	7	0
1	0	515	1 	8	0
1	0	516	1 	20	0
1	0	516	1 	21	0
1	0	517	1 	7	0
1	0	517	1 	8	0
1	0	517	2 	23	0
1	0	518	1 	12	0
1	0	518	1 	22	0
1	0	519	1 	13	0
1	0	519	1 	14	0
1	0	520	1 	9	0
1	0	520	1 	31	0
1	0	521	1 	12	0
1	0	521	1 	22	0
1	0	522	1 	9	0
1	0	522	1 	31	0
1	0	523	1 	4	0
1	0	523	1 	5	0
1	0	523	2 	18	0
1	0	524	1 	4	0
1	0	524	1 	5	0
1	0	525	1 	3	0
1	0	525	1 	45	0
1	0	526	1 	46	0
1	0	526	1 	48	0
1	0	527	1 	6	0
1	0	527	1 	44	0
1	0	528	1 	16	0
1	0	528	1 	17	0
1	0	529	1 	7	0
1	0	529	1 	8	0
1	0	530	1 	18	0
1	0	530	1 	19	0
1	0	531	1 	24	0
1	0	531	1 	25	0
1	0	532	1 	1	0
1	0	532	1 	2	0
1	0	533	1 	36	0
1	0	533	1 	37	0
1	0	533	2 	15	0
1	0	535	1 	36	0
1	0	535	1 	37	0
1	0	536	1 	16	0
1	0	536	1 	17	0
1	0	537	1 	24	0
1	0	537	1 	25	0
1	0	538	1 	26	0
1	0	538	1 	38	0
1	0	539	1 	24	0
1	0	539	1 	25	0
1	0	540	1 	7	0
1	0	540	1 	8	0
1	0	541	1 	18	0
1	0	541	1 	19	0
1	0	541	2 	15	0
1	0	542	1 	23	0
1	0	542	1 	40	0
1	0	543	1 	23	0
1	0	543	1 	40	0
1	0	544	1 	10	0
1	0	544	1 	11	0
1	0	544	2 	24	0
1	0	545	1 	29	0
1	0	545	1 	30	0
1	0	546	1 	41	0
1	0	546	1 	47	0
1	0	546	2 	7	0
1	0	547	1 	1	0
1	0	547	1 	2	0
1	0	548	1 	7	0
1	0	548	1 	8	0
1	0	549	1 	12	0
1	0	549	1 	22	0
1	0	549	2 	9	0
1	0	550	1 	4	0
1	0	550	1 	5	0
1	0	552	1 	34	0
1	0	552	1 	35	0
1	0	553	1 	26	0
1	0	553	1 	38	0
1	0	554	1 	4	0
1	0	554	1 	5	0
1	0	555	1 	4	0
1	0	555	1 	5	0
1	0	555	2 	13	0
1	0	556	1 	7	0
1	0	556	1 	8	0
1	0	557	1 	16	0
1	0	557	1 	17	0
1	0	557	2 	20	0
1	0	558	1 	3	0
1	0	558	1 	45	0
1	0	558	2 	4	0
1	0	559	1 	12	0
1	0	559	1 	22	0
1	0	560	1 	4	0
1	0	560	1 	5	0
1	0	561	1 	23	0
1	0	561	1 	40	0
1	0	562	1 	36	0
1	0	562	1 	37	0
1	0	563	1 	34	0
1	0	563	1 	35	0
1	0	563	2 	32	0
1	0	564	1 	20	0
1	0	564	1 	21	0
1	0	565	1 	4	0
1	0	565	1 	5	0
1	0	565	2 	13	0
1	0	566	1 	18	0
1	0	566	1 	19	0
1	0	566	2 	9	0
1	0	567	1 	36	0
1	0	567	1 	37	0
1	0	568	1 	4	0
1	0	568	1 	5	0
1	0	569	1 	10	0
1	0	569	1 	11	0
1	0	570	1 	7	0
1	0	570	1 	8	0
1	0	570	2 	24	0
1	0	571	1 	4	0
1	0	571	1 	5	0
1	0	572	1 	7	0
1	0	572	1 	8	0
1	0	572	2 	23	0
1	0	573	1 	7	0
1	0	573	1 	8	0
1	0	573	2 	23	0
1	0	574	1 	7	0
1	0	574	1 	8	0
1	0	574	2 	24	0
1	0	575	1 	27	0
1	0	575	1 	28	0
1	0	576	1 	36	0
1	0	576	1 	37	0
1	0	577	1 	3	0
1	0	577	1 	45	0
1	0	578	1 	41	0
1	0	578	1 	47	0
1	0	579	1 	9	0
1	0	579	1 	31	0
1	0	579	2 	16	0
1	0	580	1 	10	0
1	0	580	1 	11	0
1	0	580	2 	46	0
1	0	581	1 	20	0
1	0	581	1 	21	0
1	0	582	1 	26	0
1	0	582	1 	38	0
1	0	583	1 	18	0
1	0	583	1 	19	0
1	0	584	1 	24	0
1	0	584	1 	25	0
1	0	585	1 	34	0
1	0	585	1 	35	0
1	0	586	1 	23	0
1	0	586	1 	40	0
1	0	586	2 	24	0
1	0	587	1 	34	0
1	0	587	1 	35	0
1	0	587	2 	24	0
1	0	588	1 	34	0
1	0	588	1 	35	0
1	0	589	1 	20	0
1	0	589	1 	21	0
1	0	590	1 	4	0
1	0	590	1 	5	0
1	0	591	1 	41	0
1	0	591	1 	47	0
1	0	591	2 	34	0
1	0	592	1 	1	0
1	0	592	1 	2	0
1	0	593	1 	29	0
1	0	593	1 	30	0
1	0	594	1 	4	0
1	0	594	1 	5	0
1	0	595	1 	9	0
1	0	595	1 	31	0
1	0	596	1 	6	0
1	0	596	1 	44	0
1	0	596	2 	29	0
1	0	597	1 	20	0
1	0	597	1 	21	0
1	0	598	1 	9	0
1	0	598	1 	31	0
1	0	599	1 	12	0
1	0	599	1 	22	0
1	0	599	2 	41	0
1	0	600	1 	4	0
1	0	600	1 	5	0
1	0	601	1 	4	0
1	0	601	1 	5	0
1	0	602	1 	4	0
1	0	602	1 	5	0
1	0	603	1 	6	0
1	0	603	1 	44	0
1	0	604	1 	6	0
1	0	604	1 	44	0
1	0	604	2 	41	0
1	0	605	1 	1	0
1	0	605	1 	2	0
1	0	606	1 	4	0
1	0	606	1 	5	0
1	0	607	1 	6	0
1	0	607	1 	44	0
1	0	608	1 	46	0
1	0	608	1 	48	0
1	0	609	1 	27	0
1	0	609	1 	28	0
1	0	610	1 	12	0
1	0	610	1 	22	0
1	0	611	1 	34	0
1	0	611	1 	35	0
1	0	611	2 	23	0
1	0	612	1 	4	0
1	0	612	1 	5	0
1	0	613	1 	42	0
1	0	613	1 	43	0
1	0	614	1 	13	0
1	0	614	1 	14	0
1	0	615	1 	7	0
1	0	615	1 	8	0
1	0	616	1 	4	0
1	0	616	1 	5	0
1	0	617	1 	41	0
1	0	617	1 	47	0
1	0	617	2 	7	0
1	0	618	1 	18	0
1	0	618	1 	19	0
1	0	619	1 	27	0
1	0	619	1 	28	0
1	0	619	2 	6	0
1	0	620	1 	16	0
1	0	620	1 	17	0
1	0	621	1 	34	0
1	0	621	1 	35	0
1	0	621	2 	7	0
1	0	622	1 	1	0
1	0	622	1 	2	0
1	0	622	2 	13	0
1	0	623	1 	7	0
1	0	623	1 	8	0
1	0	624	1 	9	0
1	0	624	1 	31	0
1	0	625	1 	4	0
1	0	625	1 	5	0
1	0	625	2 	18	0
1	0	626	1 	20	0
1	0	626	1 	21	0
1	0	627	1 	36	0
1	0	627	1 	37	0
1	0	628	1 	29	0
1	0	628	1 	30	0
1	0	629	1 	20	0
1	0	629	1 	21	0
1	0	630	1 	26	0
1	0	630	1 	38	0
1	0	631	1 	9	0
1	0	631	1 	31	0
1	0	632	1 	7	0
1	0	632	1 	8	0
1	0	633	1 	6	0
1	0	633	1 	44	0
1	0	633	2 	4	0
1	0	634	1 	9	0
1	0	634	1 	31	0
1	0	635	1 	9	0
1	0	635	1 	31	0
1	0	636	1 	7	0
1	0	636	1 	8	0
1	0	637	1 	9	0
1	0	637	1 	31	0
1	0	638	1 	4	0
1	0	638	1 	5	0
1	0	640	1 	24	0
1	0	640	1 	25	0
1	0	641	1 	3	0
1	0	641	1 	45	0
1	0	642	1 	16	0
1	0	642	1 	17	0
1	0	643	1 	20	0
1	0	643	1 	21	0
1	0	643	2 	9	0
1	0	644	1 	3	0
1	0	644	1 	45	0
1	0	646	1 	26	0
1	0	646	1 	38	0
1	0	647	1 	4	0
1	0	647	1 	5	0
1	0	648	1 	26	0
1	0	648	1 	38	0
1	0	649	1 	9	0
1	0	649	1 	31	0
1	0	650	1 	6	0
1	0	650	1 	44	0
1	0	652	1 	4	0
1	0	652	1 	5	0
1	0	653	1 	4	0
1	0	653	1 	5	0
1	0	655	1 	15	0
1	0	655	1 	39	0
1	0	656	1 	34	0
1	0	656	1 	35	0
1	0	657	1 	7	0
1	0	657	1 	8	0
1	0	657	2 	41	0
1	0	658	1 	4	0
1	0	658	1 	5	0
1	0	659	1 	26	0
1	0	659	1 	38	0
1	0	660	1 	27	0
1	0	660	1 	28	0
1	0	660	2 	26	0
1	0	661	1 	20	0
1	0	661	1 	21	0
1	0	661	2 	6	0
1	0	662	1 	16	0
1	0	662	1 	17	0
1	0	664	1 	4	0
1	0	664	1 	5	0
1	0	665	1 	15	0
1	0	665	1 	39	0
1	0	666	1 	26	0
1	0	666	1 	38	0
1	0	667	1 	7	0
1	0	667	1 	8	0
1	0	668	1 	18	0
1	0	668	1 	19	0
1	0	669	1 	18	0
1	0	669	1 	19	0
1	0	670	1 	1	0
1	0	670	1 	2	0
1	0	671	1 	4	0
1	0	671	1 	5	0
1	0	672	1 	4	0
1	0	672	1 	5	0
1	0	673	1 	24	0
1	0	673	1 	25	0
1	0	673	2 	29	0
1	0	674	1 	4	0
1	0	674	1 	5	0
1	0	674	2 	3	0
1	0	675	1 	20	0
1	0	675	1 	21	0
1	0	676	1 	16	0
1	0	676	1 	17	0
1	0	677	1 	24	0
1	0	677	1 	25	0
1	0	678	1 	20	0
1	0	678	1 	21	0
1	0	678	2 	18	0
1	0	679	1 	15	0
1	0	679	1 	39	0
1	0	680	1 	7	0
1	0	680	1 	8	0
1	0	681	1 	1	0
1	0	681	1 	2	0
1	0	682	1 	7	0
1	0	682	1 	8	0
1	0	683	1 	15	0
1	0	683	1 	39	0
1	0	684	1 	20	0
1	0	684	1 	21	0
1	0	684	2 	16	0
1	0	685	1 	26	0
1	0	685	1 	38	0
1	0	686	1 	18	0
1	0	686	1 	19	0
1	0	686	2 	3	0
1	0	687	1 	18	0
1	0	687	1 	19	0
1	0	688	1 	7	0
1	0	688	1 	8	0
1	0	689	1 	4	0
1	0	689	1 	5	0
1	0	690	1 	41	0
1	0	690	1 	47	0
1	0	691	1 	4	0
1	0	691	1 	5	0
1	0	691	2 	3	0
1	0	692	1 	10	0
1	0	692	1 	11	0
1	0	693	1 	29	0
1	0	693	1 	30	0
1	0	693	2 	13	0
1	0	694	1 	7	0
1	0	694	1 	8	0
1	0	695	1 	6	0
1	0	695	1 	44	0
1	0	696	1 	6	0
1	0	696	1 	44	0
1	0	697	1 	41	0
1	0	697	1 	47	0
1	0	697	2 	34	0
1	0	698	1 	4	0
1	0	698	1 	5	0
1	0	698	2 	13	0
1	0	700	1 	4	0
1	0	700	1 	5	0
1	0	701	1 	4	0
1	0	701	1 	5	0
1	0	702	1 	23	0
1	0	702	1 	40	0
1	0	703	1 	1	0
1	0	703	1 	2	0
1	0	704	1 	20	0
1	0	704	1 	21	0
1	0	705	1 	3	0
1	0	705	1 	45	0
1	0	706	1 	12	0
1	0	706	1 	22	0
1	0	707	1 	4	0
1	0	707	1 	5	0
1	0	708	1 	15	0
1	0	708	1 	39	0
1	0	709	1 	1	0
1	0	709	1 	2	0
1	0	710	1 	7	0
1	0	710	1 	8	0
1	0	710	2 	15	0
1	0	711	1 	13	0
1	0	711	1 	14	0
1	0	711	1 	49	0
1	0	712	1 	42	0
1	0	712	1 	43	0
1	0	713	1 	24	0
1	0	713	1 	25	0
1	0	714	1 	24	0
1	0	714	1 	25	0
1	0	715	1 	7	0
1	0	715	1 	8	0
1	0	716	1 	4	0
1	0	716	1 	5	0
1	0	717	1 	4	0
1	0	717	1 	5	0
1	0	718	1 	20	0
1	0	718	1 	21	0
1	0	719	1 	23	0
1	0	719	1 	40	0
1	0	720	1 	1	0
1	0	720	1 	2	0
1	0	721	1 	27	0
1	0	721	1 	28	0
1	0	722	1 	20	0
1	0	722	1 	21	0
1	0	723	1 	29	0
1	0	723	1 	30	0
1	0	724	1 	4	0
1	0	724	1 	5	0
1	0	724	2 	26	0
1	0	725	1 	12	0
1	0	725	1 	22	0
1	0	726	1 	32	0
1	0	726	1 	33	0
1	0	726	2 	34	0
1	0	727	1 	18	0
1	0	727	1 	19	0
1	0	727	2 	13	0
1	0	728	1 	18	0
1	0	728	1 	19	0
1	0	729	1 	4	0
1	0	729	1 	5	0
1	0	730	1 	36	0
1	0	730	1 	37	0
1	0	731	1 	26	0
1	0	731	1 	38	0
1	0	732	1 	4	0
1	0	732	1 	5	0
1	0	733	1 	18	0
1	0	733	1 	19	0
1	0	734	1 	36	0
1	0	734	1 	37	0
1	0	734	2 	1	0
1	0	735	1 	24	0
1	0	735	1 	25	0
1	0	736	1 	9	0
1	0	736	1 	31	0
1	0	737	1 	41	0
1	0	737	1 	47	0
1	0	738	1 	4	0
1	0	738	1 	5	0
1	0	739	1 	4	0
1	0	739	1 	5	0
1	0	740	1 	1	0
1	0	740	1 	2	0
1	0	740	2 	20	0
1	0	741	1 	7	0
1	0	741	1 	8	0
1	0	742	1 	9	0
1	0	742	1 	31	0
1	0	742	2 	16	0
1	0	743	1 	1	0
1	0	743	1 	2	0
1	0	744	1 	4	0
1	0	744	1 	5	0
1	0	744	2 	26	0
1	0	745	1 	3	0
1	0	745	1 	45	0
1	0	746	1 	26	0
1	0	746	1 	38	0
1	0	747	1 	20	0
1	0	747	1 	21	0
1	0	747	2 	29	0
1	0	748	1 	4	0
1	0	748	1 	5	0
1	0	748	2 	18	0
1	0	749	1 	26	0
1	0	749	1 	38	0
1	0	749	2 	27	0
1	0	750	1 	26	0
1	0	750	1 	38	0
1	0	751	1 	26	0
1	0	751	1 	38	0
1	0	751	2 	16	0
1	0	752	1 	20	0
1	0	752	1 	21	0
1	0	753	1 	16	0
1	0	753	1 	17	0
1	0	753	2 	20	0
1	0	754	1 	26	0
1	0	754	1 	38	0
1	0	755	1 	34	0
1	0	755	1 	35	0
1	0	756	1 	32	0
1	0	756	1 	33	0
1	0	758	1 	4	0
1	0	758	1 	5	0
1	0	758	2 	18	0
1	0	759	1 	3	0
1	0	759	1 	45	0
1	0	759	2 	20	0
1	0	760	1 	34	0
1	0	760	1 	35	0
1	0	760	2 	23	0
1	0	761	1 	4	0
1	0	761	1 	5	0
1	0	762	1 	20	0
1	0	762	1 	21	0
1	0	763	1 	36	0
1	0	763	1 	37	0
1	0	764	1 	36	0
1	0	764	1 	37	0
1	0	765	1 	46	0
1	0	765	1 	48	0
1	0	765	2 	15	0
1	0	766	1 	23	0
1	0	766	1 	40	0
1	0	767	1 	23	0
1	0	767	1 	40	0
1	0	768	1 	42	0
1	0	768	1 	43	0
1	0	769	1 	20	0
1	0	769	1 	21	0
1	0	769	2 	18	0
1	0	770	1 	46	0
1	0	770	1 	48	0
1	0	771	1 	3	0
1	0	771	1 	45	0
1	0	772	1 	20	0
1	0	772	1 	21	0
1	0	773	1 	1	0
1	0	773	1 	2	0
1	0	774	1 	16	0
1	0	774	1 	17	0
1	0	774	2 	18	0
1	0	775	1 	13	0
1	0	775	1 	14	0
1	0	776	1 	42	0
1	0	776	1 	43	0
1	0	777	1 	24	0
1	0	777	1 	25	0
1	0	778	1 	4	0
1	0	778	1 	5	0
1	0	779	1 	24	0
1	0	779	1 	25	0
1	0	780	1 	20	0
1	0	780	1 	21	0
1	0	781	1 	36	0
1	0	781	1 	37	0
1	0	782	1 	9	0
1	0	782	1 	31	0
1	0	783	1 	27	0
1	0	783	1 	28	0
1	0	783	2 	20	0
1	0	784	1 	23	0
1	0	784	1 	40	0
1	0	785	1 	23	0
1	0	785	1 	40	0
1	0	785	2 	34	0
1	0	787	1 	42	0
1	0	787	1 	43	0
1	0	787	2 	36	0
1	0	788	1 	7	0
1	0	788	1 	8	0
1	0	789	1 	46	0
1	0	789	1 	48	0
1	0	789	2 	7	0
1	0	790	1 	12	0
1	0	790	1 	22	0
1	0	791	1 	34	0
1	0	791	1 	35	0
1	0	792	1 	15	0
1	0	792	1 	39	0
1	0	793	1 	34	0
1	0	793	1 	35	0
1	0	794	1 	18	0
1	0	794	1 	19	0
1	0	795	1 	4	0
1	0	795	1 	5	0
1	0	797	1 	18	0
1	0	797	1 	19	0
1	0	798	1 	4	0
1	0	798	1 	5	0
1	0	799	1 	16	0
1	0	799	1 	17	0
1	0	799	2 	9	0
1	0	800	1 	24	0
1	0	800	1 	25	0
1	0	800	2 	13	0
1	0	801	1 	26	0
1	0	801	1 	38	0
1	0	802	1 	36	0
1	0	802	1 	37	0
1	0	804	1 	15	0
1	0	804	1 	39	0
1	0	804	2 	7	0
1	0	805	1 	20	0
1	0	805	1 	21	0
1	0	806	1 	9	0
1	0	806	1 	31	0
1	0	807	1 	26	0
1	0	807	1 	38	0
1	0	808	1 	36	0
1	0	808	1 	37	0
1	0	809	1 	13	0
1	0	809	1 	14	0
1	0	810	1 	34	0
1	0	810	1 	35	0
1	0	810	2 	41	0
1	0	811	1 	41	0
1	0	811	1 	47	0
1	0	812	1 	7	0
1	0	812	1 	8	0
1	0	813	1 	1	0
1	0	813	1 	2	0
1	0	814	1 	7	0
1	0	814	1 	8	0
1	0	815	1 	9	0
1	0	815	1 	31	0
1	0	815	2 	16	0
1	0	817	1 	34	0
1	0	817	1 	35	0
1	0	818	1 	1	0
1	0	818	1 	2	0
1	0	819	1 	3	0
1	0	819	1 	45	0
1	0	821	1 	4	0
1	0	821	1 	5	0
1	0	822	1 	41	0
1	0	822	1 	47	0
1	0	823	1 	16	0
1	0	823	1 	17	0
1	0	824	1 	15	0
1	0	824	1 	39	0
1	0	825	1 	16	0
1	0	825	1 	17	0
1	0	825	2 	9	0
1	0	826	1 	16	0
1	0	826	1 	17	0
1	0	826	2 	20	0
1	0	827	1 	1	0
1	0	827	1 	2	0
1	0	827	2 	4	0
1	0	828	1 	9	0
1	0	828	1 	31	0
1	0	828	2 	7	0
1	0	829	1 	13	0
1	0	829	1 	14	0
1	0	830	1 	4	0
1	0	830	1 	5	0
1	0	831	1 	16	0
1	0	831	1 	17	0
1	0	832	1 	6	0
1	0	832	1 	44	0
1	0	833	1 	9	0
1	0	833	1 	31	0
1	0	834	1 	9	0
1	0	834	1 	31	0
1	0	835	1 	16	0
1	0	835	1 	17	0
1	0	836	1 	20	0
1	0	836	1 	21	0
1	0	837	1 	26	0
1	0	837	1 	38	0
1	0	838	1 	20	0
1	0	838	1 	21	0
1	0	839	1 	27	0
1	0	839	1 	28	0
1	0	839	2 	20	0
1	0	840	1 	16	0
1	0	840	1 	17	0
1	0	841	1 	10	0
1	0	841	1 	11	0
1	0	842	1 	1	0
1	0	842	1 	2	0
1	0	842	2 	18	0
1	0	845	1 	15	0
1	0	845	1 	39	0
1	0	846	1 	13	0
1	0	846	1 	14	0
1	0	847	1 	34	0
1	0	847	1 	35	0
1	0	848	1 	4	0
1	0	848	1 	5	0
1	0	848	2 	29	0
1	0	849	1 	4	0
1	0	849	1 	5	0
1	0	850	1 	7	0
1	0	850	1 	8	0
1	0	851	1 	7	0
1	0	851	1 	8	0
1	0	852	1 	41	0
1	0	852	1 	47	0
1	0	853	1 	4	0
1	0	853	1 	5	0
1	0	854	1 	36	0
1	0	854	1 	37	0
1	0	854	2 	46	0
1	0	855	1 	20	0
1	0	855	1 	21	0
1	0	856	1 	18	0
1	0	856	1 	19	0
1	0	856	2 	16	0
1	0	857	1 	7	0
1	0	857	1 	8	0
1	0	858	1 	41	0
1	0	858	1 	47	0
1	0	859	1 	16	0
1	0	859	1 	17	0
1	0	860	1 	24	0
1	0	860	1 	25	0
1	0	861	1 	26	0
1	0	861	1 	38	0
1	0	862	1 	16	0
1	0	862	1 	17	0
1	0	862	2 	1	0
1	0	863	1 	15	0
1	0	863	1 	39	0
1	0	863	2 	7	0
1	0	864	1 	27	0
1	0	864	1 	28	0
1	0	864	2 	16	0
1	0	865	1 	23	0
1	0	865	1 	40	0
1	0	866	1 	20	0
1	0	866	1 	21	0
1	0	867	1 	34	0
1	0	867	1 	35	0
1	0	868	1 	20	0
1	0	868	1 	21	0
1	0	869	1 	26	0
1	0	869	1 	38	0
1	0	870	1 	18	0
1	0	870	1 	19	0
1	0	870	2 	29	0
1	0	871	1 	7	0
1	0	871	1 	8	0
1	0	871	2 	29	0
1	0	872	1 	26	0
1	0	872	1 	38	0
1	0	873	1 	6	0
1	0	873	1 	44	0
1	0	874	1 	1	0
1	0	874	1 	2	0
1	0	875	1 	34	0
1	0	875	1 	35	0
1	0	876	1 	7	0
1	0	876	1 	8	0
1	0	876	2 	41	0
1	0	877	1 	9	0
1	0	877	1 	31	0
1	0	878	1 	9	0
1	0	878	1 	31	0
1	0	878	2 	16	0
1	0	879	1 	26	0
1	0	879	1 	38	0
1	0	880	1 	7	0
1	0	880	1 	8	0
1	0	880	2 	46	0
1	0	881	1 	1	0
1	0	881	1 	2	0
1	0	882	1 	13	0
1	0	882	1 	14	0
1	0	882	2 	4	0
1	0	883	1 	4	0
1	0	883	1 	5	0
1	0	883	2 	26	0
1	0	884	1 	9	0
1	0	884	1 	31	0
1	0	885	1 	27	0
1	0	885	1 	28	0
1	0	885	2 	13	0
1	0	886	1 	18	0
1	0	886	1 	19	0
1	0	887	1 	4	0
1	0	887	1 	5	0
1	0	888	1 	18	0
1	0	888	1 	19	0
1	0	889	1 	9	0
1	0	889	1 	31	0
1	0	890	1 	3	0
1	0	890	1 	45	0
1	0	891	1 	4	0
1	0	891	1 	5	0
1	0	892	1 	4	0
1	0	892	1 	5	0
1	0	893	1 	20	0
1	0	893	1 	21	0
1	0	893	2 	6	0
1	0	894	1 	6	0
1	0	894	1 	44	0
1	0	894	2 	7	0
1	0	895	1 	36	0
1	0	895	1 	37	0
1	0	896	1 	12	0
1	0	896	1 	22	0
1	0	896	2 	46	0
1	0	897	1 	7	0
1	0	897	1 	8	0
1	0	897	2 	10	0
1	0	898	1 	7	0
1	0	898	1 	8	0
1	0	898	2 	32	0
1	0	899	1 	23	0
1	0	899	1 	40	0
1	0	900	1 	7	0
1	0	900	1 	8	0
1	0	900	2 	36	0
1	0	901	1 	15	0
1	0	901	1 	39	0
1	0	901	2 	46	0
1	0	903	1 	20	0
1	0	903	1 	21	0
1	0	903	2 	23	0
1	0	904	1 	34	0
1	0	904	1 	35	0
1	0	905	1 	15	0
1	0	905	1 	39	0
1	0	906	1 	13	0
1	0	906	1 	14	0
1	0	907	1 	4	0
1	0	907	1 	5	0
1	0	908	1 	15	0
1	0	908	1 	39	0
1	0	910	1 	9	0
1	0	910	1 	31	0
1	0	911	1 	10	0
1	0	911	1 	11	0
1	0	912	1 	20	0
1	0	912	1 	21	0
1	0	912	2 	3	0
1	0	913	1 	26	0
1	0	913	1 	38	0
1	0	914	1 	26	0
1	0	914	1 	38	0
1	0	915	1 	3	0
1	0	915	1 	45	0
1	0	916	1 	24	0
1	0	916	1 	25	0
1	0	918	1 	26	0
1	0	918	1 	38	0
1	0	919	1 	18	0
1	0	919	1 	19	0
1	0	920	1 	16	0
1	0	920	1 	17	0
1	0	921	1 	4	0
1	0	921	1 	5	0
1	0	922	1 	3	0
1	0	922	1 	45	0
1	0	923	1 	4	0
1	0	923	1 	5	0
1	0	924	1 	3	0
1	0	924	1 	45	0
1	0	925	1 	36	0
1	0	925	1 	37	0
1	0	926	1 	4	0
1	0	926	1 	5	0
1	0	926	2 	13	0
1	0	927	1 	4	0
1	0	927	1 	5	0
1	0	928	1 	29	0
1	0	928	1 	30	0
1	0	931	1 	15	0
1	0	931	1 	39	0
1	0	932	1 	13	0
1	0	932	1 	14	0
1	0	932	2 	27	0
1	0	933	1 	9	0
1	0	933	1 	31	0
1	0	934	1 	10	0
1	0	934	1 	11	0
1	0	936	1 	9	0
1	0	936	1 	31	0
1	0	937	1 	4	0
1	0	937	1 	5	0
1	0	938	1 	24	0
1	0	938	1 	25	0
1	0	939	1 	13	0
1	0	939	1 	14	0
1	0	940	1 	4	0
1	0	940	1 	5	0
1	0	941	1 	12	0
1	0	941	1 	22	0
1	0	941	2 	23	0
1	0	943	1 	6	0
1	0	943	1 	44	0
1	0	944	1 	4	0
1	0	944	1 	5	0
1	0	945	1 	1	0
1	0	945	1 	2	0
1	0	946	1 	27	0
1	0	946	1 	28	0
1	0	947	1 	42	0
1	0	947	1 	43	0
1	0	948	1 	9	0
1	0	948	1 	31	0
1	0	949	1 	20	0
1	0	949	1 	21	0
1	0	950	1 	9	0
1	0	950	1 	31	0
1	0	951	1 	9	0
1	0	951	1 	31	0
1	0	952	1 	7	0
1	0	952	1 	8	0
1	0	953	1 	4	0
1	0	953	1 	5	0
1	0	954	1 	41	0
1	0	954	1 	47	0
1	0	955	1 	18	0
1	0	955	1 	19	0
1	0	956	1 	7	0
1	0	956	1 	8	0
1	0	956	2 	41	0
1	0	957	1 	34	0
1	0	957	1 	35	0
1	0	958	1 	13	0
1	0	958	1 	14	0
1	0	959	1 	24	0
1	0	959	1 	25	0
1	0	960	1 	15	0
1	0	960	1 	39	0
1	0	961	1 	20	0
1	0	961	1 	21	0
1	0	962	1 	7	0
1	0	962	1 	8	0
1	0	964	1 	7	0
1	0	964	1 	8	0
1	0	964	2 	10	0
1	0	965	1 	42	0
1	0	965	1 	43	0
1	0	966	1 	1	0
1	0	966	1 	2	0
1	0	967	1 	10	0
1	0	967	1 	11	0
1	0	968	1 	15	0
1	0	968	1 	39	0
1	0	970	1 	36	0
1	0	970	1 	37	0
1	0	970	2 	7	0
1	0	971	1 	10	0
1	0	971	1 	11	0
1	0	971	2 	46	0
1	0	972	1 	24	0
1	0	972	1 	25	0
1	0	973	1 	18	0
1	0	973	1 	19	0
1	0	973	2 	29	0
1	0	974	1 	9	0
1	0	974	1 	31	0
1	0	975	1 	23	0
1	0	975	1 	40	0
1	0	978	1 	27	0
1	0	978	1 	28	0
1	0	979	1 	27	0
1	0	979	1 	28	0
1	0	979	2 	4	0
1	0	980	1 	18	0
1	0	980	1 	19	0
1	0	980	2 	13	0
1	0	982	1 	1	0
1	0	982	1 	2	0
1	0	983	1 	7	0
1	0	983	1 	8	0
1	0	984	1 	34	0
1	0	984	1 	35	0
1	0	984	2 	7	0
1	0	985	1 	6	0
1	0	985	1 	44	0
1	0	986	1 	4	0
1	0	986	1 	5	0
1	0	988	1 	13	0
1	0	988	1 	14	0
1	0	988	2 	27	0
1	0	989	1 	42	0
1	0	989	1 	43	0
1	0	989	2 	36	0
1	0	990	1 	7	0
1	0	990	1 	8	0
1	0	991	1 	7	0
1	0	991	1 	8	0
1	0	992	1 	24	0
1	0	992	1 	25	0
1	0	993	1 	24	0
1	0	993	1 	25	0
1	0	993	2 	23	0
1	0	994	1 	18	0
1	0	994	1 	19	0
1	0	995	1 	9	0
1	0	995	1 	31	0
1	0	995	2 	26	0
1	0	996	1 	7	0
1	0	996	1 	8	0
1	0	997	1 	29	0
1	0	997	1 	30	0
1	0	998	1 	15	0
1	0	998	1 	39	0
1	0	999	1 	9	0
1	0	999	1 	31	0
1	0	999	2 	16	0
1	0	1000	1 	4	0
1	0	1000	1 	5	0
1	0	1001	1 	3	0
1	0	1001	1 	45	0
1	0	1002	1 	41	0
1	0	1002	1 	47	0
1	0	1004	1 	1	0
1	0	1004	1 	2	0
1	0	1004	2 	20	0
1	0	1005	1 	10	0
1	0	1005	1 	11	0
1	0	1005	2 	7	0
1	0	1006	1 	6	0
1	0	1006	1 	44	0
1	0	1007	1 	23	0
1	0	1007	1 	40	0
1	0	1008	1 	7	0
1	0	1008	1 	8	0
1	0	1008	2 	36	0
1	0	1009	1 	15	0
1	0	1009	1 	39	0
1	0	1010	1 	23	0
1	0	1010	1 	40	0
1	0	1010	2 	46	0
1	0	1011	1 	9	0
1	0	1011	1 	31	0
1	0	1012	1 	4	0
1	0	1012	1 	5	0
1	0	1013	1 	46	0
1	0	1013	1 	48	0
1	0	1014	1 	3	0
1	0	1014	1 	45	0
1	0	1015	1 	3	0
1	0	1015	1 	45	0
1	0	1016	1 	4	0
1	0	1016	1 	5	0
1	0	1016	2 	13	0
1	0	1017	1 	32	0
1	0	1017	1 	33	0
1	0	1018	1 	34	0
1	0	1018	1 	35	0
1	0	1018	2 	4	0
1	0	1019	1 	3	0
1	0	1019	1 	45	0
1	0	1020	1 	4	0
1	0	1020	1 	5	0
1	0	1020	2 	26	0
1	0	1021	1 	4	0
1	0	1021	1 	5	0
1	0	1021	2 	18	0
1	0	1022	1 	20	0
1	0	1022	1 	21	0
1	0	1023	1 	20	0
1	0	1023	1 	21	0
1	0	1024	1 	41	0
1	0	1024	1 	47	0
1	0	1025	1 	46	0
1	0	1025	1 	48	0
1	0	1026	1 	27	0
1	0	1026	1 	28	0
1	0	1027	1 	12	0
1	0	1027	1 	22	0
1	0	1027	2 	36	0
1	0	1028	1 	1	0
1	0	1028	1 	2	0
1	0	1029	1 	34	0
1	0	1029	1 	35	0
1	0	1030	1 	9	0
1	0	1030	1 	31	0
1	0	1031	1 	26	0
1	0	1031	1 	38	0
1	0	1032	1 	34	0
1	0	1032	1 	35	0
1	0	1032	2 	7	0
1	0	1033	1 	7	0
1	0	1033	1 	8	0
1	0	1034	1 	12	0
1	0	1034	1 	22	0
1	0	1035	1 	20	0
1	0	1035	1 	21	0
1	0	1035	2 	26	0
1	0	1036	1 	20	0
1	0	1036	1 	21	0
1	0	1037	1 	7	0
1	0	1037	1 	8	0
1	0	1038	1 	18	0
1	0	1038	1 	19	0
1	0	1039	1 	6	0
1	0	1039	1 	44	0
1	0	1039	2 	27	0
1	0	1040	1 	18	0
1	0	1040	1 	19	0
1	0	1041	1 	7	0
1	0	1041	1 	8	0
1	0	1042	1 	41	0
1	0	1042	1 	47	0
1	0	1043	1 	18	0
1	0	1043	1 	19	0
1	0	1044	1 	32	0
1	0	1044	1 	33	0
1	0	1045	1 	10	0
1	0	1045	1 	11	0
1	0	1046	1 	7	0
1	0	1046	1 	8	0
1	0	1046	2 	46	0
1	0	1047	1 	27	0
1	0	1047	1 	28	0
1	0	1048	1 	34	0
1	0	1048	1 	35	0
1	0	1049	1 	7	0
1	0	1049	1 	8	0
1	0	1049	2 	10	0
1	0	1050	1 	18	0
1	0	1050	1 	19	0
1	0	1050	2 	9	0
1	0	1051	1 	46	0
1	0	1051	1 	48	0
1	0	1051	2 	10	0
1	0	1052	1 	13	0
1	0	1052	1 	14	0
1	0	1054	1 	18	0
1	0	1054	1 	19	0
1	0	1054	2 	6	0
1	0	1055	1 	20	0
1	0	1055	1 	21	0
1	0	1056	1 	36	0
1	0	1056	1 	37	0
1	0	1057	1 	4	0
1	0	1057	1 	5	0
1	0	1058	1 	4	0
1	0	1058	1 	5	0
1	0	1059	1 	4	0
1	0	1059	1 	5	0
1	0	1060	1 	15	0
1	0	1060	1 	39	0
1	0	1060	2 	7	0
1	0	1062	1 	34	0
1	0	1062	1 	35	0
1	0	1063	1 	9	0
1	0	1063	1 	31	0
1	0	1066	1 	1	0
1	0	1066	1 	2	0
1	0	1067	1 	46	0
1	0	1067	1 	48	0
1	0	1067	2 	7	0
1	0	1068	1 	7	0
1	0	1068	1 	8	0
1	0	1068	2 	46	0
1	0	1069	1 	24	0
1	0	1069	1 	25	0
1	0	1070	1 	36	0
1	0	1070	1 	37	0
1	0	1070	2 	42	0
1	0	1071	1 	4	0
1	0	1071	1 	5	0
1	0	1072	1 	4	0
1	0	1072	1 	5	0
1	0	1073	1 	4	0
1	0	1073	1 	5	0
1	0	1073	2 	18	0
1	0	1074	1 	16	0
1	0	1074	1 	17	0
1	0	1075	1 	3	0
1	0	1075	1 	45	0
1	0	1076	1 	4	0
1	0	1076	1 	5	0
1	0	1076	2 	26	0
1	0	1077	1 	34	0
1	0	1077	1 	35	0
1	0	1078	1 	18	0
1	0	1078	1 	19	0
1	0	1079	1 	34	0
1	0	1079	1 	35	0
1	0	1080	1 	13	0
1	0	1080	1 	14	0
1	0	1081	1 	18	0
1	0	1081	1 	19	0
1	0	1082	1 	1	0
1	0	1082	1 	2	0
1	0	1083	1 	6	0
1	0	1083	1 	44	0
1	0	1084	1 	4	0
1	0	1084	1 	5	0
1	0	1085	1 	24	0
1	0	1085	1 	25	0
1	0	1086	1 	4	0
1	0	1086	1 	5	0
1	0	1087	1 	15	0
1	0	1087	1 	39	0
1	0	1088	1 	41	0
1	0	1088	1 	47	0
1	0	1089	1 	26	0
1	0	1089	1 	38	0
1	0	1090	1 	3	0
1	0	1090	1 	45	0
1	0	1091	1 	4	0
1	0	1091	1 	5	0
1	0	1092	1 	26	0
1	0	1092	1 	38	0
1	0	1092	2 	18	0
1	0	1093	1 	6	0
1	0	1093	1 	44	0
1	0	1094	1 	1	0
1	0	1094	1 	2	0
1	0	1095	1 	7	0
1	0	1095	1 	8	0
1	0	1096	1 	6	0
1	0	1096	1 	44	0
1	0	1097	1 	34	0
1	0	1097	1 	35	0
1	0	1098	1 	18	0
1	0	1098	1 	19	0
1	0	1099	1 	18	0
1	0	1099	1 	19	0
1	0	1100	1 	42	0
1	0	1100	1 	43	0
1	0	1101	1 	23	0
1	0	1101	1 	40	0
1	0	1102	1 	4	0
1	0	1102	1 	5	0
1	0	1103	1 	4	0
1	0	1103	1 	5	0
1	0	1103	2 	20	0
1	0	1104	1 	18	0
1	0	1104	1 	19	0
1	0	1104	2 	4	0
1	0	1105	1 	26	0
1	0	1105	1 	38	0
1	0	1106	1 	34	0
1	0	1106	1 	35	0
1	0	1107	1 	20	0
1	0	1107	1 	21	0
1	0	1108	1 	26	0
1	0	1108	1 	38	0
1	0	1109	1 	9	0
1	0	1109	1 	31	0
1	0	1110	1 	16	0
1	0	1110	1 	17	0
1	0	1111	1 	3	0
1	0	1111	1 	45	0
1	0	1111	2 	18	0
1	0	1112	1 	15	0
1	0	1112	1 	39	0
1	0	1113	1 	23	0
1	0	1113	1 	40	0
1	0	1113	2 	15	0
1	0	1114	1 	18	0
1	0	1114	1 	19	0
1	0	1115	1 	20	0
1	0	1115	1 	21	0
1	0	1116	1 	41	0
1	0	1116	1 	47	0
1	0	1117	1 	42	0
1	0	1117	1 	43	0
1	0	1117	2 	34	0
1	0	1118	1 	41	0
1	0	1118	1 	47	0
1	0	1119	1 	32	0
1	0	1119	1 	33	0
1	0	1121	1 	20	0
1	0	1121	1 	21	0
1	0	1122	1 	4	0
1	0	1122	1 	5	0
1	0	1123	1 	7	0
1	0	1123	1 	8	0
1	0	1124	1 	4	0
1	0	1124	1 	5	0
1	0	1124	2 	3	0
1	0	1126	1 	4	0
1	0	1126	1 	5	0
1	0	1127	1 	18	0
1	0	1127	1 	19	0
1	0	1128	1 	7	0
1	0	1128	1 	8	0
1	0	1129	1 	1	0
1	0	1129	1 	2	0
1	0	1130	1 	4	0
1	0	1130	1 	5	0
1	0	1131	1 	6	0
1	0	1131	1 	44	0
1	0	1132	1 	7	0
1	0	1132	1 	8	0
1	0	1133	1 	4	0
1	0	1133	1 	5	0
1	0	1134	1 	34	0
1	0	1134	1 	35	0
1	0	1136	1 	10	0
1	0	1136	1 	11	0
1	0	1137	1 	15	0
1	0	1137	1 	39	0
1	0	1138	1 	46	0
1	0	1138	1 	48	0
1	0	1138	2 	10	0
1	0	1139	1 	1	0
1	0	1139	1 	2	0
1	0	1140	1 	34	0
1	0	1140	1 	35	0
1	0	1141	1 	9	0
1	0	1141	1 	31	0
1	0	1142	1 	4	0
1	0	1142	1 	5	0
1	0	1143	1 	7	0
1	0	1143	1 	8	0
1	0	1144	1 	20	0
1	0	1144	1 	21	0
1	0	1144	2 	3	0
1	0	1145	1 	26	0
1	0	1145	1 	38	0
1	0	1146	1 	4	0
1	0	1146	1 	5	0
1	0	1147	1 	41	0
1	0	1147	1 	47	0
1	0	1148	1 	36	0
1	0	1148	1 	37	0
1	0	1148	2 	34	0
1	0	1149	1 	1	0
1	0	1149	1 	2	0
1	0	1149	2 	20	0
1	0	1150	1 	34	0
1	0	1150	1 	35	0
1	0	1151	1 	4	0
1	0	1151	1 	5	0
1	0	1152	1 	34	0
1	0	1152	1 	35	0
1	0	1152	2 	36	0
1	0	1153	1 	16	0
1	0	1153	1 	17	0
1	0	1154	1 	26	0
1	0	1154	1 	38	0
1	0	1155	1 	6	0
1	0	1155	1 	44	0
1	0	1157	1 	4	0
1	0	1157	1 	5	0
1	0	1158	1 	15	0
1	0	1158	1 	39	0
1	0	1159	1 	15	0
1	0	1159	1 	39	0
1	0	1159	2 	34	0
1	0	1160	1 	18	0
1	0	1160	1 	19	0
1	0	1161	1 	16	0
1	0	1161	1 	17	0
1	0	1162	1 	3	0
1	0	1162	1 	45	0
1	0	1162	2 	34	0
1	0	1163	1 	18	0
1	0	1163	1 	19	0
1	0	1164	1 	16	0
1	0	1164	1 	17	0
1	0	1164	2 	6	0
1	0	1165	1 	18	0
1	0	1165	1 	19	0
1	0	1166	1 	1	0
1	0	1166	1 	2	0
1	0	1167	1 	4	0
1	0	1167	1 	5	0
1	0	1168	1 	23	0
1	0	1168	1 	40	0
1	0	1168	2 	24	0
1	0	1169	1 	1	0
1	0	1169	1 	2	0
1	0	1170	1 	4	0
1	0	1170	1 	5	0
1	0	1172	1 	24	0
1	0	1172	1 	25	0
1	0	1173	1 	10	0
1	0	1173	1 	11	0
1	0	1173	2 	41	0
1	0	1174	1 	18	0
1	0	1174	1 	19	0
1	0	1174	2 	3	0
1	0	1175	1 	4	0
1	0	1175	1 	5	0
1	0	1175	2 	9	0
1	0	1177	1 	16	0
1	0	1177	1 	17	0
1	0	1178	1 	4	0
1	0	1178	1 	5	0
1	0	1179	1 	15	0
1	0	1179	1 	39	0
1	0	1179	2 	36	0
1	0	1180	1 	15	0
1	0	1180	1 	39	0
1	0	1180	2 	46	0
1	0	1181	1 	15	0
1	0	1181	1 	39	0
1	0	1182	1 	26	0
1	0	1182	1 	38	0
1	0	1183	1 	26	0
1	0	1183	1 	38	0
1	0	1184	1 	7	0
1	0	1184	1 	8	0
1	0	1185	1 	13	0
1	0	1185	1 	14	0
1	0	1186	1 	32	0
1	0	1186	1 	33	0
1	0	1187	1 	18	0
1	0	1187	1 	19	0
1	0	1188	1 	6	0
1	0	1188	1 	44	0
1	0	1189	1 	18	0
1	0	1189	1 	19	0
1	0	1190	1 	18	0
1	0	1190	1 	19	0
1	0	1190	2 	6	0
1	0	1191	1 	34	0
1	0	1191	1 	35	0
1	0	1192	1 	18	0
1	0	1192	1 	19	0
1	0	1193	1 	34	0
1	0	1193	1 	35	0
1	0	1194	1 	20	0
1	0	1194	1 	21	0
1	0	1195	1 	18	0
1	0	1195	1 	19	0
1	0	1196	1 	32	0
1	0	1196	1 	33	0
1	0	1197	1 	9	0
1	0	1197	1 	31	0
1	0	1198	1 	4	0
1	0	1198	1 	5	0
1	0	1199	1 	18	0
1	0	1199	1 	19	0
1	0	1200	1 	7	0
1	0	1200	1 	8	0
1	0	1201	1 	1	0
1	0	1201	1 	2	0
1	0	1201	2 	26	0
1	0	1202	1 	7	0
1	0	1202	1 	8	0
1	0	1203	1 	6	0
1	0	1203	1 	44	0
1	0	1204	1 	32	0
1	0	1204	1 	33	0
1	0	1205	1 	4	0
1	0	1205	1 	5	0
1	0	1206	1 	18	0
1	0	1206	1 	19	0
1	0	1207	1 	9	0
1	0	1207	1 	31	0
1	0	1208	1 	34	0
1	0	1208	1 	35	0
1	0	1208	2 	4	0
1	0	1209	1 	16	0
1	0	1209	1 	17	0
1	0	1209	2 	18	0
1	0	1210	1 	23	0
1	0	1210	1 	40	0
1	0	1210	2 	7	0
1	0	1211	1 	1	0
1	0	1211	1 	2	0
1	0	1212	1 	4	0
1	0	1212	1 	5	0
1	0	1213	1 	36	0
1	0	1213	1 	37	0
1	0	1214	1 	1	0
1	0	1214	1 	2	0
1	0	1215	1 	7	0
1	0	1215	1 	8	0
1	0	1216	1 	26	0
1	0	1216	1 	38	0
1	0	1217	1 	9	0
1	0	1217	1 	31	0
1	0	1218	1 	4	0
1	0	1218	1 	5	0
1	0	1219	1 	20	0
1	0	1219	1 	21	0
1	0	1220	1 	7	0
1	0	1220	1 	8	0
1	0	1221	1 	18	0
1	0	1221	1 	19	0
1	0	1222	1 	23	0
1	0	1222	1 	40	0
1	0	1222	2 	15	0
1	0	1223	1 	18	0
1	0	1223	1 	19	0
1	0	1224	1 	18	0
1	0	1224	1 	19	0
1	0	1225	1 	9	0
1	0	1225	1 	31	0
1	0	1226	1 	4	0
1	0	1226	1 	5	0
1	0	1227	1 	34	0
1	0	1227	1 	35	0
1	0	1228	1 	9	0
1	0	1228	1 	31	0
1	0	1229	1 	27	0
1	0	1229	1 	28	0
1	0	1229	2 	4	0
1	0	1231	1 	18	0
1	0	1231	1 	19	0
1	0	1232	1 	3	0
1	0	1232	1 	45	0
1	0	1232	2 	9	0
1	0	1233	1 	20	0
1	0	1233	1 	21	0
1	0	1234	1 	4	0
1	0	1234	1 	5	0
1	0	1234	2 	6	0
1	0	1235	1 	15	0
1	0	1235	1 	39	0
1	0	1236	1 	20	0
1	0	1236	1 	21	0
1	0	1237	1 	27	0
1	0	1237	1 	28	0
1	0	1238	1 	15	0
1	0	1238	1 	39	0
1	0	1239	1 	7	0
1	0	1239	1 	8	0
1	0	1240	1 	9	0
1	0	1240	1 	31	0
1	0	1241	1 	36	0
1	0	1241	1 	37	0
1	0	1242	1 	9	0
1	0	1242	1 	31	0
1	0	1243	1 	29	0
1	0	1243	1 	30	0
1	0	1244	1 	16	0
1	0	1244	1 	17	0
1	0	1245	1 	27	0
1	0	1245	1 	28	0
1	0	1246	1 	9	0
1	0	1246	1 	31	0
1	0	1247	1 	15	0
1	0	1247	1 	39	0
1	0	1248	1 	29	0
1	0	1248	1 	30	0
1	0	1248	2 	9	0
1	0	1249	1 	26	0
1	0	1249	1 	38	0
1	0	1250	1 	9	0
1	0	1250	1 	31	0
1	0	1251	1 	9	0
1	0	1251	1 	31	0
1	0	1252	1 	29	0
1	0	1252	1 	30	0
1	0	1253	1 	7	0
1	0	1253	1 	8	0
1	0	1253	2 	36	0
1	0	1254	1 	6	0
1	0	1254	1 	44	0
1	0	1254	2 	13	0
1	0	1255	1 	29	0
1	0	1255	1 	30	0
1	0	1256	1 	23	0
1	0	1256	1 	40	0
1	0	1257	1 	27	0
1	0	1257	1 	28	0
1	0	1258	1 	4	0
1	0	1258	1 	5	0
1	0	1259	1 	6	0
1	0	1259	1 	44	0
1	0	1260	1 	15	0
1	0	1260	1 	39	0
1	0	1260	2 	23	0
1	0	1261	1 	4	0
1	0	1261	1 	5	0
1	0	1261	2 	15	0
1	0	1262	1 	4	0
1	0	1262	1 	5	0
1	0	1263	1 	4	0
1	0	1263	1 	5	0
1	0	1264	1 	4	0
1	0	1264	1 	5	0
1	0	1265	1 	7	0
1	0	1265	1 	8	0
1	0	1266	1 	36	0
1	0	1266	1 	37	0
1	0	1267	1 	24	0
1	0	1267	1 	25	0
1	0	1268	1 	24	0
1	0	1268	1 	25	0
1	0	1268	2 	15	0
1	0	1269	1 	1	0
1	0	1269	1 	2	0
1	0	1270	1 	10	0
1	0	1270	1 	11	0
1	0	1271	1 	24	0
1	0	1271	1 	25	0
1	0	1272	1 	36	0
1	0	1272	1 	37	0
1	0	1273	1 	18	0
1	0	1273	1 	19	0
1	0	1273	2 	3	0
1	0	1274	1 	36	0
1	0	1274	1 	37	0
1	0	1275	1 	26	0
1	0	1275	1 	38	0
1	0	1275	2 	13	0
1	0	1276	1 	15	0
1	0	1276	1 	39	0
1	0	1277	1 	15	0
1	0	1277	1 	39	0
1	0	1277	2 	24	0
1	0	1278	1 	29	0
1	0	1278	1 	30	0
1	0	1279	1 	15	0
1	0	1279	1 	39	0
1	0	1281	1 	34	0
1	0	1281	1 	35	0
1	0	1282	1 	32	0
1	0	1282	1 	33	0
1	0	1282	2 	7	0
1	0	1283	1 	3	0
1	0	1283	1 	45	0
1	0	1284	1 	42	0
1	0	1284	1 	43	0
1	0	1284	2 	7	0
1	0	1285	1 	1	0
1	0	1285	1 	2	0
1	0	1286	1 	3	0
1	0	1286	1 	45	0
1	0	1287	1 	18	0
1	0	1287	1 	19	0
1	0	1287	2 	29	0
1	0	1288	1 	4	0
1	0	1288	1 	5	0
1	0	1289	1 	4	0
1	0	1289	1 	5	0
1	0	1290	1 	18	0
1	0	1290	1 	19	0
1	0	1291	1 	16	0
1	0	1291	1 	17	0
1	0	1292	1 	3	0
1	0	1292	1 	45	0
1	0	1293	1 	4	0
1	0	1293	1 	5	0
1	0	1294	1 	7	0
1	0	1294	1 	8	0
1	0	1295	1 	6	0
1	0	1295	1 	44	0
1	0	1296	1 	18	0
1	0	1296	1 	19	0
1	0	1296	2 	4	0
1	0	1297	1 	20	0
1	0	1297	1 	21	0
1	0	1298	1 	15	0
1	0	1298	1 	39	0
1	0	1299	1 	15	0
1	0	1299	1 	39	0
1	0	1299	2 	7	0
1	0	1300	1 	16	0
1	0	1300	1 	17	0
1	0	1301	1 	15	0
1	0	1301	1 	39	0
1	0	1302	1 	9	0
1	0	1302	1 	31	0
1	0	1303	1 	4	0
1	0	1303	1 	5	0
1	0	1304	1 	7	0
1	0	1304	1 	8	0
1	0	1304	2 	34	0
1	0	1305	1 	4	0
1	0	1305	1 	5	0
1	0	1306	1 	20	0
1	0	1306	1 	21	0
1	0	1307	1 	15	0
1	0	1307	1 	39	0
1	0	1308	1 	9	0
1	0	1308	1 	31	0
1	0	1309	1 	41	0
1	0	1309	1 	47	0
1	0	1310	1 	7	0
1	0	1310	1 	8	0
1	0	1311	1 	7	0
1	0	1311	1 	8	0
1	0	1312	1 	13	0
1	0	1312	1 	14	0
1	0	1313	1 	29	0
1	0	1313	1 	30	0
1	0	1313	2 	26	0
1	0	1314	1 	15	0
1	0	1314	1 	39	0
1	0	1314	2 	36	0
1	0	1315	1 	4	0
1	0	1315	1 	5	0
1	0	1315	2 	13	0
1	0	1316	1 	4	0
1	0	1316	1 	5	0
1	0	1317	1 	4	0
1	0	1317	1 	5	0
1	0	1318	1 	20	0
1	0	1318	1 	21	0
1	0	1319	1 	41	0
1	0	1319	1 	47	0
1	0	1319	2 	34	0
1	0	1320	1 	9	0
1	0	1320	1 	31	0
1	0	1320	2 	4	0
1	0	1321	1 	15	0
1	0	1321	1 	39	0
1	0	1322	1 	4	0
1	0	1322	1 	5	0
1	0	1324	1 	4	0
1	0	1324	1 	5	0
1	0	1324	2 	1	0
1	0	1325	1 	36	0
1	0	1325	1 	37	0
1	0	1326	1 	6	0
1	0	1326	1 	44	0
1	0	1327	1 	7	0
1	0	1327	1 	8	0
1	0	1328	1 	4	0
1	0	1328	1 	5	0
1	0	1329	1 	16	0
1	0	1329	1 	17	0
1	0	1330	1 	1	0
1	0	1330	1 	2	0
1	0	1331	1 	6	0
1	0	1331	1 	44	0
1	0	1332	1 	9	0
1	0	1332	1 	31	0
1	0	1333	1 	15	0
1	0	1333	1 	39	0
1	0	1333	2 	41	0
1	0	1334	1 	16	0
1	0	1334	1 	17	0
1	0	1335	1 	12	0
1	0	1335	1 	22	0
1	0	1336	1 	36	0
1	0	1336	1 	37	0
1	0	1337	1 	32	0
1	0	1337	1 	33	0
1	0	1338	1 	7	0
1	0	1338	1 	8	0
1	0	1339	1 	46	0
1	0	1339	1 	48	0
1	0	1340	1 	6	0
1	0	1340	1 	44	0
1	0	1341	1 	23	0
1	0	1341	1 	40	0
1	0	1342	1 	29	0
1	0	1342	1 	30	0
1	0	1343	1 	9	0
1	0	1343	1 	31	0
1	0	1343	2 	16	0
1	0	1344	1 	20	0
1	0	1344	1 	21	0
1	0	1344	2 	4	0
1	0	1345	1 	18	0
1	0	1345	1 	19	0
1	0	1346	1 	34	0
1	0	1346	1 	35	0
1	0	1347	1 	4	0
1	0	1347	1 	5	0
1	0	1348	1 	23	0
1	0	1348	1 	40	0
1	0	1349	1 	7	0
1	0	1349	1 	8	0
1	0	1350	1 	13	0
1	0	1350	1 	14	0
1	0	1351	1 	27	0
1	0	1351	1 	28	0
1	0	1352	1 	41	0
1	0	1352	1 	47	0
1	0	1352	2 	34	0
1	0	1353	1 	18	0
1	0	1353	1 	19	0
1	0	1353	2 	20	0
1	0	1354	1 	3	0
1	0	1354	1 	45	0
1	0	1355	1 	36	0
1	0	1355	1 	37	0
1	0	1356	1 	26	0
1	0	1356	1 	38	0
1	0	1356	2 	1	0
1	0	1357	1 	34	0
1	0	1357	1 	35	0
1	0	1358	1 	41	0
1	0	1358	1 	47	0
1	0	1359	1 	41	0
1	0	1359	1 	47	0
1	0	1360	1 	13	0
1	0	1360	1 	14	0
1	0	1361	1 	13	0
1	0	1361	1 	14	0
1	0	1362	1 	3	0
1	0	1362	1 	45	0
1	0	1363	1 	27	0
1	0	1363	1 	28	0
1	0	1364	1 	9	0
1	0	1364	1 	31	0
1	0	1365	1 	3	0
1	0	1365	1 	45	0
1	0	1366	1 	7	0
1	0	1366	1 	8	0
1	0	1367	1 	34	0
1	0	1367	1 	35	0
1	0	1367	2 	1	0
1	0	1368	1 	13	0
1	0	1368	1 	14	0
1	0	1369	1 	41	0
1	0	1369	1 	47	0
1	0	1370	1 	20	0
1	0	1370	1 	21	0
1	0	1371	1 	41	0
1	0	1371	1 	47	0
1	0	1372	1 	24	0
1	0	1372	1 	25	0
1	0	1373	1 	4	0
1	0	1373	1 	5	0
1	0	1374	1 	7	0
1	0	1374	1 	8	0
1	0	1375	1 	36	0
1	0	1375	1 	37	0
1	0	1377	1 	29	0
1	0	1377	1 	30	0
1	0	1377	2 	7	0
1	0	1378	1 	9	0
1	0	1378	1 	31	0
1	0	1379	1 	15	0
1	0	1379	1 	39	0
1	0	1379	2 	34	0
1	0	1380	1 	18	0
1	0	1380	1 	19	0
1	0	1381	1 	3	0
1	0	1381	1 	45	0
1	0	1382	1 	36	0
1	0	1382	1 	37	0
1	0	1383	1 	18	0
1	0	1383	1 	19	0
1	0	1384	1 	1	0
1	0	1384	1 	2	0
1	0	1385	1 	20	0
1	0	1385	1 	21	0
1	0	1386	1 	13	0
1	0	1386	1 	14	0
1	0	1387	1 	4	0
1	0	1387	1 	5	0
1	0	1388	1 	4	0
1	0	1388	1 	5	0
1	0	1389	1 	4	0
1	0	1389	1 	5	0
1	0	1390	1 	4	0
1	0	1390	1 	5	0
1	0	1390	2 	13	0
1	0	1391	1 	29	0
1	0	1391	1 	30	0
1	0	1392	1 	41	0
1	0	1392	1 	47	0
1	0	1392	2 	34	0
1	0	1393	1 	9	0
1	0	1393	1 	31	0
1	0	1394	1 	6	0
1	0	1394	1 	44	0
1	0	1395	1 	4	0
1	0	1395	1 	5	0
1	0	1396	1 	6	0
1	0	1396	1 	44	0
1	0	1397	1 	46	0
1	0	1397	1 	48	0
1	0	1398	1 	9	0
1	0	1398	1 	31	0
1	0	1398	2 	16	0
1	0	1399	1 	4	0
1	0	1399	1 	5	0
1	0	1399	2 	13	0
1	0	1400	1 	18	0
1	0	1400	1 	19	0
1	0	1400	2 	13	0
1	0	1401	1 	15	0
1	0	1401	1 	39	0
1	0	1401	2 	23	0
1	0	1402	1 	34	0
1	0	1402	1 	35	0
1	0	1403	1 	16	0
1	0	1403	1 	17	0
1	0	1404	1 	7	0
1	0	1404	1 	8	0
1	0	1404	2 	15	0
1	0	1405	1 	26	0
1	0	1405	1 	38	0
1	0	1406	1 	24	0
1	0	1406	1 	25	0
1	0	1407	1 	23	0
1	0	1407	1 	40	0
1	0	1407	2 	46	0
1	0	1408	1 	4	0
1	0	1408	1 	5	0
1	0	1408	2 	9	0
1	0	1409	1 	1	0
1	0	1409	1 	2	0
1	0	1410	1 	7	0
1	0	1410	1 	8	0
1	0	1410	2 	41	0
1	0	1411	1 	26	0
1	0	1411	1 	38	0
1	0	1412	1 	9	0
1	0	1412	1 	31	0
1	0	1412	2 	16	0
1	0	1413	1 	9	0
1	0	1413	1 	31	0
1	0	1414	1 	4	0
1	0	1414	1 	5	0
1	0	1415	1 	10	0
1	0	1415	1 	11	0
1	0	1415	2 	46	0
1	0	1416	1 	29	0
1	0	1416	1 	30	0
1	0	1417	1 	42	0
1	0	1417	1 	43	0
1	0	1417	2 	23	0
1	0	1419	1 	7	0
1	0	1419	1 	8	0
1	0	1420	1 	34	0
1	0	1420	1 	35	0
1	0	1421	1 	4	0
1	0	1421	1 	5	0
1	0	1422	1 	10	0
1	0	1422	1 	11	0
1	0	1423	1 	15	0
1	0	1423	1 	39	0
1	0	1424	1 	6	0
1	0	1424	1 	44	0
1	0	1425	1 	20	0
1	0	1425	1 	21	0
1	0	1426	1 	24	0
1	0	1426	1 	25	0
1	0	1427	1 	46	0
1	0	1427	1 	48	0
1	0	1428	1 	4	0
1	0	1428	1 	5	0
1	0	1429	1 	36	0
1	0	1429	1 	37	0
1	0	1430	1 	36	0
1	0	1430	1 	37	0
1	0	1430	2 	7	0
1	0	1431	1 	18	0
1	0	1431	1 	19	0
1	0	1432	1 	3	0
1	0	1432	1 	45	0
1	0	1433	1 	46	0
1	0	1433	1 	48	0
1	0	1434	1 	24	0
1	0	1434	1 	25	0
1	0	1435	1 	7	0
1	0	1435	1 	8	0
1	0	1436	1 	24	0
1	0	1436	1 	25	0
1	0	1437	1 	1	0
1	0	1437	1 	2	0
1	0	1438	1 	42	0
1	0	1438	1 	43	0
1	0	1439	1 	18	0
1	0	1439	1 	19	0
1	0	1440	1 	42	0
1	0	1440	1 	43	0
1	0	1441	1 	10	0
1	0	1441	1 	11	0
1	0	1442	1 	9	0
1	0	1442	1 	31	0
1	0	1443	1 	18	0
1	0	1443	1 	19	0
1	0	1444	1 	15	0
1	0	1444	1 	39	0
1	0	1445	1 	4	0
1	0	1445	1 	5	0
1	0	1446	1 	18	0
1	0	1446	1 	19	0
1	0	1446	2 	4	0
1	0	1447	1 	18	0
1	0	1447	1 	19	0
1	0	1447	2 	4	0
1	0	1448	1 	13	0
1	0	1448	1 	14	0
1	0	1449	1 	7	0
1	0	1449	1 	8	0
1	0	1449	2 	24	0
1	0	1450	1 	18	0
1	0	1450	1 	19	0
1	0	1451	1 	41	0
1	0	1451	1 	47	0
1	0	1452	1 	18	0
1	0	1452	1 	19	0
1	0	1453	1 	29	0
1	0	1453	1 	30	0
1	0	1454	1 	4	0
1	0	1454	1 	5	0
1	0	1455	1 	4	0
1	0	1455	1 	5	0
1	0	1455	2 	24	0
1	0	1456	1 	29	0
1	0	1456	1 	30	0
1	0	1456	2 	13	0
1	0	1457	1 	13	0
1	0	1457	1 	14	0
1	0	1458	1 	4	0
1	0	1458	1 	5	0
1	0	1459	1 	9	0
1	0	1459	1 	31	0
1	0	1460	1 	9	0
1	0	1460	1 	31	0
1	0	1461	1 	36	0
1	0	1461	1 	37	0
1	0	1462	1 	46	0
1	0	1462	1 	48	0
1	0	1463	1 	7	0
1	0	1463	1 	8	0
1	0	1464	1 	9	0
1	0	1464	1 	31	0
1	0	1464	2 	16	0
1	0	1465	1 	18	0
1	0	1465	1 	19	0
1	0	1465	2 	4	0
1	0	1466	1 	7	0
1	0	1466	1 	8	0
1	0	1467	1 	4	0
1	0	1467	1 	5	0
1	0	1467	2 	13	0
1	0	1468	1 	34	0
1	0	1468	1 	35	0
1	0	1469	1 	27	0
1	0	1469	1 	28	0
1	0	1470	1 	4	0
1	0	1470	1 	5	0
1	0	1470	2 	18	0
1	0	1471	1 	15	0
1	0	1471	1 	39	0
1	0	1471	2 	34	0
1	0	1472	1 	10	0
1	0	1472	1 	11	0
1	0	1473	1 	15	0
1	0	1473	1 	39	0
1	0	1474	1 	41	0
1	0	1474	1 	47	0
1	0	1475	1 	13	0
1	0	1475	1 	14	0
1	0	1476	1 	7	0
1	0	1476	1 	8	0
1	0	1476	2 	42	0
1	0	1477	1 	26	0
1	0	1477	1 	38	0
1	0	1478	1 	24	0
1	0	1478	1 	25	0
1	0	1479	1 	6	0
1	0	1479	1 	44	0
1	0	1479	2 	16	0
1	0	1480	1 	6	0
1	0	1480	1 	44	0
1	0	1480	2 	41	0
1	0	1481	1 	15	0
1	0	1481	1 	39	0
1	0	1481	2 	46	0
1	0	1482	1 	13	0
1	0	1482	1 	14	0
1	0	1482	2 	18	0
1	0	1483	1 	16	0
1	0	1483	1 	17	0
1	0	1483	2 	10	0
1	0	1484	1 	20	0
1	0	1484	1 	21	0
1	0	1486	1 	24	0
1	0	1486	1 	25	0
1	0	1487	1 	42	0
1	0	1487	1 	43	0
1	0	1488	1 	7	0
1	0	1488	1 	8	0
1	0	1488	2 	10	0
1	0	1489	1 	4	0
1	0	1489	1 	5	0
1	0	1489	2 	27	0
1	0	1491	1 	9	0
1	0	1491	1 	31	0
1	0	1491	2 	20	0
1	0	1492	1 	26	0
1	0	1492	1 	38	0
1	0	1493	1 	6	0
1	0	1493	1 	44	0
1	0	1494	1 	4	0
1	0	1494	1 	5	0
1	0	1494	2 	18	0
1	0	1495	1 	29	0
1	0	1495	1 	30	0
1	0	1496	1 	3	0
1	0	1496	1 	45	0
1	0	1497	1 	3	0
1	0	1497	1 	45	0
1	0	1497	2 	16	0
1	0	1498	1 	34	0
1	0	1498	1 	35	0
1	0	1499	1 	3	0
1	0	1499	1 	45	0
1	0	1500	1 	15	0
1	0	1500	1 	39	0
1	0	1500	2 	23	0
1	0	1501	1 	46	0
1	0	1501	1 	48	0
1	0	1502	1 	36	0
1	0	1502	1 	37	0
1	0	1503	1 	27	0
1	0	1503	1 	28	0
1	0	1504	1 	4	0
1	0	1504	1 	5	0
1	0	1504	2 	18	0
1	0	1505	1 	6	0
1	0	1505	1 	44	0
1	0	1506	1 	20	0
1	0	1506	1 	21	0
1	0	1507	1 	20	0
1	0	1507	1 	21	0
1	0	1509	1 	27	0
1	0	1509	1 	28	0
1	0	1510	1 	16	0
1	0	1510	1 	17	0
1	0	1511	1 	15	0
1	0	1511	1 	39	0
1	0	1512	1 	4	0
1	0	1512	1 	5	0
1	0	1513	1 	36	0
1	0	1513	1 	37	0
1	0	1513	2 	7	0
1	0	1514	1 	26	0
1	0	1514	1 	38	0
1	0	1514	2 	27	0
1	0	1515	1 	6	0
1	0	1515	1 	44	0
1	0	1516	1 	1	0
1	0	1516	1 	2	0
1	0	1517	1 	18	0
1	0	1517	1 	19	0
1	0	1519	1 	18	0
1	0	1519	1 	19	0
1	0	1520	1 	34	0
1	0	1520	1 	35	0
1	0	1521	1 	4	0
1	0	1521	1 	5	0
1	0	1522	1 	29	0
1	0	1522	1 	30	0
1	0	1523	1 	15	0
1	0	1523	1 	39	0
1	0	1524	1 	7	0
1	0	1524	1 	8	0
1	0	1524	2 	29	0
1	0	1525	1 	13	0
1	0	1525	1 	14	0
1	0	1526	1 	4	0
1	0	1526	1 	5	0
1	0	1527	1 	10	0
1	0	1527	1 	11	0
1	0	1528	1 	24	0
1	0	1528	1 	25	0
1	0	1529	1 	1	0
1	0	1529	1 	2	0
1	0	1530	1 	7	0
1	0	1530	1 	8	0
1	0	1531	1 	4	0
1	0	1531	1 	5	0
1	0	1531	2 	26	0
1	0	1532	1 	4	0
1	0	1532	1 	5	0
1	0	1533	1 	9	0
1	0	1533	1 	31	0
1	0	1533	2 	3	0
1	0	1534	1 	9	0
1	0	1534	1 	31	0
1	0	1534	2 	18	0
1	0	1535	1 	4	0
1	0	1535	1 	5	0
1	0	1536	1 	41	0
1	0	1536	1 	47	0
1	0	1536	2 	32	0
1	0	1537	1 	20	0
1	0	1537	1 	21	0
1	0	1538	1 	7	0
1	0	1538	1 	8	0
1	0	1538	2 	29	0
1	0	1539	1 	26	0
1	0	1539	1 	38	0
1	0	1540	1 	18	0
1	0	1540	1 	19	0
1	0	1541	1 	46	0
1	0	1541	1 	48	0
1	0	1541	2 	24	0
1	0	1542	1 	41	0
1	0	1542	1 	47	0
1	0	1542	2 	15	0
1	0	1543	1 	18	0
1	0	1543	1 	19	0
1	0	1544	1 	7	0
1	0	1544	1 	8	0
1	0	1545	1 	6	0
1	0	1545	1 	44	0
1	0	1546	1 	20	0
1	0	1546	1 	21	0
1	0	1547	1 	9	0
1	0	1547	1 	31	0
1	0	1547	2 	16	0
1	0	1548	1 	46	0
1	0	1548	1 	48	0
1	0	1549	1 	1	0
1	0	1549	1 	2	0
1	0	1549	2 	42	0
1	0	1550	1 	27	0
1	0	1550	1 	28	0
1	0	1551	1 	18	0
1	0	1551	1 	19	0
1	0	1552	1 	9	0
1	0	1552	1 	31	0
1	0	1553	1 	24	0
1	0	1553	1 	25	0
1	0	1553	2 	32	0
1	0	1554	1 	7	0
1	0	1554	1 	8	0
1	0	1555	1 	24	0
1	0	1555	1 	25	0
1	0	1556	1 	18	0
1	0	1556	1 	19	0
1	0	1556	2 	13	0
1	0	1557	1 	23	0
1	0	1557	1 	40	0
1	0	1557	2 	42	0
1	0	1558	1 	34	0
1	0	1558	1 	35	0
1	0	1558	2 	36	0
1	0	1559	1 	20	0
1	0	1559	1 	21	0
1	0	1560	1 	18	0
1	0	1560	1 	19	0
1	0	1560	2 	9	0
1	0	1562	1 	18	0
1	0	1562	1 	19	0
1	0	1562	2 	9	0
1	0	1563	1 	26	0
1	0	1563	1 	38	0
1	0	1564	1 	4	0
1	0	1564	1 	5	0
1	0	1565	1 	4	0
1	0	1565	1 	5	0
1	0	1566	1 	1	0
1	0	1566	1 	2	0
1	0	1566	2 	26	0
1	0	1567	1 	18	0
1	0	1567	1 	19	0
1	0	1567	2 	4	0
1	0	1568	1 	18	0
1	0	1568	1 	19	0
1	0	1569	1 	7	0
1	0	1569	1 	8	0
1	0	1570	1 	7	0
1	0	1570	1 	8	0
1	0	1571	1 	1	0
1	0	1571	1 	2	0
1	0	1572	1 	18	0
1	0	1572	1 	19	0
1	0	1573	1 	34	0
1	0	1573	1 	35	0
1	0	1574	1 	7	0
1	0	1574	1 	8	0
1	0	1575	1 	4	0
1	0	1575	1 	5	0
1	0	1575	2 	29	0
1	0	1576	1 	26	0
1	0	1576	1 	38	0
1	0	1577	1 	4	0
1	0	1577	1 	5	0
1	0	1578	1 	10	0
1	0	1578	1 	11	0
1	0	1578	2 	46	0
1	0	1579	1 	41	0
1	0	1579	1 	47	0
1	0	1580	1 	18	0
1	0	1580	1 	19	0
1	0	1581	1 	18	0
1	0	1581	1 	19	0
1	0	1582	1 	41	0
1	0	1582	1 	47	0
1	0	1582	2 	7	0
1	0	1583	1 	41	0
1	0	1583	1 	47	0
1	0	1584	1 	34	0
1	0	1584	1 	35	0
1	0	1585	1 	18	0
1	0	1585	1 	19	0
1	0	1586	1 	9	0
1	0	1586	1 	31	0
1	0	1587	1 	7	0
1	0	1587	1 	8	0
1	0	1587	2 	41	0
1	0	1588	1 	26	0
1	0	1588	1 	38	0
1	0	1589	1 	4	0
1	0	1589	1 	5	0
1	0	1590	1 	4	0
1	0	1590	1 	5	0
1	0	1591	1 	41	0
1	0	1591	1 	47	0
1	0	1592	1 	36	0
1	0	1592	1 	37	0
1	0	1592	2 	34	0
1	0	1593	1 	1	0
1	0	1593	1 	2	0
1	0	1594	1 	4	0
1	0	1594	1 	5	0
1	0	1595	1 	24	0
1	0	1595	1 	25	0
1	0	1596	1 	36	0
1	0	1596	1 	37	0
1	0	1597	1 	26	0
1	0	1597	1 	38	0
1	0	1598	1 	34	0
1	0	1598	1 	35	0
1	0	1598	2 	46	0
1	0	1599	1 	46	0
1	0	1599	1 	48	0
1	0	1599	2 	10	0
1	0	1600	1 	3	0
1	0	1600	1 	45	0
1	0	1601	1 	46	0
1	0	1601	1 	48	0
1	0	1601	2 	10	0
1	0	1602	1 	3	0
1	0	1602	1 	45	0
1	0	1602	2 	18	0
1	0	1603	1 	6	0
1	0	1603	1 	44	0
1	0	1604	1 	10	0
1	0	1604	1 	11	0
1	0	1605	1 	26	0
1	0	1605	1 	38	0
1	0	1605	2 	20	0
1	0	1606	1 	1	0
1	0	1606	1 	2	0
1	0	1607	1 	6	0
1	0	1607	1 	44	0
1	0	1607	2 	27	0
1	0	1608	1 	6	0
1	0	1608	1 	44	0
1	0	1609	1 	7	0
1	0	1609	1 	8	0
1	0	1609	2 	15	0
1	0	1610	1 	41	0
1	0	1610	1 	47	0
1	0	1610	2 	24	0
1	0	1611	1 	23	0
1	0	1611	1 	40	0
1	0	1612	1 	9	0
1	0	1612	1 	31	0
1	0	1613	1 	13	0
1	0	1613	1 	14	0
1	0	1614	1 	15	0
1	0	1614	1 	39	0
1	0	1614	2 	36	0
1	0	1615	1 	4	0
1	0	1615	1 	5	0
1	0	1616	1 	18	0
1	0	1616	1 	19	0
1	0	1617	1 	13	0
1	0	1617	1 	14	0
1	0	1618	1 	32	0
1	0	1618	1 	33	0
1	0	1619	1 	9	0
1	0	1619	1 	31	0
1	0	1620	1 	23	0
1	0	1620	1 	40	0
1	0	1620	2 	41	0
1	0	1621	1 	34	0
1	0	1621	1 	35	0
1	0	1622	1 	16	0
1	0	1622	1 	17	0
1	0	1623	1 	4	0
1	0	1623	1 	5	0
1	0	1624	1 	4	0
1	0	1624	1 	5	0
1	0	1624	2 	16	0
1	0	1625	1 	9	0
1	0	1625	1 	31	0
1	0	1626	1 	46	0
1	0	1626	1 	48	0
1	0	1627	1 	12	0
1	0	1627	1 	22	0
1	0	1628	1 	10	0
1	0	1628	1 	11	0
1	0	1629	1 	9	0
1	0	1629	1 	31	0
1	0	1630	1 	20	0
1	0	1630	1 	21	0
1	0	1631	1 	29	0
1	0	1631	1 	30	0
1	0	1632	1 	3	0
1	0	1632	1 	45	0
1	0	1633	1 	16	0
1	0	1633	1 	17	0
1	0	1634	1 	34	0
1	0	1634	1 	35	0
1	0	1634	2 	7	0
1	0	1636	1 	26	0
1	0	1636	1 	38	0
1	0	1637	1 	26	0
1	0	1637	1 	38	0
1	0	1638	1 	15	0
1	0	1638	1 	39	0
1	0	1639	1 	34	0
1	0	1639	1 	35	0
1	0	1640	1 	26	0
1	0	1640	1 	38	0
1	0	1641	1 	18	0
1	0	1641	1 	19	0
1	0	1642	1 	15	0
1	0	1642	1 	39	0
1	0	1643	1 	10	0
1	0	1643	1 	11	0
1	0	1646	1 	24	0
1	0	1646	1 	25	0
1	0	1647	1 	23	0
1	0	1647	1 	40	0
1	0	1648	1 	46	0
1	0	1648	1 	48	0
1	0	1649	1 	15	0
1	0	1649	1 	39	0
1	0	1650	1 	27	0
1	0	1650	1 	28	0
1	0	1650	2 	18	0
1	0	1651	1 	3	0
1	0	1651	1 	45	0
1	0	1651	2 	29	0
1	0	1652	1 	4	0
1	0	1652	1 	5	0
1	0	1652	2 	20	0
1	0	1653	1 	7	0
1	0	1653	1 	8	0
1	0	1653	2 	32	0
1	0	1654	1 	46	0
1	0	1654	1 	48	0
1	0	1654	2 	7	0
1	0	1655	1 	6	0
1	0	1655	1 	44	0
1	0	1656	1 	36	0
1	0	1656	1 	37	0
1	0	1657	1 	3	0
1	0	1657	1 	45	0
1	0	1658	1 	3	0
1	0	1658	1 	45	0
1	0	1659	1 	16	0
1	0	1659	1 	17	0
1	0	1660	1 	18	0
1	0	1660	1 	19	0
1	0	1661	1 	7	0
1	0	1661	1 	8	0
1	0	1661	2 	9	0
1	0	1662	1 	15	0
1	0	1662	1 	39	0
1	0	1663	1 	20	0
1	0	1663	1 	21	0
1	0	1664	1 	18	0
1	0	1664	1 	19	0
1	0	1665	1 	15	0
1	0	1665	1 	39	0
1	0	1666	1 	4	0
1	0	1666	1 	5	0
1	0	1667	1 	1	0
1	0	1667	1 	2	0
1	0	1668	1 	4	0
1	0	1668	1 	5	0
1	0	1669	1 	13	0
1	0	1669	1 	14	0
1	0	1670	1 	9	0
1	0	1670	1 	31	0
1	0	1671	1 	6	0
1	0	1671	1 	44	0
1	0	1672	1 	7	0
1	0	1672	1 	8	0
1	0	1673	1 	32	0
1	0	1673	1 	33	0
1	0	1674	1 	4	0
1	0	1674	1 	5	0
1	0	1675	1 	15	0
1	0	1675	1 	39	0
1	0	1676	1 	9	0
1	0	1676	1 	31	0
1	0	1677	1 	46	0
1	0	1677	1 	48	0
1	0	1677	2 	34	0
1	0	1678	1 	24	0
1	0	1678	1 	25	0
1	0	1679	1 	18	0
1	0	1679	1 	19	0
1	0	1680	1 	36	0
1	0	1680	1 	37	0
1	0	1681	1 	18	0
1	0	1681	1 	19	0
1	0	1681	2 	27	0
1	0	1682	1 	42	0
1	0	1682	1 	43	0
1	0	1682	2 	24	0
1	0	1683	1 	27	0
1	0	1683	1 	28	0
1	0	1684	1 	15	0
1	0	1684	1 	39	0
1	0	1684	2 	7	0
1	0	1685	1 	6	0
1	0	1685	1 	44	0
1	0	1686	1 	29	0
1	0	1686	1 	30	0
1	0	1687	1 	4	0
1	0	1687	1 	5	0
1	0	1688	1 	9	0
1	0	1688	1 	31	0
1	0	1689	1 	6	0
1	0	1689	1 	44	0
1	0	1690	1 	9	0
1	0	1690	1 	31	0
1	0	1691	1 	41	0
1	0	1691	1 	47	0
1	0	1691	2 	7	0
1	0	1692	1 	9	0
1	0	1692	1 	31	0
1	0	1693	1 	34	0
1	0	1693	1 	35	0
1	0	1694	1 	20	0
1	0	1694	1 	21	0
1	0	1695	1 	9	0
1	0	1695	1 	31	0
1	0	1696	1 	34	0
1	0	1696	1 	35	0
1	0	1697	1 	24	0
1	0	1697	1 	25	0
1	0	1698	1 	20	0
1	0	1698	1 	21	0
1	0	1699	1 	4	0
1	0	1699	1 	5	0
1	0	1700	1 	36	0
1	0	1700	1 	37	0
1	0	1701	1 	23	0
1	0	1701	1 	40	0
1	0	1702	1 	15	0
1	0	1702	1 	39	0
1	0	1702	2 	34	0
1	0	1703	1 	7	0
1	0	1703	1 	8	0
1	0	1704	1 	20	0
1	0	1704	1 	21	0
1	0	1705	1 	4	0
1	0	1705	1 	5	0
1	0	1706	1 	23	0
1	0	1706	1 	40	0
1	0	1707	1 	41	0
1	0	1707	1 	47	0
1	0	1707	2 	15	0
1	0	1709	1 	7	0
1	0	1709	1 	8	0
1	0	1709	2 	34	0
1	0	1710	1 	10	0
1	0	1710	1 	11	0
1	0	1711	1 	29	0
1	0	1711	1 	30	0
1	0	1713	1 	26	0
1	0	1713	1 	38	0
1	0	1714	1 	7	0
1	0	1714	1 	8	0
1	0	1715	1 	24	0
1	0	1715	1 	25	0
1	0	1716	1 	3	0
1	0	1716	1 	45	0
1	0	1718	1 	27	0
1	0	1718	1 	28	0
1	0	1718	2 	29	0
1	0	1719	1 	18	0
1	0	1719	1 	19	0
1	0	1720	1 	36	0
1	0	1720	1 	37	0
1	0	1721	1 	18	0
1	0	1721	1 	19	0
1	0	1722	1 	7	0
1	0	1722	1 	8	0
1	0	1723	1 	24	0
1	0	1723	1 	25	0
1	0	1724	1 	1	0
1	0	1724	1 	2	0
1	0	1725	1 	18	0
1	0	1725	1 	19	0
1	0	1726	1 	15	0
1	0	1726	1 	39	0
1	0	1727	1 	36	0
1	0	1727	1 	37	0
1	0	1728	1 	9	0
1	0	1728	1 	31	0
1	0	1729	1 	34	0
1	0	1729	1 	35	0
1	0	1729	2 	42	0
1	0	1730	1 	3	0
1	0	1730	1 	45	0
1	0	1731	1 	26	0
1	0	1731	1 	38	0
1	0	1732	1 	1	0
1	0	1732	1 	2	0
1	0	1733	1 	34	0
1	0	1733	1 	35	0
1	0	1733	2 	36	0
1	0	1734	1 	4	0
1	0	1734	1 	5	0
1	0	1735	1 	4	0
1	0	1735	1 	5	0
1	0	1736	1 	7	0
1	0	1736	1 	8	0
1	0	1737	1 	7	0
1	0	1737	1 	8	0
1	0	1738	1 	15	0
1	0	1738	1 	39	0
1	0	1739	1 	34	0
1	0	1739	1 	35	0
1	0	1740	1 	10	0
1	0	1740	1 	11	0
1	0	1741	1 	7	0
1	0	1741	1 	8	0
1	0	1742	1 	1	0
1	0	1742	1 	2	0
1	0	1742	2 	20	0
1	0	1743	1 	1	0
1	0	1743	1 	2	0
1	0	1744	1 	26	0
1	0	1744	1 	38	0
1	0	1745	1 	4	0
1	0	1745	1 	5	0
1	0	1746	1 	7	0
1	0	1746	1 	8	0
1	0	1747	1 	18	0
1	0	1747	1 	19	0
1	0	1748	1 	26	0
1	0	1748	1 	38	0
1	0	1748	2 	13	0
1	0	1749	1 	4	0
1	0	1749	1 	5	0
1	0	1750	1 	7	0
1	0	1750	1 	8	0
1	0	1750	2 	36	0
1	0	1751	1 	26	0
1	0	1751	1 	38	0
1	0	1752	1 	15	0
1	0	1752	1 	39	0
1	0	1753	1 	26	0
1	0	1753	1 	38	0
1	0	1754	1 	4	0
1	0	1754	1 	5	0
1	0	1754	2 	3	0
1	0	1755	1 	9	0
1	0	1755	1 	31	0
1	0	1756	1 	9	0
1	0	1756	1 	31	0
1	0	1757	1 	4	0
1	0	1757	1 	5	0
1	0	1758	1 	18	0
1	0	1758	1 	19	0
1	0	1759	1 	15	0
1	0	1759	1 	39	0
1	0	1760	1 	23	0
1	0	1760	1 	40	0
1	0	1761	1 	4	0
1	0	1761	1 	5	0
1	0	1761	2 	18	0
1	0	1762	1 	18	0
1	0	1762	1 	19	0
1	0	1763	1 	9	0
1	0	1763	1 	31	0
1	0	1764	1 	42	0
1	0	1764	1 	43	0
1	0	1764	2 	34	0
1	0	1765	1 	4	0
1	0	1765	1 	5	0
1	0	1766	1 	42	0
1	0	1766	1 	43	0
1	0	1767	1 	6	0
1	0	1767	1 	44	0
1	0	1768	1 	34	0
1	0	1768	1 	35	0
1	0	1769	1 	7	0
1	0	1769	1 	8	0
1	0	1770	1 	32	0
1	0	1770	1 	33	0
1	0	1771	1 	20	0
1	0	1771	1 	21	0
1	0	1772	1 	6	0
1	0	1772	1 	44	0
1	0	1773	1 	9	0
1	0	1773	1 	31	0
1	0	1773	2 	26	0
1	0	1774	1 	1	0
1	0	1774	1 	2	0
1	0	1774	2 	42	0
1	0	1775	1 	4	0
1	0	1775	1 	5	0
1	0	1776	1 	46	0
1	0	1776	1 	48	0
1	0	1777	1 	9	0
1	0	1777	1 	31	0
1	0	1777	2 	18	0
1	0	1778	1 	4	0
1	0	1778	1 	5	0
1	0	1779	1 	16	0
1	0	1779	1 	17	0
1	0	1780	1 	34	0
1	0	1780	1 	35	0
1	0	1781	1 	9	0
1	0	1781	1 	31	0
1	0	1782	1 	24	0
1	0	1782	1 	25	0
1	0	1783	1 	32	0
1	0	1783	1 	33	0
1	0	1785	1 	34	0
1	0	1785	1 	35	0
1	0	1786	1 	4	0
1	0	1786	1 	5	0
1	0	1787	1 	9	0
1	0	1787	1 	31	0
1	0	1788	1 	7	0
1	0	1788	1 	8	0
1	0	1788	2 	46	0
1	0	1789	1 	26	0
1	0	1789	1 	38	0
1	0	1790	1 	9	0
1	0	1790	1 	31	0
1	0	1791	1 	13	0
1	0	1791	1 	14	0
1	0	1792	1 	15	0
1	0	1792	1 	39	0
1	0	1793	1 	26	0
1	0	1793	1 	38	0
1	0	1793	2 	6	0
1	0	1794	1 	4	0
1	0	1794	1 	5	0
1	0	1794	2 	20	0
1	0	1795	1 	4	0
1	0	1795	1 	5	0
1	0	1796	1 	26	0
1	0	1796	1 	38	0
1	0	1798	1 	26	0
1	0	1798	1 	38	0
1	0	1799	1 	18	0
1	0	1799	1 	19	0
1	0	1800	1 	6	0
1	0	1800	1 	44	0
1	0	1801	1 	3	0
1	0	1801	1 	45	0
1	0	1802	1 	29	0
1	0	1802	1 	30	0
1	0	1803	1 	13	0
1	0	1803	1 	14	0
1	0	1804	1 	4	0
1	0	1804	1 	5	0
1	0	1805	1 	34	0
1	0	1805	1 	35	0
1	0	1805	2 	7	0
1	0	1806	1 	6	0
1	0	1806	1 	44	0
1	0	1807	1 	18	0
1	0	1807	1 	19	0
1	0	1808	1 	4	0
1	0	1808	1 	5	0
1	0	1809	1 	24	0
1	0	1809	1 	25	0
1	0	1810	1 	4	0
1	0	1810	1 	5	0
1	0	1811	1 	7	0
1	0	1811	1 	8	0
1	0	1812	1 	3	0
1	0	1812	1 	45	0
1	0	1813	1 	10	0
1	0	1813	1 	11	0
1	0	1814	1 	12	0
1	0	1814	1 	22	0
1	0	1815	1 	29	0
1	0	1815	1 	30	0
1	0	1816	1 	42	0
1	0	1816	1 	43	0
1	0	1817	1 	4	0
1	0	1817	1 	5	0
1	0	1818	1 	18	0
1	0	1818	1 	19	0
1	0	1818	2 	27	0
1	0	1819	1 	18	0
1	0	1819	1 	19	0
1	0	1820	1 	42	0
1	0	1820	1 	43	0
1	0	1821	1 	34	0
1	0	1821	1 	35	0
1	0	1822	1 	26	0
1	0	1822	1 	38	0
1	0	1823	1 	12	0
1	0	1823	1 	22	0
1	0	1824	1 	18	0
1	0	1824	1 	19	0
1	0	1825	1 	4	0
1	0	1825	1 	5	0
1	0	1826	1 	15	0
1	0	1826	1 	39	0
1	0	1827	1 	6	0
1	0	1827	1 	44	0
1	0	1828	1 	26	0
1	0	1828	1 	38	0
1	0	1829	1 	41	0
1	0	1829	1 	47	0
1	0	1829	2 	34	0
1	0	1830	1 	9	0
1	0	1830	1 	31	0
1	0	1831	1 	10	0
1	0	1831	1 	11	0
1	0	1832	1 	24	0
1	0	1832	1 	25	0
1	0	1833	1 	4	0
1	0	1833	1 	5	0
1	0	1834	1 	9	0
1	0	1834	1 	31	0
1	0	1835	1 	36	0
1	0	1835	1 	37	0
1	0	1835	2 	46	0
1	0	1836	1 	9	0
1	0	1836	1 	31	0
1	0	1836	2 	20	0
1	0	1837	1 	15	0
1	0	1837	1 	39	0
1	0	1837	2 	32	0
1	0	1838	1 	18	0
1	0	1838	1 	19	0
1	0	1838	2 	13	0
1	0	1839	1 	4	0
1	0	1839	1 	5	0
1	0	1840	1 	26	0
1	0	1840	1 	38	0
1	0	1841	1 	4	0
1	0	1841	1 	5	0
1	0	1842	1 	41	0
1	0	1842	1 	47	0
1	0	1843	1 	34	0
1	0	1843	1 	35	0
1	0	1844	1 	3	0
1	0	1844	1 	45	0
1	0	1845	1 	12	0
1	0	1845	1 	22	0
1	0	1846	1 	34	0
1	0	1846	1 	35	0
1	0	1847	1 	34	0
1	0	1847	1 	35	0
1	0	1848	1 	16	0
1	0	1848	1 	17	0
1	0	1848	2 	9	0
1	0	1849	1 	34	0
1	0	1849	1 	35	0
1	0	1850	1 	13	0
1	0	1850	1 	14	0
1	0	1851	1 	9	0
1	0	1851	1 	31	0
1	0	1852	1 	7	0
1	0	1852	1 	8	0
1	0	1852	2 	36	0
1	0	1853	1 	7	0
1	0	1853	1 	8	0
1	0	1854	1 	4	0
1	0	1854	1 	5	0
1	0	1855	1 	4	0
1	0	1855	1 	5	0
1	0	1856	1 	4	0
1	0	1856	1 	5	0
1	0	1857	1 	9	0
1	0	1857	1 	31	0
1	0	1858	1 	16	0
1	0	1858	1 	17	0
1	0	1858	2 	9	0
1	0	1859	1 	9	0
1	0	1859	1 	31	0
1	0	1859	2 	4	0
1	0	1861	1 	9	0
1	0	1861	1 	31	0
1	0	1862	1 	6	0
1	0	1862	1 	44	0
1	0	1862	2 	9	0
1	0	1863	1 	23	0
1	0	1863	1 	40	0
1	0	1864	1 	13	0
1	0	1864	1 	14	0
1	0	1864	2 	4	0
1	0	1865	1 	7	0
1	0	1865	1 	8	0
1	0	1865	2 	6	0
1	0	1866	1 	26	0
1	0	1866	1 	38	0
1	0	1867	1 	26	0
1	0	1867	1 	38	0
1	0	1868	1 	1	0
1	0	1868	1 	2	0
1	0	1869	1 	24	0
1	0	1869	1 	25	0
1	0	1870	1 	27	0
1	0	1870	1 	28	0
1	0	1871	1 	4	0
1	0	1871	1 	5	0
1	0	1872	1 	32	0
1	0	1872	1 	33	0
1	0	1872	2 	23	0
1	0	1873	1 	18	0
1	0	1873	1 	19	0
1	0	1874	1 	34	0
1	0	1874	1 	35	0
1	0	1875	1 	27	0
1	0	1875	1 	28	0
1	0	1875	2 	18	0
1	0	1876	1 	18	0
1	0	1876	1 	19	0
1	0	1877	1 	7	0
1	0	1877	1 	8	0
1	0	1877	2 	23	0
1	0	1878	1 	13	0
1	0	1878	1 	14	0
1	0	1879	1 	9	0
1	0	1879	1 	31	0
1	0	1880	1 	27	0
1	0	1880	1 	28	0
1	0	1881	1 	29	0
1	0	1881	1 	30	0
1	0	1882	1 	34	0
1	0	1882	1 	35	0
1	0	1883	1 	4	0
1	0	1883	1 	5	0
1	0	1884	1 	27	0
1	0	1884	1 	28	0
1	0	1884	2 	13	0
1	0	1885	1 	10	0
1	0	1885	1 	11	0
1	0	1886	1 	4	0
1	0	1886	1 	5	0
1	0	1887	1 	15	0
1	0	1887	1 	39	0
1	0	1888	1 	4	0
1	0	1888	1 	5	0
1	0	1888	2 	6	0
1	0	1889	1 	46	0
1	0	1889	1 	48	0
1	0	1890	1 	41	0
1	0	1890	1 	47	0
1	0	1890	2 	7	0
1	0	1891	1 	24	0
1	0	1891	1 	25	0
1	0	1892	1 	32	0
1	0	1892	1 	33	0
1	0	1893	1 	20	0
1	0	1893	1 	21	0
1	0	1894	1 	9	0
1	0	1894	1 	31	0
1	0	1895	1 	18	0
1	0	1895	1 	19	0
1	0	1895	2 	1	0
1	0	1896	1 	15	0
1	0	1896	1 	39	0
1	0	1896	2 	23	0
1	0	1897	1 	9	0
1	0	1897	1 	31	0
1	0	1898	1 	4	0
1	0	1898	1 	5	0
1	0	1899	1 	4	0
1	0	1899	1 	5	0
1	0	1900	1 	9	0
1	0	1900	1 	31	0
1	0	1901	1 	46	0
1	0	1901	1 	48	0
1	0	1901	2 	10	0
1	0	1902	1 	7	0
1	0	1902	1 	8	0
1	0	1903	1 	4	0
1	0	1903	1 	5	0
1	0	1904	1 	7	0
1	0	1904	1 	8	0
1	0	1906	1 	4	0
1	0	1906	1 	5	0
1	0	1907	1 	4	0
1	0	1907	1 	5	0
1	0	1908	1 	23	0
1	0	1908	1 	40	0
1	0	1908	2 	27	0
1	0	1909	1 	9	0
1	0	1909	1 	31	0
1	0	1910	1 	4	0
1	0	1910	1 	5	0
1	0	1911	1 	9	0
1	0	1911	1 	31	0
1	0	1913	1 	4	0
1	0	1913	1 	5	0
1	0	1914	1 	1	0
1	0	1914	1 	2	0
1	0	1915	1 	24	0
1	0	1915	1 	25	0
1	0	1916	1 	7	0
1	0	1916	1 	8	0
1	0	1917	1 	29	0
1	0	1917	1 	30	0
1	0	1917	2 	3	0
1	0	1918	1 	15	0
1	0	1918	1 	39	0
1	0	1918	2 	23	0
1	0	1919	1 	23	0
1	0	1919	1 	40	0
1	0	1919	2 	15	0
1	0	1920	1 	20	0
1	0	1920	1 	21	0
1	0	1922	1 	4	0
1	0	1922	1 	5	0
1	0	1923	1 	7	0
1	0	1923	1 	8	0
1	0	1923	2 	24	0
1	0	1924	1 	26	0
1	0	1924	1 	38	0
1	0	1924	2 	9	0
1	0	1925	1 	16	0
1	0	1925	1 	17	0
1	0	1926	1 	7	0
1	0	1926	1 	8	0
1	0	1927	1 	9	0
1	0	1927	1 	31	0
1	0	1928	1 	46	0
1	0	1928	1 	48	0
1	0	1929	1 	9	0
1	0	1929	1 	31	0
1	0	1929	2 	29	0
1	0	1930	1 	15	0
1	0	1930	1 	39	0
1	0	1931	1 	15	0
1	0	1931	1 	39	0
1	0	1932	1 	18	0
1	0	1932	1 	19	0
1	0	1933	1 	26	0
1	0	1933	1 	38	0
1	0	1934	1 	4	0
1	0	1934	1 	5	0
1	0	1935	1 	3	0
1	0	1935	1 	45	0
1	0	1936	1 	6	0
1	0	1936	1 	44	0
1	0	1937	1 	12	0
1	0	1937	1 	22	0
1	0	1937	2 	10	0
1	0	1938	1 	13	0
1	0	1938	1 	14	0
1	0	1939	1 	34	0
1	0	1939	1 	35	0
1	0	1940	1 	26	0
1	0	1940	1 	38	0
1	0	1941	1 	29	0
1	0	1941	1 	30	0
1	0	1942	1 	41	0
1	0	1942	1 	47	0
1	0	1942	2 	10	0
1	0	1943	1 	18	0
1	0	1943	1 	19	0
1	0	1944	1 	15	0
1	0	1944	1 	39	0
1	0	1945	1 	7	0
1	0	1945	1 	8	0
1	0	1946	1 	9	0
1	0	1946	1 	31	0
1	0	1947	1 	6	0
1	0	1947	1 	44	0
1	0	1947	2 	9	0
1	0	1948	1 	6	0
1	0	1948	1 	44	0
1	0	1948	2 	12	0
1	0	1949	1 	15	0
1	0	1949	1 	39	0
1	0	1950	1 	20	0
1	0	1950	1 	21	0
1	0	1950	2 	4	0
1	0	1951	1 	4	0
1	0	1951	1 	5	0
1	0	1952	1 	20	0
1	0	1952	1 	21	0
1	0	1954	1 	18	0
1	0	1954	1 	19	0
1	0	1955	1 	15	0
1	0	1955	1 	39	0
1	0	1956	1 	9	0
1	0	1956	1 	31	0
1	0	1957	1 	9	0
1	0	1957	1 	31	0
1	0	1958	1 	18	0
1	0	1958	1 	19	0
1	0	1959	1 	18	0
1	0	1959	1 	19	0
1	0	1960	1 	7	0
1	0	1960	1 	8	0
1	0	1961	1 	4	0
1	0	1961	1 	5	0
1	0	1962	1 	26	0
1	0	1962	1 	38	0
1	0	1963	1 	16	0
1	0	1963	1 	17	0
1	0	1963	2 	20	0
1	0	1964	1 	15	0
1	0	1964	1 	39	0
1	0	1965	1 	7	0
1	0	1965	1 	8	0
1	0	1965	2 	36	0
1	0	1966	1 	4	0
1	0	1966	1 	5	0
1	0	1966	2 	13	0
1	0	1967	1 	42	0
1	0	1967	1 	43	0
1	0	1967	2 	29	0
1	0	1968	1 	4	0
1	0	1968	1 	5	0
1	0	1968	2 	13	0
1	0	1969	1 	16	0
1	0	1969	1 	17	0
1	0	1969	2 	26	0
1	0	1970	1 	9	0
1	0	1970	1 	31	0
1	0	1970	2 	18	0
1	0	1971	1 	7	0
1	0	1971	1 	8	0
1	0	1971	2 	24	0
1	0	1972	1 	34	0
1	0	1972	1 	35	0
1	0	1973	1 	27	0
1	0	1973	1 	28	0
1	0	1974	1 	1	0
1	0	1974	1 	2	0
1	0	1975	1 	12	0
1	0	1975	1 	22	0
1	0	1976	1 	4	0
1	0	1976	1 	5	0
1	0	1977	1 	4	0
1	0	1977	1 	5	0
1	0	1978	1 	4	0
1	0	1978	1 	5	0
1	0	1979	1 	9	0
1	0	1979	1 	31	0
1	0	1980	1 	29	0
1	0	1980	1 	30	0
1	0	1981	1 	6	0
1	0	1981	1 	44	0
1	0	1982	1 	23	0
1	0	1982	1 	40	0
1	0	1983	1 	4	0
1	0	1983	1 	5	0
1	0	1984	1 	18	0
1	0	1984	1 	19	0
1	0	1984	2 	4	0
1	0	1985	1 	18	0
1	0	1985	1 	19	0
1	0	1986	1 	12	0
1	0	1986	1 	22	0
1	0	1987	1 	12	0
1	0	1987	1 	22	0
1	0	1988	1 	32	0
1	0	1988	1 	33	0
1	0	1989	1 	23	0
1	0	1989	1 	40	0
1	0	1990	1 	24	0
1	0	1990	1 	25	0
1	0	1991	1 	16	0
1	0	1991	1 	17	0
1	0	1992	1 	10	0
1	0	1992	1 	11	0
1	0	1993	1 	7	0
1	0	1993	1 	8	0
1	0	1994	1 	12	0
1	0	1994	1 	22	0
1	0	1995	1 	26	0
1	0	1995	1 	38	0
1	0	1995	2 	1	0
1	0	1996	1 	34	0
1	0	1996	1 	35	0
1	0	1998	1 	9	0
1	0	1998	1 	31	0
1	0	1999	1 	7	0
1	0	1999	1 	8	0
1	0	2000	1 	42	0
1	0	2000	1 	43	0
1	0	2001	1 	15	0
1	0	2001	1 	39	0
1	0	2001	2 	10	0
1	0	2002	1 	32	0
1	0	2002	1 	33	0
1	0	2003	1 	24	0
1	0	2003	1 	25	0
1	0	2004	1 	6	0
1	0	2004	1 	44	0
1	0	2005	1 	9	0
1	0	2005	1 	31	0
1	0	2006	1 	16	0
1	0	2006	1 	17	0
1	0	2007	1 	7	0
1	0	2007	1 	8	0
1	0	2008	1 	41	0
1	0	2008	1 	47	0
1	0	2009	1 	1	0
1	0	2009	1 	2	0
1	0	2010	1 	7	0
1	0	2010	1 	8	0
1	0	2011	1 	24	0
1	0	2011	1 	25	0
1	0	2013	1 	15	0
1	0	2013	1 	39	0
1	0	2014	1 	4	0
1	0	2014	1 	5	0
1	0	2015	1 	4	0
1	0	2015	1 	5	0
1	0	2016	1 	6	0
1	0	2016	1 	44	0
1	0	2016	2 	9	0
1	0	2017	1 	20	0
1	0	2017	1 	21	0
1	0	2018	1 	7	0
1	0	2018	1 	8	0
1	0	2019	1 	4	0
1	0	2019	1 	5	0
1	0	2020	1 	4	0
1	0	2020	1 	5	0
1	0	2022	1 	36	0
1	0	2022	1 	37	0
1	0	2023	1 	4	0
1	0	2023	1 	5	0
1	0	2024	1 	13	0
1	0	2024	1 	14	0
1	0	2025	1 	15	0
1	0	2025	1 	39	0
1	0	2026	1 	13	0
1	0	2026	1 	14	0
1	0	2027	1 	6	0
1	0	2027	1 	44	0
1	0	2028	1 	4	0
1	0	2028	1 	5	0
1	0	2028	2 	26	0
1	0	2029	1 	34	0
1	0	2029	1 	35	0
1	0	2029	2 	36	0
