area_id	name	level	
0	 	0
1	広庭	1
2	星屑の小川	2
3	枯れた土地	3
4	護りの森	5
5	星屑の山	6
6	王城前	0
7	地下牢	4
8	兵舎	4
9	農作業の手伝い	0
10	大廊下	4
11	女神の園	2
12	大草原	1
13	先見の塔	4
14	小さな屋敷	4
15	研究棟	4
16	地下水路	2
17	訓練場	3
18	二階廊下	4
19	妖精の森	5
20	調理場	4
21	グリーンパレス	5
22	アクアパレス	2
23	三階廊下	4
24	ドラゴンマウンテン	6
25	裏庭	1
26	大礼拝堂	4
27	天蓋庭園	6
28	荒野	3
29	街	1
